{
"type": "FeatureCollection",
"name": "center_line2",
"crs": { "type": "name", "properties": { "name": "urn:ogc:def:crs:OGC:1.3:CRS84" } },
"features": [
{ "type": "Feature", "properties": { "crossid": 1, "id": 1, "type": 1, "length": 4204.0, "preid1": 0, "preid2": 0, "preid3": 0, "nextid1": 5, "nextid2": 6, "nextid3": 7 }, "geometry": { "type": "LineString", "coordinates": [ [ 120.644319, 31.4184315 ], [ 120.6443355, 31.4184545 ], [ 120.6443525, 31.4184775 ], [ 120.644369, 31.4185005 ], [ 120.644386, 31.4185235 ], [ 120.6444025, 31.4185465 ], [ 120.644419, 31.4185695 ], [ 120.6444355, 31.4185925 ], [ 120.644452, 31.4186155 ], [ 120.644469, 31.4186385 ], [ 120.6444855, 31.4186615 ], [ 120.644502, 31.4186845 ], [ 120.644519, 31.4187075 ], [ 120.6445355, 31.4187305 ], [ 120.6445525, 31.4187535 ] ] } },
{ "type": "Feature", "properties": { "crossid": 1, "id": 5, "type": 2, "length": 3382.0, "preid1": 1, "preid2": 0, "preid3": 0, "nextid1": 11, "nextid2": 0, "nextid3": 0 }, "geometry": { "type": "LineString", "coordinates": [ [ 120.644552536515931, 31.418753505669788 ], [ 120.644577596755553, 31.418783861532617 ], [ 120.64459488259871, 31.418801103247823 ], [ 120.64461262998671, 31.418815947072897 ], [ 120.644630838920392, 31.418828395009108 ], [ 120.64464951040199, 31.418838446058416 ], [ 120.644668643430634, 31.41884610022003 ], [ 120.64468823800722, 31.418851358494841 ], [ 120.644708296135533, 31.418854218886135 ], [ 120.644718498405936, 31.418854750624902 ], [ 120.644739325949232, 31.418855477751183 ], [ 120.644759301937512, 31.418853421399451 ], [ 120.644781481159768, 31.41884934541654 ], [ 120.644803954146624, 31.418841377053575 ], [ 120.644827152364641, 31.418830709728965 ], [ 120.644852709879061, 31.418818665383093 ] ] } },
{ "type": "Feature", "properties": { "crossid": 1, "id": 6, "type": 2, "length": 3206.0, "preid1": 1, "preid2": null, "preid3": null, "nextid1": 10, "nextid2": null, "nextid3": null }, "geometry": { "type": "LineString", "coordinates": [ [ 120.6445525, 31.4187535 ], [ 120.644570319143028, 31.418776276840674 ], [ 120.644587939941033, 31.418795370420099 ], [ 120.644605502106018, 31.418810929930213 ], [ 120.644623145350067, 31.418823104563014 ], [ 120.644641009385182, 31.418832043510449 ], [ 120.644659233923448, 31.418837895964494 ], [ 120.644677958676866, 31.418840811117111 ], [ 120.644697323357434, 31.418840938160258 ], [ 120.644717467677225, 31.418838426285898 ], [ 120.644738531348281, 31.418833424686003 ], [ 120.644760654082603, 31.418826082552535 ], [ 120.644783975592233, 31.418816549077455 ], [ 120.644808635589243, 31.418804973452733 ], [ 120.644834773785632, 31.418791504870335 ] ] } },
{ "type": "Feature", "properties": { "crossid": 1, "id": 7, "type": 2, "length": 3733.0, "preid1": 1, "preid2": null, "preid3": null, "nextid1": 12, "nextid2": null, "nextid3": null }, "geometry": { "type": "LineString", "coordinates": [ [ 120.6445525, 31.4187535 ], [ 120.644572965296902, 31.418780538557449 ], [ 120.644592943195676, 31.41880457016083 ], [ 120.644612637839799, 31.418825557722901 ], [ 120.64463225337289, 31.418843464156478 ], [ 120.644651993938339, 31.418858252374317 ], [ 120.644672063679749, 31.418869885289229 ], [ 120.644692666740639, 31.418878325813978 ], [ 120.644714007264469, 31.418883536861355 ], [ 120.644736289394785, 31.418885481344141 ], [ 120.644759717275079, 31.418884122175108 ], [ 120.644784495048896, 31.418879422267061 ], [ 120.644810826859725, 31.418871344532768 ], [ 120.644838916851114, 31.418859851885014 ], [ 120.644868969166552, 31.418844907236586 ] ] } },
{ "type": "Feature", "properties": { "crossid": 1, "id": 10, "type": 3, "length": 4126.0, "preid1": 0, "preid2": 0, "preid3": 0, "nextid1": 0, "nextid2": 0, "nextid3": 0 }, "geometry": { "type": "LineString", "coordinates": [ [ 120.644834773785632, 31.418791504870335 ], [ 120.64487441199104, 31.418770518745909 ], [ 120.644929801952742, 31.418740802233611 ], [ 120.644984052505777, 31.418711545160299 ], [ 120.645091205926661, 31.418654026427831 ], [ 120.64520269265833, 31.418594267572576 ] ] } },
{ "type": "Feature", "properties": { "crossid": 1, "id": 11, "type": 3, "length": 4104.0, "preid1": 5, "preid2": 0, "preid3": 0, "nextid1": 0, "nextid2": 0, "nextid3": 0 }, "geometry": { "type": "LineString", "coordinates": [ [ 120.644852709879061, 31.418818669973156 ], [ 120.644892513886276, 31.418797588889745 ], [ 120.644946635796458, 31.41876858910225 ], [ 120.645000849594354, 31.418739203386021 ], [ 120.645106569565684, 31.418682438133459 ], [ 120.645218351545978, 31.418622030388605 ] ] } },
{ "type": "Feature", "properties": { "crossid": 1, "id": 12, "type": 3, "length": 4100.0, "preid1": 0, "preid2": 0, "preid3": 0, "nextid1": 0, "nextid2": 0, "nextid3": 0 }, "geometry": { "type": "LineString", "coordinates": [ [ 120.644868969166552, 31.418844907236586 ], [ 120.644911507092871, 31.418822049420214 ], [ 120.644964103666211, 31.418793876622971 ], [ 120.645018887167851, 31.418764362263726 ], [ 120.645126009957181, 31.418706877260355 ], [ 120.645234376783861, 31.418648514119266 ] ] } },
{ "type": "Feature", "properties": { "crossid": 50, "id": 50, "type": 1, "length": 3490.0, "preid1": 0, "preid2": 0, "preid3": 0, "nextid1": 0, "nextid2": 0, "nextid3": 0 }, "geometry": { "type": "LineString", "coordinates": [ [ 120.645352543672573, 31.418519715370891 ], [ 120.645628693908023, 31.418366893036392 ], [ 120.645661120611777, 31.418349286579158 ] ] } },
{ "type": "Feature", "properties": { "crossid": 50, "id": 51, "type": 1, "length": 3517.0, "preid1": 0, "preid2": 0, "preid3": 0, "nextid1": 56, "nextid2": 57, "nextid3": 0 }, "geometry": { "type": "LineString", "coordinates": [ [ 120.645365544053135, 31.418545735033742 ], [ 120.64564311591009, 31.418395972459102 ], [ 120.645678715089048, 31.418376932470942 ] ] } },
{ "type": "Feature", "properties": { "crossid": 50, "id": 52, "type": 1, "length": 3517.0, "preid1": 0, "preid2": 0, "preid3": 0, "nextid1": 0, "nextid2": 0, "nextid3": 0 }, "geometry": { "type": "LineString", "coordinates": [ [ 120.645379001097524, 31.418572567811061 ], [ 120.645653115910093, 31.418425972459101 ], [ 120.645692863280729, 31.418404740985622 ] ] } },
{ "type": "Feature", "properties": { "crossid": 50, "id": 56, "type": 2, "length": 4912.0, "preid1": 51, "preid2": null, "preid3": null, "nextid1": 61, "nextid2": null, "nextid3": null }, "geometry": { "type": "LineString", "coordinates": [ [ 120.645678715089048, 31.418376932470942 ], [ 120.645722250636013, 31.418353327386242 ], [ 120.645759954871764, 31.418332619052897 ], [ 120.645792802258569, 31.418314329510192 ], [ 120.645821767258951, 31.418297980797465 ], [ 120.645847824335092, 31.41828309495401 ], [ 120.645871947949459, 31.418269194019146 ], [ 120.645895112564361, 31.418255800032185 ], [ 120.645918292642151, 31.418242435032425 ], [ 120.645942462645195, 31.418228621059193 ], [ 120.645968597035818, 31.418213880151775 ], [ 120.645997670276415, 31.418197734349505 ], [ 120.646030656829311, 31.418179705691685 ], [ 120.646068531156843, 31.418159316217615 ], [ 120.646112267721406, 31.418136087966623 ] ] } },
{ "type": "Feature", "properties": { "crossid": 50, "id": 57, "type": 2, "length": 4877.0, "preid1": 51, "preid2": null, "preid3": null, "nextid1": 62, "nextid2": null, "nextid3": null }, "geometry": { "type": "LineString", "coordinates": [ [ 120.645678715089048, 31.418376932470942 ], [ 120.645722495704916, 31.418353734819235 ], [ 120.645760832715283, 31.418334192052892 ], [ 120.645794633174418, 31.418317694628918 ], [ 120.645824804136666, 31.418303633004392 ], [ 120.645852252656198, 31.418291397636327 ], [ 120.645877885787343, 31.418280378981773 ], [ 120.645902610584415, 31.418269967497768 ], [ 120.645927334101614, 31.418259553641334 ], [ 120.645952963393256, 31.41824852786953 ], [ 120.645980405513569, 31.41823628063938 ], [ 120.646010567516868, 31.418222202407925 ], [ 120.646044356457423, 31.418205683632216 ], [ 120.646082679389494, 31.418186114769263 ], [ 120.646126443367365, 31.418162886276132 ] ] } },
{ "type": "Feature", "properties": { "crossid": 50, "id": 60, "type": 3, "length": 7860.0, "preid1": 0, "preid2": 0, "preid3": 0, "nextid1": 0, "nextid2": 0, "nextid3": 0 }, "geometry": { "type": "LineString", "coordinates": [ [ 120.646094722387744, 31.41811127447842 ], [ 120.646124398033706, 31.418095572787927 ], [ 120.64615089803371, 31.418081072787928 ], [ 120.646177898033699, 31.418066572787929 ], [ 120.646204398033703, 31.41805207278793 ], [ 120.646230898033707, 31.41803807278793 ], [ 120.646257402689542, 31.418023096792453 ], [ 120.646283898033715, 31.418008572787929 ], [ 120.64631122333553, 31.417993647617632 ], [ 120.646336756815941, 31.41797987739691 ], [ 120.646365333814146, 31.417965165729242 ], [ 120.646392278786919, 31.417951322370477 ], [ 120.646419216376472, 31.417936735539804 ], [ 120.646447006716954, 31.417922708405456 ], [ 120.646473231387674, 31.417908378860606 ], [ 120.646500029339975, 31.417894976563247 ], [ 120.646527224215347, 31.41788037516093 ], [ 120.646552257922039, 31.417867524190338 ], [ 120.646580908430508, 31.417852739012439 ], [ 120.646607632872573, 31.417839116184382 ], [ 120.646634996951889, 31.41782491908835 ], [ 120.646661302516051, 31.417812619444518 ], [ 120.646688423881201, 31.417797687246146 ], [ 120.64671565835323, 31.417784563794054 ], [ 120.646742106185428, 31.417770674326363 ], [ 120.646800975672647, 31.417743353680361 ] ] } },
{ "type": "Feature", "properties": { "crossid": 50, "id": 61, "type": 3, "length": 7799.0, "preid1": 56, "preid2": 0, "preid3": 0, "nextid1": 0, "nextid2": 0, "nextid3": 0 }, "geometry": { "type": "LineString", "coordinates": [ [ 120.646112267721406, 31.418136087966623 ], [ 120.646147, 31.4181175 ], [ 120.646174, 31.4181035 ], [ 120.6462005, 31.418089 ], [ 120.646227, 31.4180745 ], [ 120.646254, 31.4180605 ], [ 120.646281, 31.418046 ], [ 120.646308, 31.418032 ], [ 120.6463345, 31.418018 ], [ 120.646361, 31.418003 ], [ 120.646388, 31.417989 ], [ 120.646415, 31.417975 ], [ 120.6464415, 31.41796 ], [ 120.646468, 31.417946 ], [ 120.646495, 31.417931 ], [ 120.646522, 31.417917 ], [ 120.6465485, 31.417903 ], [ 120.6465755, 31.417889 ], [ 120.6466025, 31.417875 ], [ 120.6466295, 31.417861 ], [ 120.6466565, 31.417847 ], [ 120.646684, 31.417833 ], [ 120.6467105, 31.417819 ], [ 120.646737421948075, 31.417806440437374 ], [ 120.646764919648177, 31.41779294765298 ], [ 120.646812847143835, 31.417770674326363 ] ] } },
{ "type": "Feature", "properties": { "crossid": 50, "id": 62, "type": 3, "length": 7787.0, "preid1": 57, "preid2": 0, "preid3": 0, "nextid1": 0, "nextid2": 0, "nextid3": 0 }, "geometry": { "type": "LineString", "coordinates": [ [ 120.646126443367365, 31.418162886276132 ], [ 120.6461585, 31.418145 ], [ 120.6461855, 31.418131 ], [ 120.6462115, 31.418117 ], [ 120.6462385, 31.4181025 ], [ 120.6462655, 31.4180885 ], [ 120.6462925, 31.418074 ], [ 120.6463195, 31.41806 ], [ 120.6463465, 31.418046 ], [ 120.646373, 31.4180315 ], [ 120.6464, 31.418017 ], [ 120.6464265, 31.418003 ], [ 120.6464535, 31.4179885 ], [ 120.64648, 31.4179745 ], [ 120.646507, 31.4179595 ], [ 120.6465335, 31.4179455 ], [ 120.6465605, 31.4179315 ], [ 120.6465875, 31.417917 ], [ 120.6466145, 31.417903 ], [ 120.6466415, 31.417889 ], [ 120.6466685, 31.417875 ], [ 120.6466955, 31.417861 ], [ 120.6467225, 31.417847 ], [ 120.6467495, 31.4178335 ], [ 120.646777, 31.4178205 ], [ 120.646801474342666, 31.417809208830448 ], [ 120.646825856975283, 31.417797832349475 ] ] } },
{ "type": "Feature", "properties": { "crossid": 100, "id": 100, "type": 1, "length": 7860.0, "preid1": 0, "preid2": 0, "preid3": 0, "nextid1": 0, "nextid2": 0, "nextid3": 0 }, "geometry": { "type": "LineString", "coordinates": [ [ 120.648547548437918, 31.416874617188693 ], [ 120.648574500810824, 31.416860045634539 ], [ 120.6486011591428, 31.416845621100855 ], [ 120.648628920128289, 31.416830755505767 ], [ 120.648657342705903, 31.416816404482319 ], [ 120.64868341295599, 31.416802568030512 ], [ 120.648708674593507, 31.41678931966058 ], [ 120.648736141538066, 31.416774380555257 ], [ 120.6487641965645, 31.416759331184579 ], [ 120.648790119794128, 31.41674578877371 ], [ 120.648815984085161, 31.416731952321911 ], [ 120.648842862947859, 31.416718115870104 ], [ 120.648871064994765, 31.416703176764777 ], [ 120.648898311408615, 31.416689266802734 ], [ 120.64892585186341, 31.416674989289518 ], [ 120.648953392318191, 31.416660432307012 ], [ 120.648977845343126, 31.416646963406375 ], [ 120.649006120900253, 31.416632171321517 ], [ 120.649031235517313, 31.416619878584633 ], [ 120.649059364053969, 31.416605307030487 ], [ 120.649087492590638, 31.416591470578677 ], [ 120.649114812514725, 31.416577781147339 ], [ 120.649141779459285, 31.416564018205769 ], [ 120.649167629178677, 31.416549755264196 ], [ 120.64919465506182, 31.416536139343091 ], [ 120.649223592211058, 31.416519965135421 ], [ 120.649252635923958, 31.41650474526034 ] ] } },
{ "type": "Feature", "properties": { "crossid": 100, "id": 101, "type": 1, "length": 7795.0, "preid1": 0, "preid2": 0, "preid3": 0, "nextid1": 0, "nextid2": 0, "nextid3": 0 }, "geometry": { "type": "LineString", "coordinates": [ [ 120.6485655, 31.416898 ], [ 120.6485925, 31.416884 ], [ 120.6486195, 31.41687 ], [ 120.6486465, 31.416856 ], [ 120.6486735, 31.416842 ], [ 120.6487005, 31.416828 ], [ 120.6487275, 31.416814 ], [ 120.648754, 31.4168 ], [ 120.648781, 31.416786 ], [ 120.648808, 31.416772 ], [ 120.6488345, 31.416758 ], [ 120.6488615, 31.416744 ], [ 120.6488885, 31.41673 ], [ 120.6489155, 31.416716 ], [ 120.6489425, 31.4167015 ], [ 120.6489695, 31.416687 ], [ 120.6489965, 31.416673 ], [ 120.6490235, 31.416659 ], [ 120.6490505, 31.416645 ], [ 120.6490775, 31.416631 ], [ 120.6491045, 31.416617 ], [ 120.6491315, 31.416603 ], [ 120.649158, 31.416589 ], [ 120.6491845, 31.416574 ], [ 120.6492115, 31.41656 ], [ 120.6492385, 31.4165455 ], [ 120.649265, 31.4165315 ] ] } },
{ "type": "Feature", "properties": { "crossid": 100, "id": 102, "type": 1, "length": 7797.0, "preid1": 0, "preid2": 0, "preid3": 0, "nextid1": 105, "nextid2": 106, "nextid3": 107 }, "geometry": { "type": "LineString", "coordinates": [ [ 120.648583, 31.4169225 ], [ 120.64861, 31.4169085 ], [ 120.648637, 31.4168945 ], [ 120.648664, 31.4168805 ], [ 120.648691, 31.4168665 ], [ 120.648718, 31.4168525 ], [ 120.648745, 31.4168385 ], [ 120.6487715, 31.4168245 ], [ 120.6487985, 31.4168105 ], [ 120.6488255, 31.4167965 ], [ 120.6488525, 31.4167825 ], [ 120.6488795, 31.4167685 ], [ 120.6489065, 31.4167545 ], [ 120.6489335, 31.4167405 ], [ 120.6489605, 31.416726 ], [ 120.6489875, 31.416712 ], [ 120.6490145, 31.416698 ], [ 120.649041, 31.416684 ], [ 120.649068, 31.41667 ], [ 120.649095, 31.416656 ], [ 120.649122, 31.416642 ], [ 120.649149, 31.416628 ], [ 120.649176, 31.416614 ], [ 120.6492025, 31.416599 ], [ 120.6492295, 31.416585 ], [ 120.6492565, 31.416571 ], [ 120.6492835, 31.416557 ] ] } },
{ "type": "Feature", "properties": { "crossid": 100, "id": 103, "type": 1, "length": 7774.0, "preid1": 0, "preid2": 0, "preid3": 0, "nextid1": 0, "nextid2": 0, "nextid3": 0 }, "geometry": { "type": "LineString", "coordinates": [ [ 120.6485955934169, 31.416948975340077 ], [ 120.648622323782604, 31.4169353779617 ], [ 120.64864964370669, 31.416921835550831 ], [ 120.648675934487486, 31.416907999099021 ], [ 120.648702225268295, 31.416894162647214 ], [ 120.64872972896795, 31.416879591093064 ], [ 120.648756534320384, 31.416865570865671 ], [ 120.648783633713748, 31.416851366862694 ], [ 120.648812791393709, 31.41683606020619 ], [ 120.648838, 31.416823 ], [ 120.648865, 31.416809 ], [ 120.648892, 31.416795 ], [ 120.648919, 31.416781 ], [ 120.648946, 31.416767 ], [ 120.648973, 31.416753 ], [ 120.649, 31.416739 ], [ 120.649027, 31.416725 ], [ 120.6490535, 31.416711 ], [ 120.6490805, 31.416697 ], [ 120.6491075, 31.416683 ], [ 120.6491345, 31.4166695 ], [ 120.6491615, 31.4166555 ], [ 120.649188636262011, 31.416641296706331 ], [ 120.6492155, 31.416627 ], [ 120.649243, 31.4166135 ], [ 120.649269379079698, 31.416599568668005 ], [ 120.649295813947973, 31.416587183600704 ] ] } },
{ "type": "Feature", "properties": { "crossid": 100, "id": 105, "type": 2, "length": 5970.0, "preid1": 102, "preid2": null, "preid3": null, "nextid1": 110, "nextid2": null, "nextid3": null }, "geometry": { "type": "LineString", "coordinates": [ [ 120.6492835, 31.416557 ], [ 120.649335773215469, 31.416528892299418 ], [ 120.649380304495082, 31.416502991455015 ], [ 120.649418382825388, 31.416478927092868 ], [ 120.649451297193224, 31.416456328839079 ], [ 120.649480336585142, 31.416434826319716 ], [ 120.649506789987896, 31.416414049160895 ], [ 120.649531946388137, 31.416393626988693 ], [ 120.649557094772547, 31.416373189429191 ], [ 120.649583524127763, 31.416352366108491 ], [ 120.649612523440481, 31.416330786652665 ], [ 120.649645381697411, 31.416308080687816 ], [ 120.649683387885176, 31.416283877840034 ], [ 120.649727830990486, 31.416257807735398 ], [ 120.64978, 31.4162295 ] ] } },
{ "type": "Feature", "properties": { "crossid": 100, "id": 106, "type": 2, "length": 5955.0, "preid1": 102, "preid2": null, "preid3": null, "nextid1": 111, "nextid2": null, "nextid3": null }, "geometry": { "type": "LineString", "coordinates": [ [ 120.6492835, 31.416557 ], [ 120.649336362370022, 31.416529100846176 ], [ 120.64938186863742, 31.416504129963819 ], [ 120.649421240868506, 31.416481591790951 ], [ 120.649455701129696, 31.416460990765657 ], [ 120.649486471487364, 31.416441831325965 ], [ 120.649514774007912, 31.416423617909949 ], [ 120.649541830757698, 31.416405854955656 ], [ 120.649568863803054, 31.416388046901123 ], [ 120.64959709521041, 31.416369698184411 ], [ 120.649627747046111, 31.416350313243576 ], [ 120.649662041376558, 31.416329396516666 ], [ 120.649701200268083, 31.416306452441731 ], [ 120.649746445787116, 31.416280985456819 ], [ 120.649799, 31.4162525 ] ] } },
{ "type": "Feature", "properties": { "crossid": 100, "id": 107, "type": 2, "length": 5972.0, "preid1": 102, "preid2": null, "preid3": null, "nextid1": 112, "nextid2": null, "nextid3": null }, "geometry": { "type": "LineString", "coordinates": [ [ 120.6492835, 31.416557 ], [ 120.649337216421756, 31.416529273889321 ], [ 120.649383972151696, 31.416505372013159 ], [ 120.649424917994835, 31.416484639591854 ], [ 120.649461204756349, 31.416466421845783 ], [ 120.649493983241285, 31.416450063995278 ], [ 120.649524404254777, 31.416434911260716 ], [ 120.649553618601885, 31.416420308862431 ], [ 120.649582777087659, 31.416405602020784 ], [ 120.64961303051723, 31.416390135956121 ], [ 120.64964552969569, 31.4163732558888 ], [ 120.649681425428085, 31.416354307039175 ], [ 120.649721868519563, 31.416332634627601 ], [ 120.649768009775158, 31.416307583874424 ], [ 120.649821, 31.4162785 ] ] } },
{ "type": "Feature", "properties": { "crossid": 100, "id": 110, "type": 3, "length": 7795.0, "preid1": 105, "preid2": 0, "preid3": 0, "nextid1": 0, "nextid2": 0, "nextid3": 0 }, "geometry": { "type": "LineString", "coordinates": [ [ 120.64978, 31.4162295 ], [ 120.649807, 31.4162155 ], [ 120.6498335, 31.4162015 ], [ 120.6498605, 31.4161875 ], [ 120.649887, 31.4161725 ], [ 120.6499135, 31.4161585 ], [ 120.6499405, 31.4161435 ], [ 120.649967, 31.4161295 ], [ 120.649994, 31.416115 ], [ 120.65002, 31.4161 ], [ 120.650047, 31.416086 ], [ 120.650074, 31.4160715 ], [ 120.6501005, 31.4160575 ], [ 120.650127, 31.416043 ], [ 120.6501545, 31.4160285 ], [ 120.650181, 31.4160145 ], [ 120.6502075, 31.416 ], [ 120.6502345, 31.4159855 ], [ 120.6502615, 31.4159715 ], [ 120.650288, 31.415957 ], [ 120.6503145, 31.415943 ], [ 120.650341, 31.4159285 ], [ 120.650368, 31.4159145 ], [ 120.650395, 31.4159 ], [ 120.6504215, 31.4158855 ], [ 120.6504485, 31.4158715 ], [ 120.6504755, 31.4158575 ] ] } },
{ "type": "Feature", "properties": { "crossid": 100, "id": 111, "type": 3, "length": 7795.0, "preid1": 106, "preid2": 0, "preid3": 0, "nextid1": 0, "nextid2": 0, "nextid3": 0 }, "geometry": { "type": "LineString", "coordinates": [ [ 120.649799, 31.4162525 ], [ 120.649826, 31.416238 ], [ 120.6498525, 31.416224 ], [ 120.6498795, 31.41621 ], [ 120.6499065, 31.4161955 ], [ 120.649933, 31.4161815 ], [ 120.64996, 31.416167 ], [ 120.649986500000011, 31.416153 ], [ 120.6500135, 31.416139 ], [ 120.65004, 31.4161245 ], [ 120.650067, 31.41611 ], [ 120.650094, 31.416096 ], [ 120.650121, 31.416082 ], [ 120.6501475, 31.4160675 ], [ 120.6501745, 31.4160535 ], [ 120.650201, 31.416039 ], [ 120.650228, 31.416025 ], [ 120.650255, 31.4160105 ], [ 120.650282, 31.4159965 ], [ 120.650309, 31.4159825 ], [ 120.650335, 31.415968 ], [ 120.650362, 31.4159535 ], [ 120.650389, 31.4159395 ], [ 120.650416, 31.415925 ], [ 120.6504425, 31.4159105 ], [ 120.650469, 31.4158965 ], [ 120.650496, 31.4158825 ] ] } },
{ "type": "Feature", "properties": { "crossid": 100, "id": 112, "type": 3, "length": 7798.0, "preid1": 107, "preid2": 0, "preid3": 0, "nextid1": 0, "nextid2": 0, "nextid3": 0 }, "geometry": { "type": "LineString", "coordinates": [ [ 120.649821, 31.4162785 ], [ 120.649848, 31.4162635 ], [ 120.64987450000001, 31.416249 ], [ 120.649901, 31.4162345 ], [ 120.649928, 31.4162205 ], [ 120.6499545, 31.416206 ], [ 120.6499815, 31.416192 ], [ 120.650008, 31.416178 ], [ 120.650035, 31.4161635 ], [ 120.650062, 31.4161495 ], [ 120.650089, 31.416135 ], [ 120.650116, 31.416121 ], [ 120.6501425, 31.416107 ], [ 120.6501695, 31.4160925 ], [ 120.650196, 31.4160785 ], [ 120.650223, 31.416064 ], [ 120.65025, 31.41605 ], [ 120.650277, 31.416036 ], [ 120.650304, 31.416022 ], [ 120.650331, 31.416008 ], [ 120.6503575, 31.4159935 ], [ 120.6503845, 31.4159795 ], [ 120.650411, 31.4159655 ], [ 120.650438, 31.4159505 ], [ 120.650465, 31.4159365 ], [ 120.650491, 31.415922 ], [ 120.650518, 31.415908 ] ] } },
{ "type": "Feature", "properties": { "crossid": 150, "id": 150, "type": 1, "length": 5102.0, "preid1": 0, "preid2": 0, "preid3": 0, "nextid1": 155, "nextid2": 156, "nextid3": 0 }, "geometry": { "type": "LineString", "coordinates": [ [ 120.6535435, 31.414248 ], [ 120.6535705, 31.414234 ], [ 120.6535975, 31.41422 ], [ 120.653624, 31.414206 ], [ 120.653651, 31.4141915 ], [ 120.6536775, 31.414177 ], [ 120.6537045, 31.414163 ], [ 120.6537315, 31.414149 ], [ 120.6537585, 31.414135 ], [ 120.6537855, 31.4141205 ], [ 120.653812, 31.414106 ], [ 120.6538385, 31.414092 ], [ 120.6538655, 31.414078 ], [ 120.6538925, 31.414064 ], [ 120.6539195, 31.4140495 ], [ 120.6539465, 31.414035 ], [ 120.6539735, 31.414021 ], [ 120.6540005, 31.414007 ] ] } },
{ "type": "Feature", "properties": { "crossid": 150, "id": 151, "type": 1, "length": 5102.0, "preid1": 0, "preid2": 0, "preid3": 0, "nextid1": 0, "nextid2": 0, "nextid3": 0 }, "geometry": { "type": "LineString", "coordinates": [ [ 120.6535635, 31.414272 ], [ 120.6535905, 31.414258 ], [ 120.6536175, 31.414244 ], [ 120.6536445, 31.41423 ], [ 120.6536715, 31.414216 ], [ 120.653698, 31.414201 ], [ 120.65372450000001, 31.414187 ], [ 120.6537515, 31.414173 ], [ 120.6537785, 31.4141585 ], [ 120.6538055, 31.414144 ], [ 120.6538325, 31.41413 ], [ 120.6538585, 31.414116 ], [ 120.6538855, 31.4141015 ], [ 120.6539125, 31.4140875 ], [ 120.6539395, 31.414073 ], [ 120.6539665, 31.414059 ], [ 120.6539935, 31.414045 ], [ 120.6540205, 31.414031 ] ] } },
{ "type": "Feature", "properties": { "crossid": 150, "id": 155, "type": 2, "length": 4000.0, "preid1": 150, "preid2": null, "preid3": null, "nextid1": 160, "nextid2": null, "nextid3": null }, "geometry": { "type": "LineString", "coordinates": [ [ 120.6540005, 31.414007 ], [ 120.654036383792558, 31.413988337169652 ], [ 120.654067508032526, 31.413972040700571 ], [ 120.654094665978604, 31.413957716199192 ], [ 120.654118650889629, 31.413944969271991 ], [ 120.654140256024348, 31.41393340552542 ], [ 120.654160274641555, 31.413922630565931 ], [ 120.6541795, 31.41391225 ], [ 120.654198725358441, 31.413901869434063 ], [ 120.654218743975633, 31.413891094474579 ], [ 120.654240349110353, 31.413879530728003 ], [ 120.654264334021406, 31.413866783800806 ], [ 120.654291491967498, 31.413852459299434 ], [ 120.654322616207452, 31.413836162830346 ], [ 120.6543585, 31.4138175 ] ] } },
{ "type": "Feature", "properties": { "crossid": 150, "id": 156, "type": 2, "length": 3957.0, "preid1": 150, "preid2": null, "preid3": null, "nextid1": 161, "nextid2": null, "nextid3": null }, "geometry": { "type": "LineString", "coordinates": [ [ 120.6540005, 31.414007 ], [ 120.654036498487187, 31.413988780343864 ], [ 120.65406809657371, 31.41397364558398 ], [ 120.654096027659605, 31.413961081570939 ], [ 120.654121025145102, 31.4139505741554 ], [ 120.654143822430228, 31.413941609187969 ], [ 120.654165152915169, 31.413933672519295 ], [ 120.65418575, 31.41392625 ], [ 120.654206347084795, 31.413918827480696 ], [ 120.654227677569736, 31.413910890812019 ], [ 120.654250474854877, 31.413901925844595 ], [ 120.654275472340373, 31.413891418429056 ], [ 120.654303403426326, 31.413878854416026 ], [ 120.65433500151282, 31.413863719656131 ], [ 120.654371, 31.4138455 ] ] } },
{ "type": "Feature", "properties": { "crossid": 150, "id": 160, "type": 3, "length": 7497.0, "preid1": 155, "preid2": 0, "preid3": 0, "nextid1": 0, "nextid2": 0, "nextid3": 0 }, "geometry": { "type": "LineString", "coordinates": [ [ 120.6543585, 31.4138175 ], [ 120.6543855, 31.4138035 ], [ 120.6544125, 31.4137895 ], [ 120.6544385, 31.4137745 ], [ 120.6544655, 31.4137605 ], [ 120.6544925, 31.4137465 ], [ 120.6545195, 31.4137325 ], [ 120.6545465, 31.413718 ], [ 120.654573, 31.413704 ], [ 120.6546, 31.4136895 ], [ 120.654627, 31.413676 ], [ 120.654654, 31.413662 ], [ 120.654681, 31.413648 ], [ 120.654708, 31.413633 ], [ 120.654735, 31.413619 ], [ 120.654762, 31.413605 ], [ 120.6547885, 31.413591 ], [ 120.6548155, 31.413577 ], [ 120.654842, 31.413563 ], [ 120.654869, 31.413549 ], [ 120.654896, 31.4135345 ], [ 120.654923, 31.41352 ], [ 120.6549495, 31.4135055 ], [ 120.654976, 31.413491 ], [ 120.655003, 31.4134765 ], [ 120.655029, 31.413462 ] ] } },
{ "type": "Feature", "properties": { "crossid": 150, "id": 161, "type": 3, "length": 7496.0, "preid1": 156, "preid2": 0, "preid3": 0, "nextid1": 0, "nextid2": 0, "nextid3": 0 }, "geometry": { "type": "LineString", "coordinates": [ [ 120.654371, 31.4138455 ], [ 120.654398, 31.4138315 ], [ 120.654425, 31.4138175 ], [ 120.6544515, 31.413803 ], [ 120.65447850000001, 31.413789 ], [ 120.6545055, 31.413775 ], [ 120.654532499999988, 31.413761 ], [ 120.6545595, 31.4137465 ], [ 120.6545855, 31.413732 ], [ 120.654612500000013, 31.413718 ], [ 120.6546395, 31.413704 ], [ 120.6546665, 31.41369 ], [ 120.6546935, 31.413676 ], [ 120.6547205, 31.413661 ], [ 120.654747500000013, 31.413647 ], [ 120.654774, 31.413633 ], [ 120.654801, 31.413619 ], [ 120.654828, 31.413605 ], [ 120.6548545, 31.413591 ], [ 120.654881499999988, 31.4135765 ], [ 120.6549085, 31.413562 ], [ 120.6549355, 31.413548 ], [ 120.654962500000011, 31.413534 ], [ 120.6549895, 31.41352 ], [ 120.655016, 31.413506 ], [ 120.6550425, 31.4134915 ] ] } },
{ "type": "Feature", "properties": { "crossid": 150, "id": 162, "type": 3, "length": 7525.0, "preid1": 0, "preid2": 0, "preid3": 0, "nextid1": 0, "nextid2": 0, "nextid3": 0 }, "geometry": { "type": "LineString", "coordinates": [ [ 120.654384689872202, 31.413871277654515 ], [ 120.654408187264096, 31.413859720019975 ], [ 120.654435507188168, 31.413846251119338 ], [ 120.654465914542101, 31.413831017973077 ], [ 120.654491029159161, 31.413817255031503 ], [ 120.654521142472163, 31.413802021885239 ], [ 120.654550667703262, 31.413786935759447 ], [ 120.654576664443141, 31.413773466858814 ], [ 120.654603, 31.413758 ], [ 120.65463, 31.4137435 ], [ 120.654656499999987, 31.4137295 ], [ 120.6546835, 31.4137155 ], [ 120.6547105, 31.413701 ], [ 120.65473750000001, 31.4136865 ], [ 120.654764, 31.4136725 ], [ 120.6547905, 31.4136585 ], [ 120.6548175, 31.4136445 ], [ 120.6548445, 31.4136305 ], [ 120.654871500000013, 31.4136165 ], [ 120.6548985, 31.4136015 ], [ 120.6549255, 31.4135875 ], [ 120.6549525, 31.4135735 ], [ 120.6549795, 31.4135595 ], [ 120.655006, 31.4135455 ], [ 120.6550325, 31.413531 ], [ 120.6550595, 31.413517 ] ] } },
{ "type": "Feature", "properties": { "crossid": 200, "id": 200, "type": 1, "length": 7790.0, "preid1": 0, "preid2": 0, "preid3": 0, "nextid1": 0, "nextid2": 0, "nextid3": 0 }, "geometry": { "type": "LineString", "coordinates": [ [ 120.657741715379302, 31.412074238323818 ], [ 120.65781111979625, 31.412035933746012 ], [ 120.657900110076952, 31.411986909830361 ], [ 120.657981096277581, 31.411944953124006 ], [ 120.658026725313931, 31.411920191881809 ], [ 120.6580871264037, 31.411887547242827 ], [ 120.658166027208253, 31.411844366074924 ], [ 120.658245765035701, 31.411800869240924 ], [ 120.658354153193784, 31.411741674507944 ], [ 120.658380392240559, 31.411726915383554 ], [ 120.658406392240579, 31.411711915383556 ], [ 120.658433392240568, 31.411697915383556 ] ] } },
{ "type": "Feature", "properties": { "crossid": 200, "id": 201, "type": 1, "length": 7790.0, "preid1": 0, "preid2": 0, "preid3": 0, "nextid1": 206, "nextid2": 207, "nextid3": 0 }, "geometry": { "type": "LineString", "coordinates": [ [ 120.657752936358918, 31.412101233724037 ], [ 120.657831996702839, 31.41205769277542 ], [ 120.657911331056567, 31.41201390523058 ], [ 120.657992317257225, 31.411971948524226 ], [ 120.658045396913508, 31.411943163830085 ], [ 120.658098347383344, 31.411914542643046 ], [ 120.658176906722957, 31.411871564861684 ], [ 120.658256986015346, 31.41182786464114 ], [ 120.658365374173428, 31.411768669908163 ], [ 120.658391613220203, 31.411753910783773 ], [ 120.658417613220195, 31.411738910783775 ], [ 120.658444613220212, 31.411724910783775 ] ] } },
{ "type": "Feature", "properties": { "crossid": 200, "id": 206, "type": 2, "length": 6454.0, "preid1": 201, "preid2": null, "preid3": null, "nextid1": 211, "nextid2": null, "nextid3": null }, "geometry": { "type": "LineString", "coordinates": [ [ 120.658444613220212, 31.411724910783775 ], [ 120.658496116772568, 31.411697184596843 ], [ 120.658545729889525, 31.411671798596743 ], [ 120.658593474182766, 31.411649334648377 ], [ 120.658639371264073, 31.411630374616699 ], [ 120.658683442745158, 31.411615500366608 ], [ 120.658725710237761, 31.411605293763039 ], [ 120.658766195353593, 31.411600336670922 ], [ 120.658804919704394, 31.411601210955162 ], [ 120.658841904901863, 31.411608498480696 ], [ 120.658877172557737, 31.411622781112435 ], [ 120.658910744283773, 31.411644640715313 ], [ 120.658942641691681, 31.411674659154251 ], [ 120.658972886393173, 31.41171341829417 ], [ 120.659001499999988, 31.4117615 ] ] } },
{ "type": "Feature", "properties": { "crossid": 200, "id": 207, "type": 2, "length": 6146.0, "preid1": 201, "preid2": null, "preid3": null, "nextid1": 212, "nextid2": null, "nextid3": null }, "geometry": { "type": "LineString", "coordinates": [ [ 120.658444613220212, 31.411724910783775 ], [ 120.658493699790213, 31.411698820999401 ], [ 120.658540857301276, 31.411675635455474 ], [ 120.658586134432383, 31.411655793878115 ], [ 120.65862957986262, 31.411639735993507 ], [ 120.658671242270913, 31.411627901527773 ], [ 120.658711170336417, 31.411620730207069 ], [ 120.658749412738075, 31.411618661757544 ], [ 120.658786018154913, 31.411622135905333 ], [ 120.658821035265944, 31.411631592376587 ], [ 120.658854512750196, 31.411647470897456 ], [ 120.658886499286723, 31.411670211194089 ], [ 120.65891704355451, 31.411700252992624 ], [ 120.658946194232584, 31.411738036019209 ], [ 120.658974, 31.411784 ] ] } },
{ "type": "Feature", "properties": { "crossid": 200, "id": 210, "type": 3, "length": 8083.0, "preid1": 0, "preid2": 0, "preid3": 0, "nextid1": 0, "nextid2": 0, "nextid3": 0 }, "geometry": { "type": "LineString", "coordinates": [ [ 120.659032548931862, 31.411745349385278 ], [ 120.65904461002188, 31.411768730929914 ], [ 120.659057578922528, 31.411792845546962 ], [ 120.659070253782204, 31.411817342286831 ], [ 120.659082340560019, 31.411840427760595 ], [ 120.659093626125383, 31.411861108875208 ], [ 120.65911, 31.4118915 ], [ 120.659123, 31.4119165 ], [ 120.659136, 31.411941 ], [ 120.659149, 31.4119655 ], [ 120.6591615, 31.4119905 ], [ 120.659174, 31.4120155 ], [ 120.659187, 31.41204 ], [ 120.6591995, 31.412065 ], [ 120.659212, 31.4120895 ], [ 120.6592245, 31.4121145 ], [ 120.6592375, 31.4121395 ], [ 120.6592505, 31.412164 ], [ 120.659263, 31.4121885 ], [ 120.6592755, 31.4122135 ], [ 120.6592885, 31.412238 ], [ 120.6593015, 31.412263 ], [ 120.659314, 31.4122875 ], [ 120.6593265, 31.4123125 ], [ 120.659339, 31.4123375 ], [ 120.659352, 31.4123625 ], [ 120.659364, 31.412387 ], [ 120.6593765, 31.412412 ] ] } },
{ "type": "Feature", "properties": { "crossid": 200, "id": 211, "type": 3, "length": 8028.0, "preid1": 206, "preid2": 0, "preid3": 0, "nextid1": 0, "nextid2": 0, "nextid3": 0 }, "geometry": { "type": "LineString", "coordinates": [ [ 120.659001499999988, 31.4117615 ], [ 120.659014500000012, 31.411786 ], [ 120.6590275, 31.411811 ], [ 120.6590405, 31.411835 ], [ 120.6590535, 31.41186 ], [ 120.6590665, 31.4118845 ], [ 120.6590795, 31.4119095 ], [ 120.659092, 31.411934 ], [ 120.659105, 31.4119585 ], [ 120.659118, 31.4119835 ], [ 120.6591305, 31.4120085 ], [ 120.659143, 31.4120335 ], [ 120.659156, 31.4120575 ], [ 120.659169, 31.4120825 ], [ 120.659181, 31.4121075 ], [ 120.659194, 31.4121325 ], [ 120.659207, 31.412157 ], [ 120.6592195, 31.4121815 ], [ 120.659232, 31.4122065 ], [ 120.659245, 31.4122315 ], [ 120.6592575, 31.4122555 ], [ 120.6592705, 31.4122805 ], [ 120.659282499999989, 31.4123055 ], [ 120.6592955, 31.4123305 ], [ 120.659307500000011, 31.4123555 ], [ 120.6593205, 31.4123805 ], [ 120.6593325, 31.4124045 ], [ 120.659342046321171, 31.412423967394488 ] ] } },
{ "type": "Feature", "properties": { "crossid": 200, "id": 212, "type": 3, "length": 7937.0, "preid1": 207, "preid2": 0, "preid3": 0, "nextid1": 0, "nextid2": 0, "nextid3": 0 }, "geometry": { "type": "LineString", "coordinates": [ [ 120.658974, 31.411784 ], [ 120.6589875, 31.411808 ], [ 120.6590005, 31.411833 ], [ 120.6590135, 31.411857 ], [ 120.65902650000001, 31.411882 ], [ 120.6590395, 31.411907 ], [ 120.6590525, 31.411932 ], [ 120.659065, 31.411956 ], [ 120.659078, 31.411981 ], [ 120.6590905, 31.412006 ], [ 120.659103, 31.412031 ], [ 120.659116, 31.4120555 ], [ 120.659129, 31.41208 ], [ 120.659142, 31.412105 ], [ 120.659154, 31.41213 ], [ 120.659167, 31.4121545 ], [ 120.65918, 31.412179 ], [ 120.659192, 31.412204 ], [ 120.659205, 31.412229 ], [ 120.659217500000011, 31.4122535 ], [ 120.65923, 31.412278 ], [ 120.6592425, 31.412303 ], [ 120.659255, 31.412328 ], [ 120.6592675, 31.412353 ], [ 120.65928, 31.412378 ], [ 120.6592925, 31.412403 ], [ 120.659305, 31.412427 ], [ 120.6593099786773, 31.41243919707852 ] ] } },
{ "type": "Feature", "properties": { "crossid": 250, "id": 250, "type": 1, "length": 7957.0, "preid1": 0, "preid2": 0, "preid3": 0, "nextid1": 0, "nextid2": 0, "nextid3": 0 }, "geometry": { "type": "LineString", "coordinates": [ [ 120.6606315, 31.414894 ], [ 120.660644, 31.414919 ], [ 120.6606565, 31.414944 ], [ 120.6606695, 31.414968 ], [ 120.660682, 31.414993 ], [ 120.660695, 31.415018 ], [ 120.6607075, 31.415043 ], [ 120.6607205, 31.4150675 ], [ 120.6607335, 31.415093 ], [ 120.6607455, 31.4151175 ], [ 120.6607585, 31.415142 ], [ 120.6607705, 31.4151665 ], [ 120.660783, 31.4151915 ], [ 120.6607955, 31.4152165 ], [ 120.6608085, 31.415241 ], [ 120.6608205, 31.415266 ], [ 120.6608335, 31.415291 ], [ 120.6608465, 31.4153155 ], [ 120.660859, 31.41534 ], [ 120.660872, 31.415365 ], [ 120.6608845, 31.4153895 ], [ 120.660897, 31.4154145 ], [ 120.66091, 31.4154395 ], [ 120.6609225, 31.415464 ], [ 120.6609355, 31.4154885 ], [ 120.6609475, 31.4155135 ], [ 120.660965551607177, 31.415551928887567 ] ] } },
{ "type": "Feature", "properties": { "crossid": 250, "id": 251, "type": 1, "length": 7872.0, "preid1": 0, "preid2": 0, "preid3": 0, "nextid1": 255, "nextid2": 256, "nextid3": 257 }, "geometry": { "type": "LineString", "coordinates": [ [ 120.66060250000001, 31.4149115 ], [ 120.660615, 31.414936 ], [ 120.6606275, 31.414961 ], [ 120.6606405, 31.4149855 ], [ 120.660653, 31.4150105 ], [ 120.660666, 31.4150355 ], [ 120.660678, 31.4150605 ], [ 120.660691, 31.415085 ], [ 120.660703500000011, 31.4151105 ], [ 120.660716, 31.415135 ], [ 120.6607285, 31.4151595 ], [ 120.660741, 31.4151845 ], [ 120.6607535, 31.415209 ], [ 120.660766, 31.415234 ], [ 120.660779, 31.4152585 ], [ 120.660791, 31.4152835 ], [ 120.660804, 31.4153085 ], [ 120.66081650000001, 31.4153335 ], [ 120.660829, 31.4153575 ], [ 120.6608415, 31.4153825 ], [ 120.6608545, 31.4154075 ], [ 120.660867, 31.4154325 ], [ 120.6608795, 31.4154575 ], [ 120.660892, 31.4154815 ], [ 120.6609045, 31.4155065 ], [ 120.660917, 31.4155315 ], [ 120.660932441380339, 31.415562647721515 ] ] } },
{ "type": "Feature", "properties": { "crossid": 250, "id": 252, "type": 1, "length": 7713.0, "preid1": 0, "preid2": 0, "preid3": 0, "nextid1": 0, "nextid2": 0, "nextid3": 0 }, "geometry": { "type": "LineString", "coordinates": [ [ 120.660576, 31.4149335 ], [ 120.660588, 31.414958 ], [ 120.6606005, 31.414983 ], [ 120.660613500000011, 31.415008 ], [ 120.6606255, 31.415033 ], [ 120.660638, 31.4150575 ], [ 120.66065, 31.4150825 ], [ 120.660663, 31.415107 ], [ 120.660675, 31.415132 ], [ 120.660688, 31.415157 ], [ 120.6607005, 31.415182 ], [ 120.660713, 31.4152065 ], [ 120.660726, 31.415231 ], [ 120.6607385, 31.415256 ], [ 120.660751, 31.415281 ], [ 120.6607635, 31.415306 ], [ 120.660776, 31.415331 ], [ 120.660788, 31.4153555 ], [ 120.660801, 31.41538 ], [ 120.660813, 31.415405 ], [ 120.660826, 31.41543 ], [ 120.660839, 31.415455 ], [ 120.660851, 31.41548 ], [ 120.6608635, 31.415504 ], [ 120.660876, 31.415529 ], [ 120.660886726967533, 31.415550177102517 ], [ 120.660897477458363, 31.415572079849298 ] ] } },
{ "type": "Feature", "properties": { "crossid": 250, "id": 253, "type": 1, "length": 7622.0, "preid1": 0, "preid2": 0, "preid3": 0, "nextid1": 0, "nextid2": 0, "nextid3": 0 }, "geometry": { "type": "LineString", "coordinates": [ [ 120.660545669979882, 31.414949714058277 ], [ 120.660558174895598, 31.414975386512602 ], [ 120.660570191942639, 31.414999432737993 ], [ 120.660583, 31.415025 ], [ 120.6605945, 31.41505 ], [ 120.6606065, 31.4150745 ], [ 120.6606185, 31.4150995 ], [ 120.660631, 31.415125 ], [ 120.660643, 31.4151495 ], [ 120.6606555, 31.4151745 ], [ 120.6606685, 31.4151995 ], [ 120.6606805, 31.415224 ], [ 120.6606935, 31.4152485 ], [ 120.660706, 31.4152735 ], [ 120.660718, 31.4152985 ], [ 120.66073024783239, 31.415322207095784 ], [ 120.660743010773984, 31.415347902182873 ], [ 120.660754891592759, 31.415371443289686 ], [ 120.660767786983172, 31.415396513539786 ], [ 120.66077977806728, 31.415420848687539 ], [ 120.6607928939884, 31.415446470264396 ], [ 120.660805311562285, 31.415470842167267 ], [ 120.660818295034559, 31.415497015070876 ], [ 120.660830102343084, 31.415521070749335 ], [ 120.660842189120913, 31.415544450264044 ], [ 120.660851267763917, 31.415562830717512 ], [ 120.660860334595498, 31.415581932811296 ] ] } },
{ "type": "Feature", "properties": { "crossid": 250, "id": 255, "type": 2, "length": 4025.0, "preid1": 251, "preid2": null, "preid3": null, "nextid1": 260, "nextid2": null, "nextid3": null }, "geometry": { "type": "LineString", "coordinates": [ [ 120.660932441380339, 31.415562647721515 ], [ 120.66094964165913, 31.415596090169529 ], [ 120.660965426969511, 31.415624662053791 ], [ 120.660980039115913, 31.415649172108644 ], [ 120.660993719902976, 31.415670429068474 ], [ 120.661006711135101, 31.415689241667629 ], [ 120.661019254616889, 31.415706418640486 ], [ 120.661031592152838, 31.415722768721412 ], [ 120.661043965547449, 31.41573910064475 ], [ 120.661056616605237, 31.415756223144875 ], [ 120.6610697871307, 31.415774944956148 ], [ 120.66108371892841, 31.415796074812931 ], [ 120.661098653802838, 31.415820421449595 ], [ 120.661114833558528, 31.415848793600492 ], [ 120.6611325, 31.415882 ] ] } },
{ "type": "Feature", "properties": { "crossid": 250, "id": 256, "type": 2, "length": 4088.0, "preid1": 251, "preid2": null, "preid3": null, "nextid1": 261, "nextid2": null, "nextid3": null }, "geometry": { "type": "LineString", "coordinates": [ [ 120.660932441380339, 31.415562647721515 ], [ 120.660949339926091, 31.415596525758769 ], [ 120.660964080685474, 31.415625921167091 ], [ 120.660977025849434, 31.415651579767871 ], [ 120.660988537609114, 31.415674247382526 ], [ 120.660998978155504, 31.415694669832448 ], [ 120.66100870967972, 31.415713592939039 ], [ 120.661018094372793, 31.415731762523709 ], [ 120.661027494425738, 31.415749924407848 ], [ 120.66103727202966, 31.415768824412854 ], [ 120.661047789375516, 31.415789208360138 ], [ 120.661059408654438, 31.415811822071092 ], [ 120.661072492057471, 31.415837411367121 ], [ 120.661087401775632, 31.415866722069619 ], [ 120.6611045, 31.4159005 ] ] } },
{ "type": "Feature", "properties": { "crossid": 250, "id": 257, "type": 2, "length": 4071.0, "preid1": 251, "preid2": null, "preid3": null, "nextid1": 262, "nextid2": null, "nextid3": null }, "geometry": { "type": "LineString", "coordinates": [ [ 120.660932441380339, 31.415562647721515 ], [ 120.660948530384999, 31.415596215007977 ], [ 120.66096153769837, 31.415625804181264 ], [ 120.660971984601829, 31.415652074358306 ], [ 120.660980392376985, 31.415675684656062 ], [ 120.660987282305285, 31.415697294191464 ], [ 120.660993175668253, 31.415717562081468 ], [ 120.660998593747408, 31.415737147443007 ], [ 120.661004057824215, 31.41575670939303 ], [ 120.661010089180195, 31.415776907048468 ], [ 120.661017209096798, 31.41579839952627 ], [ 120.661025938855602, 31.415821845943384 ], [ 120.661036799738071, 31.415847905416747 ], [ 120.661050313025683, 31.415877237063302 ], [ 120.661067, 31.4159105 ] ] } },
{ "type": "Feature", "properties": { "crossid": 250, "id": 260, "type": 3, "length": 7738.0, "preid1": 255, "preid2": 0, "preid3": 0, "nextid1": 0, "nextid2": 0, "nextid3": 0 }, "geometry": { "type": "LineString", "coordinates": [ [ 120.6611325, 31.415882 ], [ 120.661145, 31.415907 ], [ 120.661158, 31.4159315 ], [ 120.6611705, 31.4159565 ], [ 120.6611835, 31.415981 ], [ 120.661196, 31.4160055 ], [ 120.6612085, 31.4160305 ], [ 120.661221, 31.4160555 ], [ 120.661234, 31.4160805 ], [ 120.661247, 31.4161045 ], [ 120.661259, 31.4161295 ], [ 120.661272, 31.4161545 ], [ 120.6612845, 31.4161795 ], [ 120.661297, 31.4162045 ], [ 120.661309499999987, 31.416229 ], [ 120.661322, 31.4162535 ], [ 120.6613345, 31.4162785 ], [ 120.661347, 31.4163035 ], [ 120.6613595, 31.4163285 ], [ 120.6613725, 31.416353 ], [ 120.6613845, 31.416378 ], [ 120.6613975, 31.416403 ], [ 120.66141, 31.4164275 ], [ 120.6614225, 31.4164525 ], [ 120.661435, 31.4164775 ], [ 120.6614475, 31.4165025 ], [ 120.661456785085321, 31.416522087364324 ] ] } },
{ "type": "Feature", "properties": { "crossid": 250, "id": 261, "type": 3, "length": 7645.0, "preid1": 256, "preid2": 0, "preid3": 0, "nextid1": 0, "nextid2": 0, "nextid3": 0 }, "geometry": { "type": "LineString", "coordinates": [ [ 120.6611045, 31.4159005 ], [ 120.661117, 31.415925 ], [ 120.6611295, 31.41595 ], [ 120.6611415, 31.415975 ], [ 120.6611545, 31.4159995 ], [ 120.6611665, 31.4160245 ], [ 120.6611795, 31.4160495 ], [ 120.6611915, 31.4160745 ], [ 120.6612045, 31.4160995 ], [ 120.661217, 31.4161235 ], [ 120.6612295, 31.4161485 ], [ 120.661242, 31.4161735 ], [ 120.6612545, 31.4161985 ], [ 120.661267, 31.4162235 ], [ 120.6612795, 31.4162485 ], [ 120.661292, 31.4162725 ], [ 120.6613045, 31.4162975 ], [ 120.661317, 31.4163225 ], [ 120.6613295, 31.4163475 ], [ 120.661342, 31.4163725 ], [ 120.6613545, 31.4163975 ], [ 120.661367, 31.416422 ], [ 120.66137950000001, 31.4164465 ], [ 120.6613925, 31.4164715 ], [ 120.6614045, 31.4164965 ], [ 120.6614175, 31.4165215 ], [ 120.661423103878121, 31.41653349660881 ] ] } },
{ "type": "Feature", "properties": { "crossid": 250, "id": 262, "type": 3, "length": 7694.0, "preid1": 257, "preid2": 0, "preid3": 0, "nextid1": 0, "nextid2": 0, "nextid3": 0 }, "geometry": { "type": "LineString", "coordinates": [ [ 120.661067, 31.4159105 ], [ 120.66108, 31.415935 ], [ 120.6610925, 31.4159595 ], [ 120.661105, 31.4159845 ], [ 120.6611175, 31.4160095 ], [ 120.6611305, 31.4160345 ], [ 120.6611415, 31.416059 ], [ 120.661155, 31.416083 ], [ 120.661167, 31.416108 ], [ 120.6611795, 31.4161325 ], [ 120.6611915, 31.4161575 ], [ 120.6612045, 31.4161825 ], [ 120.661217, 31.416207 ], [ 120.6612295, 31.416232 ], [ 120.6612425, 31.416257 ], [ 120.661255, 31.4162815 ], [ 120.6612675, 31.416306 ], [ 120.66128, 31.416331 ], [ 120.661293, 31.416356 ], [ 120.661305, 31.416381 ], [ 120.661318, 31.416406 ], [ 120.66133, 31.41643 ], [ 120.661343, 31.416455 ], [ 120.6613555, 31.41648 ], [ 120.661368, 31.416505 ], [ 120.661381, 31.41653 ], [ 120.6613893187928, 31.416546909244488 ] ] } },
{ "type": "Feature", "properties": { "crossid": 300, "id": 300, "type": 1, "length": 8098.0, "preid1": 0, "preid2": 0, "preid3": 0, "nextid1": 305, "nextid2": 306, "nextid3": 307 }, "geometry": { "type": "LineString", "coordinates": [ [ 120.6617495, 31.4170285 ], [ 120.6617635, 31.417053 ], [ 120.6617765, 31.4170775 ], [ 120.66179, 31.417102 ], [ 120.6618035, 31.4171265 ], [ 120.6618165, 31.417151 ], [ 120.6618295, 31.417176 ], [ 120.6618425, 31.417201 ], [ 120.6618545, 31.4172255 ], [ 120.6618675, 31.41725 ], [ 120.66188, 31.417275 ], [ 120.6618925, 31.4173 ], [ 120.6619045, 31.4173245 ], [ 120.661917, 31.4173495 ], [ 120.6619285, 31.4173745 ], [ 120.6619405, 31.4173995 ], [ 120.6619525, 31.4174245 ], [ 120.6619645, 31.41745 ], [ 120.661976, 31.417475 ], [ 120.661988, 31.4175 ], [ 120.6619995, 31.417525 ], [ 120.6620115, 31.41755 ], [ 120.662023, 31.4175755 ], [ 120.6620345, 31.4176005 ], [ 120.6620455, 31.417626 ], [ 120.6620565, 31.4176515 ], [ 120.662068, 31.4176765 ], [ 120.6620795, 31.4177015 ] ] } },
{ "type": "Feature", "properties": { "crossid": 300, "id": 301, "type": 1, "length": 8120.0, "preid1": 0, "preid2": 0, "preid3": 0, "nextid1": 0, "nextid2": 0, "nextid3": 0 }, "geometry": { "type": "LineString", "coordinates": [ [ 120.6617175, 31.4170325 ], [ 120.6617305, 31.417057 ], [ 120.661743, 31.417082 ], [ 120.6617555, 31.417107 ], [ 120.6617685, 31.417131 ], [ 120.661781, 31.417156 ], [ 120.661794, 31.417181 ], [ 120.661807, 31.417206 ], [ 120.6618195, 31.4172305 ], [ 120.661832, 31.417255 ], [ 120.6618445, 31.41728 ], [ 120.661857, 31.417305 ], [ 120.6618695, 31.41733 ], [ 120.6618815, 31.417355 ], [ 120.6618935, 31.4173795 ], [ 120.661906, 31.4174045 ], [ 120.661918, 31.4174295 ], [ 120.66193, 31.4174545 ], [ 120.661942, 31.4174795 ], [ 120.661954, 31.4175045 ], [ 120.6619655, 31.41753 ], [ 120.661977, 31.417555 ], [ 120.661989, 31.4175805 ], [ 120.662, 31.4176055 ], [ 120.662011, 31.4176305 ], [ 120.662022, 31.4176565 ], [ 120.662033923021113, 31.417683017216039 ], [ 120.662045268073172, 31.41770853651802 ] ] } },
{ "type": "Feature", "properties": { "crossid": 300, "id": 302, "type": 1, "length": 8083.0, "preid1": 0, "preid2": 0, "preid3": 0, "nextid1": 0, "nextid2": 0, "nextid3": 0 }, "geometry": { "type": "LineString", "coordinates": [ [ 120.6616835, 31.4170415 ], [ 120.6616965, 31.417066 ], [ 120.6617095, 31.417091 ], [ 120.661722, 31.4171155 ], [ 120.661735, 31.41714 ], [ 120.661748, 31.417165 ], [ 120.661761, 31.4171895 ], [ 120.661774, 31.4172145 ], [ 120.661787, 31.417239 ], [ 120.6617995, 31.417264 ], [ 120.661812, 31.4172885 ], [ 120.6618245, 31.4173135 ], [ 120.661837, 31.4173385 ], [ 120.661849499999988, 31.4173635 ], [ 120.6618615, 31.417388 ], [ 120.661874, 31.417413 ], [ 120.661886, 31.417438 ], [ 120.661898, 31.417463 ], [ 120.66191, 31.417488 ], [ 120.6619215, 31.417513 ], [ 120.6619335, 31.4175385 ], [ 120.6619445, 31.417564 ], [ 120.66195477882124, 31.417585750135267 ], [ 120.6619650937416, 31.417609276670436 ], [ 120.661976842111542, 31.417635486329171 ], [ 120.661988075909818, 31.417661240354857 ], [ 120.662000012198533, 31.417687993219026 ], [ 120.662011379431135, 31.417713837625215 ] ] } },
{ "type": "Feature", "properties": { "crossid": 300, "id": 305, "type": 2, "length": 4371.0, "preid1": 300, "preid2": null, "preid3": null, "nextid1": 310, "nextid2": null, "nextid3": null }, "geometry": { "type": "LineString", "coordinates": [ [ 120.6620795, 31.4177015 ], [ 120.662095714063511, 31.417737185389775 ], [ 120.662110876374399, 31.417770697290823 ], [ 120.662125431325379, 31.41780185889256 ], [ 120.662139823309346, 31.417830493384457 ], [ 120.662154496718998, 31.417856423955929 ], [ 120.662169895947159, 31.417879473796447 ], [ 120.66218646538664, 31.417899466095438 ], [ 120.662204649430194, 31.417916224042344 ], [ 120.662224892470633, 31.417929570826608 ], [ 120.662247638900709, 31.417939329637665 ], [ 120.662273333113205, 31.417945323664966 ], [ 120.662302419500975, 31.417947376097956 ], [ 120.662335342456714, 31.417945310126065 ], [ 120.662372546373291, 31.417938948938748 ] ] } },
{ "type": "Feature", "properties": { "crossid": 300, "id": 306, "type": 2, "length": 4655.0, "preid1": 300, "preid2": null, "preid3": null, "nextid1": 311, "nextid2": null, "nextid3": null }, "geometry": { "type": "LineString", "coordinates": [ [ 120.6620795, 31.4177015 ], [ 120.662096440900712, 31.417739407751597 ], [ 120.662111964620479, 31.417775464300618 ], [ 120.662126589815415, 31.417809402479225 ], [ 120.662140835141855, 31.417840955119626 ], [ 120.662155219255894, 31.417869855053965 ], [ 120.662170260813809, 31.41789583511444 ], [ 120.662186478471796, 31.417918628133226 ], [ 120.662204390886018, 31.417937966942485 ], [ 120.662224516712683, 31.417953584374402 ], [ 120.662247374608, 31.417965213261148 ], [ 120.662273483228205, 31.417972586434907 ], [ 120.662303361229448, 31.417975436727851 ], [ 120.662337527267994, 31.417973496972152 ], [ 120.6623765, 31.4179665 ] ] } },
{ "type": "Feature", "properties": { "crossid": 300, "id": 307, "type": 2, "length": 4945.0, "preid1": 300, "preid2": null, "preid3": null, "nextid1": 312, "nextid2": null, "nextid3": null }, "geometry": { "type": "LineString", "coordinates": [ [ 120.6620795, 31.4177015 ], [ 120.662097150007185, 31.417741674301777 ], [ 120.662112951699854, 31.417780325801811 ], [ 120.662127509738625, 31.417817097727372 ], [ 120.66214142878448, 31.41785163330578 ], [ 120.662155313498062, 31.4178835757643 ], [ 120.662169768540238, 31.417912568330252 ], [ 120.662185398571779, 31.417938254230908 ], [ 120.66220280825344, 31.41796027669357 ], [ 120.66222260224599, 31.41797827894553 ], [ 120.662245385210255, 31.417991904214077 ], [ 120.662271761807006, 31.418000795726503 ], [ 120.662302336697024, 31.418004596710105 ], [ 120.662337714541081, 31.418002950392168 ], [ 120.662378499999988, 31.4179955 ] ] } },
{ "type": "Feature", "properties": { "crossid": 300, "id": 310, "type": 3, "length": 7816.0, "preid1": 305, "preid2": 0, "preid3": 0, "nextid1": 0, "nextid2": 0, "nextid3": 0 }, "geometry": { "type": "LineString", "coordinates": [ [ 120.662372546373291, 31.417938948938748 ], [ 120.6624335, 31.417925 ], [ 120.6624645, 31.417919 ], [ 120.662495, 31.4179125 ], [ 120.6625255, 31.4179055 ], [ 120.6625565, 31.4178985 ], [ 120.6625865, 31.4178915 ], [ 120.663165090166217, 31.417752196841015 ] ] } },
{ "type": "Feature", "properties": { "crossid": 300, "id": 311, "type": 3, "length": 7799.0, "preid1": 306, "preid2": 0, "preid3": 0, "nextid1": 0, "nextid2": 0, "nextid3": 0 }, "geometry": { "type": "LineString", "coordinates": [ [ 120.6623765, 31.4179665 ], [ 120.662407, 31.4179595 ], [ 120.662437, 31.4179525 ], [ 120.662468, 31.417946 ], [ 120.6624985, 31.4179395 ], [ 120.662529, 31.417932 ], [ 120.6625595, 31.4179255 ], [ 120.66259, 31.417918 ], [ 120.66262, 31.417911 ], [ 120.662651, 31.417904 ], [ 120.662681, 31.4178965 ], [ 120.662712, 31.4178895 ], [ 120.662742, 31.4178825 ], [ 120.6627725, 31.417875 ], [ 120.662803, 31.4178675 ], [ 120.662833, 31.4178605 ], [ 120.6628635, 31.417853 ], [ 120.662894, 31.4178455 ], [ 120.662924, 31.4178385 ], [ 120.662955, 31.417831 ], [ 120.662985, 31.4178235 ], [ 120.663015, 31.4178165 ], [ 120.663046, 31.417809 ], [ 120.663076, 31.417802 ], [ 120.6631065, 31.417795 ], [ 120.663137, 31.4177875 ], [ 120.6631675, 31.4177805 ] ] } },
{ "type": "Feature", "properties": { "crossid": 300, "id": 312, "type": 3, "length": 7797.0, "preid1": 307, "preid2": 0, "preid3": 0, "nextid1": 0, "nextid2": 0, "nextid3": 0 }, "geometry": { "type": "LineString", "coordinates": [ [ 120.662378499999988, 31.4179955 ], [ 120.6624085, 31.4179885 ], [ 120.662439, 31.417981 ], [ 120.6624695, 31.4179745 ], [ 120.6625, 31.4179675 ], [ 120.6625305, 31.4179605 ], [ 120.662561, 31.417954 ], [ 120.6625915, 31.4179465 ], [ 120.662622, 31.4179395 ], [ 120.6626525, 31.4179325 ], [ 120.662682499999988, 31.417925 ], [ 120.6627135, 31.417918 ], [ 120.662744, 31.4179115 ], [ 120.662774500000012, 31.4179045 ], [ 120.6628045, 31.417897 ], [ 120.662835, 31.41789 ], [ 120.6628655, 31.4178825 ], [ 120.6628955, 31.4178745 ], [ 120.6629255, 31.417867 ], [ 120.6629565, 31.41786 ], [ 120.662986499999988, 31.4178525 ], [ 120.6630165, 31.417845 ], [ 120.6630475, 31.417838 ], [ 120.6630775, 31.417831 ], [ 120.6631085, 31.4178235 ], [ 120.6631385, 31.417816 ], [ 120.663169, 31.417809 ] ] } },
{ "type": "Feature", "properties": { "crossid": 350, "id": 350, "type": 1, "length": 4145.0, "preid1": 0, "preid2": 0, "preid3": 0, "nextid1": 0, "nextid2": 0, "nextid3": 0 }, "geometry": { "type": "LineString", "coordinates": [ [ 120.66528814941077, 31.41725019975766 ], [ 120.6654, 31.4172255 ], [ 120.66543, 31.417218 ], [ 120.66546, 31.4172105 ], [ 120.6654905, 31.417203 ], [ 120.665521, 31.417195 ], [ 120.665551, 31.417188 ], [ 120.665582, 31.417181 ], [ 120.665612, 31.4171735 ], [ 120.665654138565472, 31.417164624817527 ], [ 120.665708824059195, 31.417152526293481 ] ] } },
{ "type": "Feature", "properties": { "crossid": 350, "id": 351, "type": 1, "length": 4175.0, "preid1": 0, "preid2": 0, "preid3": 0, "nextid1": 0, "nextid2": 0, "nextid3": 0 }, "geometry": { "type": "LineString", "coordinates": [ [ 120.665294979572252, 31.41728207384466 ], [ 120.665374, 31.417264 ], [ 120.6654045, 31.417257 ], [ 120.6654345, 31.4172495 ], [ 120.665464500000013, 31.417242 ], [ 120.6654955, 31.4172345 ], [ 120.6655255, 31.4172275 ], [ 120.6655565, 31.417221 ], [ 120.665586499999989, 31.417213 ], [ 120.665617, 31.417206 ], [ 120.6656475, 31.4171985 ], [ 120.6656775, 31.4171915 ], [ 120.665718041514893, 31.417181537598385 ] ] } },
{ "type": "Feature", "properties": { "crossid": 350, "id": 352, "type": 1, "length": 4204.0, "preid1": 0, "preid2": 0, "preid3": 0, "nextid1": 357, "nextid2": 358, "nextid3": 0 }, "geometry": { "type": "LineString", "coordinates": [ [ 120.665299695636151, 31.417311020719591 ], [ 120.6653905, 31.4172895 ], [ 120.6654215, 31.4172825 ], [ 120.665451499999989, 31.417275 ], [ 120.665482, 31.4172675 ], [ 120.6655125, 31.4172605 ], [ 120.665542499999987, 31.417253 ], [ 120.6655735, 31.417246 ], [ 120.6656035, 31.4172385 ], [ 120.665633500000013, 31.417231 ], [ 120.6656645, 31.417224 ], [ 120.6656945, 31.417217 ], [ 120.6657255, 31.417209 ] ] } },
{ "type": "Feature", "properties": { "crossid": 350, "id": 357, "type": 2, "length": 4244.0, "preid1": 352, "preid2": null, "preid3": null, "nextid1": 361, "nextid2": null, "nextid3": null }, "geometry": { "type": "LineString", "coordinates": [ [ 120.6657255, 31.417209 ], [ 120.665767994094352, 31.417198182974928 ], [ 120.665804721683642, 31.417188122159239 ], [ 120.665836643851975, 31.417178691518007 ], [ 120.665864721683604, 31.417169765016371 ], [ 120.665889916262699, 31.417161216619416 ], [ 120.665913188673414, 31.417152920292253 ], [ 120.665935499999989, 31.41714475 ], [ 120.66595781132655, 31.417136579707734 ], [ 120.665981083737279, 31.417128283380571 ], [ 120.66600627831636, 31.417119734983618 ], [ 120.666034356148003, 31.417110808481979 ], [ 120.666066278316364, 31.417101377840766 ], [ 120.666103005905626, 31.417091317025065 ], [ 120.6661455, 31.4170805 ] ] } },
{ "type": "Feature", "properties": { "crossid": 350, "id": 358, "type": 2, "length": 4182.0, "preid1": 352, "preid2": null, "preid3": null, "nextid1": 362, "nextid2": null, "nextid3": null }, "geometry": { "type": "LineString", "coordinates": [ [ 120.6657255, 31.417209 ], [ 120.66576779614644, 31.417198771729808 ], [ 120.665804610987522, 31.417190192834969 ], [ 120.665836854476538, 31.417182974561822 ], [ 120.665865436567003, 31.417176828156755 ], [ 120.665891267212174, 31.417171464866097 ], [ 120.66591525636548, 31.41716659593623 ], [ 120.665938313980291, 31.417161932613499 ], [ 120.665961350009923, 31.417157186144259 ], [ 120.665985274407817, 31.417152067774875 ], [ 120.666010997127316, 31.417146288751695 ], [ 120.666039428121792, 31.417139560321086 ], [ 120.666071477344644, 31.417131593729398 ], [ 120.666108054749216, 31.417122100222993 ], [ 120.666150070288893, 31.417110791048227 ] ] } },
{ "type": "Feature", "properties": { "crossid": 350, "id": 360, "type": 3, "length": 7800.0, "preid1": 0, "preid2": 0, "preid3": 0, "nextid1": 0, "nextid2": 0, "nextid3": 0 }, "geometry": { "type": "LineString", "coordinates": [ [ 120.666140601767182, 31.417053952047283 ], [ 120.666218, 31.4170335 ], [ 120.666248, 31.417026 ], [ 120.666279, 31.4170185 ], [ 120.666309, 31.4170115 ], [ 120.666339, 31.417004 ], [ 120.66637, 31.416997 ], [ 120.6664, 31.4169895 ], [ 120.6664305, 31.4169825 ], [ 120.6664605, 31.416975 ], [ 120.6664915, 31.416968 ], [ 120.666521450871272, 31.416960750098674 ], [ 120.666550436440062, 31.416953172395029 ], [ 120.666731474413666, 31.416907227819991 ], [ 120.66692894693125, 31.416859514498817 ] ] } },
{ "type": "Feature", "properties": { "crossid": 350, "id": 361, "type": 3, "length": 7801.0, "preid1": 357, "preid2": 0, "preid3": 0, "nextid1": 0, "nextid2": 0, "nextid3": 0 }, "geometry": { "type": "LineString", "coordinates": [ [ 120.6661455, 31.4170805 ], [ 120.666176, 31.4170735 ], [ 120.6662065, 31.4170655 ], [ 120.666237, 31.4170585 ], [ 120.666267, 31.4170515 ], [ 120.6662975, 31.4170435 ], [ 120.666328, 31.4170365 ], [ 120.6663585, 31.417029 ], [ 120.666388500000011, 31.4170215 ], [ 120.6664185, 31.417014 ], [ 120.6664495, 31.417007 ], [ 120.6664795, 31.416999 ], [ 120.66651, 31.4169915 ], [ 120.66654, 31.4169845 ], [ 120.6665705, 31.4169775 ], [ 120.666601, 31.4169705 ], [ 120.666631, 31.4169625 ], [ 120.666662, 31.416956 ], [ 120.666692, 31.4169485 ], [ 120.6667225, 31.4169415 ], [ 120.666753, 31.416934 ], [ 120.666783, 31.4169265 ], [ 120.666813499999989, 31.4169195 ], [ 120.666844, 31.4169115 ], [ 120.666874, 31.4169045 ], [ 120.666905, 31.416897 ], [ 120.666935, 31.4168895 ] ] } },
{ "type": "Feature", "properties": { "crossid": 350, "id": 362, "type": 3, "length": 7802.0, "preid1": 358, "preid2": 0, "preid3": 0, "nextid1": 0, "nextid2": 0, "nextid3": 0 }, "geometry": { "type": "LineString", "coordinates": [ [ 120.666150070288893, 31.417110791048227 ], [ 120.666176, 31.4171045 ], [ 120.666206, 31.4170955 ], [ 120.666236, 31.4170875 ], [ 120.6662665, 31.4170805 ], [ 120.666297, 31.417073 ], [ 120.6663275, 31.417066 ], [ 120.666358, 31.417059 ], [ 120.666388, 31.4170515 ], [ 120.6664185, 31.4170445 ], [ 120.666449, 31.417037 ], [ 120.6664795, 31.41703 ], [ 120.66651, 31.417023 ], [ 120.6665405, 31.417016 ], [ 120.6665705, 31.4170085 ], [ 120.666600863652121, 31.417001243198992 ], [ 120.666631556761303, 31.416993665495347 ], [ 120.666939756049885, 31.416920087475773 ] ] } },
{ "type": "Feature", "properties": { "crossid": 400, "id": 400, "type": 1, "length": 7643.0, "preid1": 0, "preid2": 0, "preid3": 0, "nextid1": 0, "nextid2": 0, "nextid3": 0 }, "geometry": { "type": "LineString", "coordinates": [ [ 120.667857, 31.416654 ], [ 120.667887, 31.4166465 ], [ 120.667917, 31.416639 ], [ 120.667948, 31.4166315 ], [ 120.667978, 31.4166235 ], [ 120.668008, 31.416616 ], [ 120.668038, 31.416609 ], [ 120.668069, 31.4166015 ], [ 120.668099, 31.416594 ], [ 120.66813, 31.416587 ], [ 120.66816, 31.4165795 ], [ 120.66819, 31.4165725 ], [ 120.668221, 31.4165655 ], [ 120.668251, 31.416558 ], [ 120.6682815, 31.416551 ], [ 120.668312, 31.4165435 ], [ 120.668342, 31.4165365 ], [ 120.668373, 31.416529 ], [ 120.6684035, 31.416522 ], [ 120.6684335, 31.4165155 ], [ 120.668464, 31.4165075 ], [ 120.6684945, 31.4165005 ], [ 120.6685245, 31.416493 ], [ 120.668555, 31.416486 ], [ 120.6685855, 31.4164785 ], [ 120.668616, 31.4164715 ], [ 120.668631002900554, 31.416468440051347 ] ] } },
{ "type": "Feature", "properties": { "crossid": 400, "id": 401, "type": 1, "length": 7499.0, "preid1": 0, "preid2": 0, "preid3": 0, "nextid1": 405, "nextid2": 406, "nextid3": 407 }, "geometry": { "type": "LineString", "coordinates": [ [ 120.6678745, 31.4166795 ], [ 120.6679045, 31.416672 ], [ 120.6679345, 31.4166645 ], [ 120.667965, 31.416657 ], [ 120.6679955, 31.416649 ], [ 120.6680255, 31.416642 ], [ 120.6680555, 31.4166345 ], [ 120.6680865, 31.416627 ], [ 120.6681165, 31.4166195 ], [ 120.668147, 31.4166125 ], [ 120.6681775, 31.416605 ], [ 120.6682075, 31.4165975 ], [ 120.668238, 31.4165905 ], [ 120.6682685, 31.4165825 ], [ 120.6682985, 31.4165755 ], [ 120.6683295, 31.4165685 ], [ 120.6683595, 31.416561 ], [ 120.66839, 31.4165535 ], [ 120.66842, 31.416546 ], [ 120.6684505, 31.4165385 ], [ 120.668481, 31.416531 ], [ 120.668511, 31.416524 ], [ 120.6685415, 31.4165165 ], [ 120.668572, 31.416509 ], [ 120.668602, 31.4165015 ], [ 120.668633, 31.4164945 ] ] } },
{ "type": "Feature", "properties": { "crossid": 400, "id": 402, "type": 1, "length": 7487.0, "preid1": 0, "preid2": 0, "preid3": 0, "nextid1": 0, "nextid2": 0, "nextid3": 0 }, "geometry": { "type": "LineString", "coordinates": [ [ 120.6678825, 31.416706 ], [ 120.667913, 31.4167005 ], [ 120.6679425, 31.416692 ], [ 120.667973, 31.416686 ], [ 120.6680035, 31.416678 ], [ 120.668034, 31.4166715 ], [ 120.668064, 31.4166635 ], [ 120.6680945, 31.416656 ], [ 120.668125, 31.4166485 ], [ 120.668155, 31.4166415 ], [ 120.6681855, 31.416634 ], [ 120.6682155, 31.416626 ], [ 120.668246, 31.416619 ], [ 120.6682765, 31.4166115 ], [ 120.668307, 31.416605 ], [ 120.668337323340978, 31.416597940320273 ], [ 120.668368, 31.4165905 ], [ 120.668397571199066, 31.416583122290096 ], [ 120.6684275, 31.416575 ], [ 120.668458, 31.4165665 ], [ 120.668488, 31.4165585 ], [ 120.668518, 31.416551 ], [ 120.668549, 31.4165445 ], [ 120.6685785, 31.4165355 ], [ 120.668609, 31.4165285 ], [ 120.6686395, 31.4165215 ] ] } },
{ "type": "Feature", "properties": { "crossid": 400, "id": 405, "type": 2, "length": 7917.0, "preid1": 401, "preid2": null, "preid3": null, "nextid1": 410, "nextid2": null, "nextid3": null }, "geometry": { "type": "LineString", "coordinates": [ [ 120.668633, 31.4164945 ], [ 120.668704206215963, 31.416476525387683 ], [ 120.668771925027258, 31.416458038183521 ], [ 120.668836187935995, 31.416440164185389 ], [ 120.668897026444512, 31.416424029191187 ], [ 120.668954472054907, 31.41641075899879 ], [ 120.669008556269475, 31.416401479406101 ], [ 120.669059310590399, 31.416397316210993 ], [ 120.669106766519874, 31.416399395211357 ], [ 120.669150955560127, 31.416408842205072 ], [ 120.669191909213311, 31.416426782990023 ], [ 120.669229658981692, 31.416454343364112 ], [ 120.669264236367468, 31.41649264912521 ], [ 120.669295672872835, 31.416542826071208 ], [ 120.669324, 31.416606 ] ] } },
{ "type": "Feature", "properties": { "crossid": 400, "id": 406, "type": 2, "length": 7591.0, "preid1": 401, "preid2": null, "preid3": null, "nextid1": 411, "nextid2": null, "nextid3": null }, "geometry": { "type": "LineString", "coordinates": [ [ 120.668633, 31.4164945 ], [ 120.66870106318953, 31.416477570491331 ], [ 120.668765903663029, 31.416460578869071 ], [ 120.668827512855898, 31.416444536576762 ], [ 120.668885882203654, 31.416430455057998 ], [ 120.668941003141711, 31.416419345756331 ], [ 120.668992867105572, 31.416412220115351 ], [ 120.669041465530711, 31.416410089578608 ], [ 120.669086789852528, 31.416413965589673 ], [ 120.669128831506526, 31.416424859592126 ], [ 120.669167581928107, 31.416443783029521 ], [ 120.669203032552815, 31.416471747345444 ], [ 120.669235174816052, 31.416509763983449 ], [ 120.669264000153291, 31.416558844387112 ], [ 120.6692895, 31.41662 ] ] } },
{ "type": "Feature", "properties": { "crossid": 400, "id": 407, "type": 2, "length": 7229.0, "preid1": 401, "preid2": null, "preid3": null, "nextid1": 412, "nextid2": null, "nextid3": null }, "geometry": { "type": "LineString", "coordinates": [ [ 120.668633, 31.4164945 ], [ 120.668697869430531, 31.416478638025261 ], [ 120.668759432051488, 31.416463264461381 ], [ 120.668817731125614, 31.416449249149696 ], [ 120.668872809915683, 31.416437461931629 ], [ 120.668924711684454, 31.416428772648509 ], [ 120.668973479694714, 31.416424051141725 ], [ 120.669019157209178, 31.416424167252654 ], [ 120.669061787490605, 31.416429990822657 ], [ 120.669101413801769, 31.416442391693096 ], [ 120.6691380794054, 31.416462239705361 ], [ 120.669171827564298, 31.416490404700809 ], [ 120.669202701541195, 31.416527756520821 ], [ 120.669230744598835, 31.416575165006755 ], [ 120.669256, 31.4166335 ] ] } },
{ "type": "Feature", "properties": { "crossid": 400, "id": 410, "type": 3, "length": 12277.0, "preid1": 405, "preid2": 0, "preid3": 0, "nextid1": 0, "nextid2": 0, "nextid3": 0 }, "geometry": { "type": "LineString", "coordinates": [ [ 120.669324, 31.416606 ], [ 120.669334, 31.4166315 ], [ 120.6693435, 31.416657 ], [ 120.669353, 31.416683 ], [ 120.669362, 31.416709 ], [ 120.669371, 31.4167345 ], [ 120.66938, 31.4167605 ], [ 120.669389, 31.4167865 ], [ 120.6693975, 31.4168125 ], [ 120.6694065, 31.4168385 ], [ 120.6694155, 31.4168645 ], [ 120.6694235, 31.4168905 ], [ 120.669432, 31.416917 ], [ 120.669441, 31.416943 ], [ 120.6694495, 31.416969 ], [ 120.669459, 31.4169945 ], [ 120.6694675, 31.417021 ], [ 120.669477, 31.4170465 ], [ 120.6694855, 31.4170725 ], [ 120.669495, 31.4170985 ], [ 120.669504, 31.417124 ], [ 120.6695135, 31.41715 ], [ 120.6695225, 31.417176 ], [ 120.669532, 31.417202 ], [ 120.669541, 31.4172275 ], [ 120.66955, 31.4172535 ], [ 120.6695595, 31.4172795 ], [ 120.669568, 31.4173055 ], [ 120.669577, 31.4173315 ], [ 120.669586, 31.4173575 ], [ 120.6695955, 31.4173835 ], [ 120.6696045, 31.417409 ], [ 120.6696135, 31.417435 ], [ 120.6696225, 31.4174605 ], [ 120.669632, 31.4174865 ], [ 120.669641, 31.4175125 ], [ 120.66965, 31.4175385 ], [ 120.669659, 31.4175645 ], [ 120.669668, 31.4175905 ], [ 120.669677, 31.4176165 ], [ 120.669686, 31.4176425 ], [ 120.669694806966731, 31.417666497903895 ] ] } },
{ "type": "Feature", "properties": { "crossid": 400, "id": 411, "type": 3, "length": 12232.0, "preid1": 406, "preid2": 0, "preid3": 0, "nextid1": 0, "nextid2": 0, "nextid3": 0 }, "geometry": { "type": "LineString", "coordinates": [ [ 120.6692895, 31.41662 ], [ 120.6692985, 31.416646 ], [ 120.6693075, 31.416671 ], [ 120.6693165, 31.416697 ], [ 120.6693255, 31.416723 ], [ 120.6693345, 31.416749 ], [ 120.6693435, 31.416775 ], [ 120.6693525, 31.416801 ], [ 120.669361, 31.416827 ], [ 120.66937, 31.416853 ], [ 120.669379, 31.416879 ], [ 120.6693875, 31.416905 ], [ 120.6693965, 31.416931 ], [ 120.6694055, 31.416957 ], [ 120.669414, 31.416983 ], [ 120.6694235, 31.417009 ], [ 120.6694325, 31.417035 ], [ 120.6694415, 31.417061 ], [ 120.6694505, 31.417087 ], [ 120.6694595, 31.417113 ], [ 120.6694685, 31.417138 ], [ 120.669478, 31.417164 ], [ 120.669487, 31.41719 ], [ 120.669496, 31.417216 ], [ 120.6695055, 31.417242 ], [ 120.6695145, 31.417268 ], [ 120.6695235, 31.417294 ], [ 120.6695325, 31.41732 ], [ 120.6695415, 31.417346 ], [ 120.6695505, 31.417372 ], [ 120.6695595, 31.417398 ], [ 120.6695685, 31.4174235 ], [ 120.6695775, 31.417449 ], [ 120.6695865, 31.417475 ], [ 120.669596, 31.417501 ], [ 120.669605, 31.417527 ], [ 120.669614, 31.417553 ], [ 120.669623, 31.417579 ], [ 120.669632, 31.417605 ], [ 120.6696415, 31.417631 ], [ 120.6696505, 31.417657 ], [ 120.669657442245466, 31.417677055375819 ] ] } },
{ "type": "Feature", "properties": { "crossid": 400, "id": 412, "type": 3, "length": 12188.0, "preid1": 406, "preid2": 0, "preid3": 0, "nextid1": 0, "nextid2": 0, "nextid3": 0 }, "geometry": { "type": "LineString", "coordinates": [ [ 120.669256, 31.4166335 ], [ 120.6692655, 31.416659 ], [ 120.669275, 31.4166845 ], [ 120.669284, 31.4167105 ], [ 120.669293, 31.4167365 ], [ 120.6693015, 31.4167625 ], [ 120.6693105, 31.4167885 ], [ 120.669319, 31.4168145 ], [ 120.6693275, 31.4168405 ], [ 120.669336, 31.4168665 ], [ 120.6693445, 31.4168925 ], [ 120.6693535, 31.4169185 ], [ 120.6693625, 31.4169445 ], [ 120.669371, 31.4169705 ], [ 120.6693795, 31.4169965 ], [ 120.669389, 31.4170225 ], [ 120.669398, 31.4170485 ], [ 120.669407, 31.4170745 ], [ 120.6694165, 31.4171005 ], [ 120.669425, 31.4171265 ], [ 120.669434, 31.4171515 ], [ 120.669443, 31.4171775 ], [ 120.669452, 31.4172035 ], [ 120.669461, 31.4172295 ], [ 120.6694705, 31.4172555 ], [ 120.6694795, 31.4172815 ], [ 120.6694885, 31.4173075 ], [ 120.6694975, 31.4173335 ], [ 120.6695065, 31.4173595 ], [ 120.6695155, 31.4173855 ], [ 120.669525, 31.4174115 ], [ 120.6695335, 31.4174375 ], [ 120.669543, 31.417463 ], [ 120.669552, 31.417489 ], [ 120.669561, 31.4175145 ], [ 120.66957, 31.4175405 ], [ 120.669579, 31.4175665 ], [ 120.669588, 31.4175925 ], [ 120.669597, 31.4176185 ], [ 120.6696065, 31.4176445 ], [ 120.6696155, 31.4176705 ], [ 120.66962151982932, 31.417687057303453 ] ] } },
{ "type": "Feature", "properties": { "crossid": 450, "id": 450, "type": 1, "length": 12191.0, "preid1": 0, "preid2": 0, "preid3": 0, "nextid1": 0, "nextid2": 0, "nextid3": 0 }, "geometry": { "type": "LineString", "coordinates": [ [ 120.675481799443219, 31.434710114195727 ], [ 120.675485474850717, 31.434726414139227 ], [ 120.675491902062788, 31.434752423970657 ], [ 120.675498004029066, 31.434777795441839 ], [ 120.675505244355605, 31.434806732485335 ], [ 120.675511346321883, 31.43483306756255 ], [ 120.6755185, 31.43486 ], [ 120.675526, 31.434886 ], [ 120.6755335, 31.434913 ], [ 120.675540500000011, 31.434939 ], [ 120.675548, 31.434965 ], [ 120.675555, 31.4349915 ], [ 120.6755615, 31.435018 ], [ 120.6755685, 31.4350445 ], [ 120.675575, 31.4350705 ], [ 120.6755825, 31.4350965 ], [ 120.675589, 31.4351235 ], [ 120.675596, 31.4351495 ], [ 120.6756025, 31.4351755 ], [ 120.675609, 31.4352025 ], [ 120.6756155, 31.4352285 ], [ 120.675622, 31.4352555 ], [ 120.675629, 31.4352815 ], [ 120.675635, 31.4353085 ], [ 120.675642, 31.4353345 ], [ 120.675649, 31.4353615 ], [ 120.6756555, 31.4353875 ], [ 120.6756625, 31.4354135 ], [ 120.6756695, 31.4354405 ], [ 120.6756765, 31.4354665 ], [ 120.6756835, 31.4354935 ], [ 120.67569, 31.4355195 ], [ 120.675697, 31.435546 ], [ 120.6757035, 31.4355725 ], [ 120.675711, 31.4355985 ], [ 120.675717, 31.4356255 ], [ 120.675724, 31.4356515 ], [ 120.6757305, 31.4356785 ], [ 120.6757365, 31.4357045 ], [ 120.6757435, 31.4357315 ], [ 120.6757495, 31.4357575 ], [ 120.6757565, 31.435784 ] ] } },
{ "type": "Feature", "properties": { "crossid": 450, "id": 451, "type": 1, "length": 12355.0, "preid1": 0, "preid2": 0, "preid3": 0, "nextid1": 455, "nextid2": 456, "nextid3": 0 }, "geometry": { "type": "LineString", "coordinates": [ [ 120.675440682653772, 31.434716606999739 ], [ 120.675442, 31.4347215 ], [ 120.675449, 31.434748 ], [ 120.675456, 31.4347745 ], [ 120.6754635, 31.4348005 ], [ 120.6754705, 31.434827 ], [ 120.6754775, 31.4348535 ], [ 120.6754845, 31.4348795 ], [ 120.6754915, 31.4349065 ], [ 120.675498, 31.4349325 ], [ 120.675505, 31.434959 ], [ 120.675512, 31.4349855 ], [ 120.675519, 31.4350115 ], [ 120.675526, 31.4350385 ], [ 120.675533, 31.4350645 ], [ 120.67554, 31.4350905 ], [ 120.675547, 31.4351175 ], [ 120.675554, 31.4351435 ], [ 120.675561, 31.43517 ], [ 120.675568, 31.4351965 ], [ 120.6755745, 31.435223 ], [ 120.675581, 31.4352495 ], [ 120.675588, 31.4352755 ], [ 120.6755945, 31.4353025 ], [ 120.675601, 31.4353285 ], [ 120.675608, 31.4353555 ], [ 120.675615, 31.4353815 ], [ 120.6756215, 31.435408 ], [ 120.675628, 31.4354345 ], [ 120.675635, 31.4354605 ], [ 120.675642, 31.4354875 ], [ 120.6756485, 31.4355135 ], [ 120.675655, 31.4355405 ], [ 120.675662, 31.4355665 ], [ 120.6756685, 31.435593 ], [ 120.675675, 31.4356195 ], [ 120.675682, 31.435646 ], [ 120.6756885, 31.4356725 ], [ 120.675695, 31.4356985 ], [ 120.675702, 31.4357255 ], [ 120.675708, 31.4357515 ], [ 120.675715, 31.4357785 ], [ 120.6757215, 31.4358045 ] ] } },
{ "type": "Feature", "properties": { "crossid": 450, "id": 452, "type": 1, "length": 12446.0, "preid1": 0, "preid2": 0, "preid3": 0, "nextid1": 0, "nextid2": 0, "nextid3": 0 }, "geometry": { "type": "LineString", "coordinates": [ [ 120.675403124161235, 31.43472315314223 ], [ 120.6754065, 31.434736 ], [ 120.6754135, 31.4347625 ], [ 120.6754205, 31.4347885 ], [ 120.675428, 31.434815 ], [ 120.675435, 31.4348415 ], [ 120.675442, 31.434868 ], [ 120.675449, 31.434894 ], [ 120.6754555, 31.4349205 ], [ 120.675462, 31.434947 ], [ 120.675469, 31.4349735 ], [ 120.675476, 31.435 ], [ 120.6754835, 31.435026 ], [ 120.67549, 31.4350525 ], [ 120.675497, 31.435079 ], [ 120.6755045, 31.435105 ], [ 120.675511, 31.4351315 ], [ 120.675518, 31.435158 ], [ 120.675525, 31.4351845 ], [ 120.675532, 31.435211 ], [ 120.675539, 31.4352375 ], [ 120.6755455, 31.4352635 ], [ 120.6755525, 31.43529 ], [ 120.675559, 31.4353165 ], [ 120.6755655, 31.435343 ], [ 120.675572, 31.4353695 ], [ 120.675579, 31.435396 ], [ 120.675586, 31.4354225 ], [ 120.6755925, 31.435449 ], [ 120.6755995, 31.435475 ], [ 120.675606, 31.4355015 ], [ 120.675613, 31.435528 ], [ 120.6756195, 31.4355545 ], [ 120.675626, 31.435581 ], [ 120.6756325, 31.4356075 ], [ 120.675639, 31.435634 ], [ 120.675646, 31.4356605 ], [ 120.6756525, 31.4356865 ], [ 120.6756595, 31.435713 ], [ 120.675666, 31.4357395 ], [ 120.6756725, 31.435766 ], [ 120.6756795, 31.4357925 ], [ 120.6756865, 31.435819 ] ] } },
{ "type": "Feature", "properties": { "crossid": 450, "id": 455, "type": 2, "length": 7451.0, "preid1": 451, "preid2": null, "preid3": null, "nextid1": 460, "nextid2": null, "nextid3": null }, "geometry": { "type": "LineString", "coordinates": [ [ 120.6757215, 31.4358045 ], [ 120.675738192026245, 31.435870002730134 ], [ 120.675752691293127, 31.435926900919718 ], [ 120.675765340802613, 31.43597663406041 ], [ 120.675776483556788, 31.436020641643911 ], [ 120.675786462557596, 31.436060363161857 ], [ 120.675795620807136, 31.436097238105951 ], [ 120.675804301307437, 31.436132705967857 ], [ 120.675812847060485, 31.436168206239227 ], [ 120.675821601068321, 31.436205178411743 ], [ 120.675830906332948, 31.436245061977079 ], [ 120.675841105856392, 31.436289296426899 ], [ 120.675852542640712, 31.436339321252881 ], [ 120.675865559687907, 31.436396575946691 ], [ 120.6758805, 31.4364625 ] ] } },
{ "type": "Feature", "properties": { "crossid": 450, "id": 456, "type": 2, "length": 7523.0, "preid1": 451, "preid2": null, "preid3": null, "nextid1": 461, "nextid2": null, "nextid3": null }, "geometry": { "type": "LineString", "coordinates": [ [ 120.6757215, 31.4358045 ], [ 120.675737748474845, 31.435870521964258 ], [ 120.675750807269239, 31.435928094946682 ], [ 120.675761185400347, 31.435978632545734 ], [ 120.675769391885495, 31.43602354835993 ], [ 120.675775935741854, 31.436064255987727 ], [ 120.675781325986748, 31.43610216902762 ], [ 120.675786071637347, 31.436138701078097 ], [ 120.675790681710922, 31.436175265737624 ], [ 120.675795665224683, 31.43621327660469 ], [ 120.675801531195901, 31.436254147277772 ], [ 120.675808788641788, 31.436299291355368 ], [ 120.675817946579613, 31.436350122435947 ], [ 120.675829514026617, 31.436408054117994 ], [ 120.675844, 31.4364745 ] ] } },
{ "type": "Feature", "properties": { "crossid": 450, "id": 460, "type": 3, "length": 7498.0, "preid1": 455, "preid2": 0, "preid3": 0, "nextid1": 0, "nextid2": 0, "nextid3": 0 }, "geometry": { "type": "LineString", "coordinates": [ [ 120.6758805, 31.4364625 ], [ 120.6758865, 31.4364885 ], [ 120.6758925, 31.4365155 ], [ 120.6758985, 31.436542 ], [ 120.6759045, 31.4365685 ], [ 120.6759115, 31.436595 ], [ 120.6759175, 31.4366215 ], [ 120.67592350000001, 31.436648 ], [ 120.6759295, 31.4366745 ], [ 120.6759355, 31.436701 ], [ 120.675942, 31.4367275 ], [ 120.6759475, 31.436754 ], [ 120.6759535, 31.4367805 ], [ 120.6759595, 31.4368075 ], [ 120.6759655, 31.4368335 ], [ 120.6759715, 31.4368605 ], [ 120.6759775, 31.436887 ], [ 120.6759835, 31.4369135 ], [ 120.6759895, 31.43694 ], [ 120.6759955, 31.4369665 ], [ 120.676002, 31.436993 ], [ 120.6760085, 31.4370195 ], [ 120.6760145, 31.4370465 ], [ 120.67602, 31.437073 ], [ 120.676026, 31.4370995 ], [ 120.6760325, 31.437126 ] ] } },
{ "type": "Feature", "properties": { "crossid": 450, "id": 461, "type": 3, "length": 7497.0, "preid1": 456, "preid2": 0, "preid3": 0, "nextid1": 0, "nextid2": 0, "nextid3": 0 }, "geometry": { "type": "LineString", "coordinates": [ [ 120.675844, 31.4364745 ], [ 120.67585, 31.436501 ], [ 120.675856, 31.4365275 ], [ 120.675862, 31.436554 ], [ 120.675868, 31.436581 ], [ 120.6758745, 31.436607 ], [ 120.6758805, 31.436634 ], [ 120.675887, 31.43666 ], [ 120.675893, 31.436687 ], [ 120.675899, 31.436713 ], [ 120.675905, 31.43674 ], [ 120.675911, 31.436766 ], [ 120.675917, 31.436793 ], [ 120.675923, 31.43682 ], [ 120.675929, 31.436846 ], [ 120.675935, 31.436873 ], [ 120.675941, 31.436899 ], [ 120.675947, 31.436926 ], [ 120.675953, 31.436952 ], [ 120.675959, 31.436979 ], [ 120.6759655, 31.437005 ], [ 120.6759715, 31.437032 ], [ 120.6759775, 31.437059 ], [ 120.6759835, 31.437085 ], [ 120.675989, 31.437112 ], [ 120.6759955, 31.437138 ] ] } },
{ "type": "Feature", "properties": { "crossid": 500, "id": 500, "type": 1, "length": 8390.0, "preid1": 0, "preid2": 0, "preid3": 0, "nextid1": 0, "nextid2": 0, "nextid3": 0 }, "geometry": { "type": "LineString", "coordinates": [ [ 120.680352, 31.455201 ], [ 120.680362, 31.4552265 ], [ 120.680372, 31.4552525 ], [ 120.680381, 31.455278 ], [ 120.680391, 31.4553035 ], [ 120.6804, 31.4553295 ], [ 120.68041, 31.4553555 ], [ 120.68042, 31.4553805 ], [ 120.6804295, 31.4554065 ], [ 120.680439, 31.4554325 ], [ 120.680448500000011, 31.4554585 ], [ 120.680458, 31.455484 ], [ 120.680467, 31.4555095 ], [ 120.680477, 31.4555355 ], [ 120.6804865, 31.4555615 ], [ 120.680496, 31.455587 ], [ 120.6805065, 31.4556125 ], [ 120.68051650000001, 31.4556385 ], [ 120.680526500000013, 31.455664 ], [ 120.680536, 31.4556895 ], [ 120.680546, 31.4557155 ], [ 120.680556, 31.4557415 ], [ 120.6805655, 31.4557665 ], [ 120.6805755, 31.4557925 ], [ 120.680586, 31.455818 ], [ 120.680596, 31.4558435 ], [ 120.680606, 31.4558695 ], [ 120.6806165, 31.4558945 ], [ 120.680627, 31.45592 ] ] } },
{ "type": "Feature", "properties": { "crossid": 500, "id": 501, "type": 1, "length": 8316.0, "preid1": 0, "preid2": 0, "preid3": 0, "nextid1": 506, "nextid2": 0, "nextid3": 0 }, "geometry": { "type": "LineString", "coordinates": [ [ 120.680314308096143, 31.455210277702495 ], [ 120.680391, 31.4554105 ], [ 120.680401, 31.4554365 ], [ 120.68041, 31.455462 ], [ 120.68042, 31.4554875 ], [ 120.6804295, 31.4555135 ], [ 120.6804395, 31.4555395 ], [ 120.6804495, 31.4555645 ], [ 120.6804595, 31.4555905 ], [ 120.6804695, 31.4556165 ], [ 120.680479, 31.455642 ], [ 120.680489, 31.4556675 ], [ 120.680499, 31.455693 ], [ 120.680509, 31.455719 ], [ 120.6805185, 31.455745 ], [ 120.680588618703709, 31.455922412044121 ] ] } },
{ "type": "Feature", "properties": { "crossid": 500, "id": 502, "type": 1, "length": 5936.0, "preid1": 0, "preid2": 0, "preid3": 0, "nextid1": 0, "nextid2": 0, "nextid3": 0 }, "geometry": { "type": "LineString", "coordinates": [ [ 120.680394551684685, 31.455419307999289 ], [ 120.680403372912821, 31.45545371078903 ], [ 120.680411900100026, 31.455487231455955 ], [ 120.680417486877843, 31.455510460690054 ], [ 120.680423073655675, 31.455538982661036 ], [ 120.680428072351603, 31.455565152304512 ], [ 120.68043395317035, 31.455600731258006 ], [ 120.680441892275653, 31.455626018778663 ], [ 120.680448949258164, 31.455653070544955 ], [ 120.68045659432255, 31.455676887860928 ], [ 120.680466003632588, 31.455704527709099 ], [ 120.680473942737891, 31.455731873516328 ], [ 120.680483352047901, 31.455760983569188 ], [ 120.680549217218015, 31.455937114091018 ] ] } },
{ "type": "Feature", "properties": { "crossid": 500, "id": 506, "type": 2, "length": 6605.0, "preid1": 501, "preid2": null, "preid3": null, "nextid1": 510, "nextid2": null, "nextid3": null }, "geometry": { "type": "LineString", "coordinates": [ [ 120.680588618703709, 31.455922412044121 ], [ 120.680604407378127, 31.455973181146483 ], [ 120.680610557816948, 31.456019158446228 ], [ 120.680607748222585, 31.456060529677654 ], [ 120.680596656797576, 31.456097480575153 ], [ 120.680577961744305, 31.456130196873026 ], [ 120.680552341265241, 31.456158864305635 ], [ 120.680520473562879, 31.456183668607316 ], [ 120.680483036839576, 31.456204795512399 ], [ 120.680440709297812, 31.456222430755219 ], [ 120.680394169140072, 31.456236760070123 ], [ 120.680344094568767, 31.456247969191452 ], [ 120.680291163786364, 31.456256243853538 ], [ 120.680236054995291, 31.456261769790725 ], [ 120.680179446398029, 31.456264732737353 ] ] } },
{ "type": "Feature", "properties": { "crossid": 500, "id": 510, "type": 3, "length": 8184.0, "preid1": 506, "preid2": 0, "preid3": 0, "nextid1": 0, "nextid2": 0, "nextid3": 0 }, "geometry": { "type": "LineString", "coordinates": [ [ 120.680179446398029, 31.456264732737353 ], [ 120.680123724587389, 31.456266379002706 ], [ 120.680092724587396, 31.456267379002707 ], [ 120.680060724587392, 31.456268379002708 ], [ 120.680029724587385, 31.456269379002705 ], [ 120.679997724587395, 31.456269379002705 ], [ 120.67996572458739, 31.456271379002708 ], [ 120.679934724587397, 31.456271379002708 ], [ 120.679902724587393, 31.456272379002705 ], [ 120.679871724587386, 31.456273379002706 ], [ 120.679839724587396, 31.456274379002707 ], [ 120.679807724587391, 31.456274379002707 ], [ 120.679777724587396, 31.456275379002708 ], [ 120.679745724587391, 31.456274379002707 ], [ 120.679714724587384, 31.456275379002708 ], [ 120.679683724587392, 31.456275379002708 ], [ 120.679651724587387, 31.456276379002706 ], [ 120.679619724587397, 31.456276379002706 ], [ 120.67958872458739, 31.456277379002707 ], [ 120.679556724587385, 31.456278379002708 ], [ 120.679525724587393, 31.456278379002708 ], [ 120.679493724587388, 31.456279379002705 ], [ 120.679462724587395, 31.456280379002706 ], [ 120.679430724587391, 31.456281379002707 ], [ 120.679398724587386, 31.456282379002708 ], [ 120.679366724587396, 31.456282379002708 ], [ 120.679318846048943, 31.456281808141135 ] ] } },
{ "type": "Feature", "properties": { "crossid": 550, "id": 550, "type": 1, "length": 5480.0, "preid1": 0, "preid2": 0, "preid3": 0, "nextid1": 555, "nextid2": 0, "nextid3": 0 }, "geometry": { "type": "LineString", "coordinates": [ [ 120.679311383509372, 31.456282216491857 ], [ 120.679287908402031, 31.456282973753385 ], [ 120.679255908402041, 31.456283973753386 ], [ 120.679223908402037, 31.456283973753386 ], [ 120.679193908402041, 31.456284973753387 ], [ 120.679161908402037, 31.456283973753386 ], [ 120.67913090840203, 31.456284973753387 ], [ 120.679099908402037, 31.456284973753387 ], [ 120.679067908402033, 31.456285973753385 ], [ 120.679035908402042, 31.456285973753385 ], [ 120.679004908402035, 31.456286973753386 ], [ 120.678972908402031, 31.456287973753387 ], [ 120.678941908402038, 31.456287973753387 ], [ 120.678909908402034, 31.456288973753384 ], [ 120.678878908402041, 31.456289973753385 ], [ 120.678846908402036, 31.456290973753386 ], [ 120.678814908402032, 31.456291973753387 ], [ 120.678782908402042, 31.456291973753387 ], [ 120.678735029863589, 31.456291402891814 ] ] } },
{ "type": "Feature", "properties": { "crossid": 550, "id": 555, "type": 2, "length": 7451.0, "preid1": 550, "preid2": null, "preid3": null, "nextid1": 560, "nextid2": null, "nextid3": null }, "geometry": { "type": "LineString", "coordinates": [ [ 120.678735029863589, 31.456291402891814 ], [ 120.678656781653217, 31.456290999397968 ], [ 120.678588815954271, 31.456290972953376 ], [ 120.678529419490445, 31.456291299510788 ], [ 120.678476878985705, 31.456291955023026 ], [ 120.678429481163775, 31.456292915442834 ], [ 120.678385512748534, 31.456294156723011 ], [ 120.678343260463777, 31.45629565481633 ], [ 120.678301011033327, 31.456297385675555 ], [ 120.678257051180992, 31.456299325253468 ], [ 120.678209667630611, 31.456301449502849 ], [ 120.67815714710602, 31.456303734376476 ], [ 120.678097776331015, 31.456306155827122 ], [ 120.678029842029403, 31.456308689807567 ], [ 120.677951630925051, 31.456311312270593 ] ] } },
{ "type": "Feature", "properties": { "crossid": 550, "id": 560, "type": 3, "length": 5485.0, "preid1": 555, "preid2": 0, "preid3": 0, "nextid1": 0, "nextid2": 0, "nextid3": 0 }, "geometry": { "type": "LineString", "coordinates": [ [ 120.677951630925051, 31.456311312270593 ], [ 120.677927730526164, 31.456312083251198 ], [ 120.677895730526174, 31.456313083251203 ], [ 120.67786373052617, 31.456313083251203 ], [ 120.677833730526174, 31.4563140832512 ], [ 120.67780173052617, 31.456313083251203 ], [ 120.677770730526163, 31.4563140832512 ], [ 120.67773973052617, 31.4563140832512 ], [ 120.677707730526166, 31.456315083251198 ], [ 120.677675730526175, 31.456315083251198 ], [ 120.677644730526168, 31.456316083251203 ], [ 120.677612730526164, 31.4563170832512 ], [ 120.677581730526171, 31.4563170832512 ], [ 120.677549730526167, 31.456318083251197 ], [ 120.677518730526174, 31.456319083251202 ], [ 120.677486730526169, 31.4563200832512 ], [ 120.677454730526165, 31.456321083251204 ], [ 120.677422730526175, 31.456321083251204 ], [ 120.677374851987722, 31.456320512389631 ] ] } },
{ "type": "Feature", "properties": { "crossid": 600, "id": 600, "type": 1, "length": 5396.0, "preid1": 0, "preid2": 0, "preid3": 0, "nextid1": 605, "nextid2": 0, "nextid3": 0 }, "geometry": { "type": "LineString", "coordinates": [ [ 120.6752775, 31.4563885 ], [ 120.675246, 31.4563895 ], [ 120.675215, 31.4563905 ], [ 120.675183, 31.456391 ], [ 120.675152, 31.456392 ], [ 120.67512, 31.4563925 ], [ 120.675089, 31.4563935 ], [ 120.675057, 31.456394 ], [ 120.6750255, 31.4563945 ], [ 120.674994, 31.4563955 ], [ 120.674962, 31.456396 ], [ 120.674931, 31.456397 ], [ 120.674899, 31.4563975 ], [ 120.674868, 31.4563985 ], [ 120.674836, 31.456399 ], [ 120.674805, 31.4563995 ], [ 120.674773, 31.4564005 ], [ 120.6747415, 31.4564015 ], [ 120.67471, 31.4564025 ] ] } },
{ "type": "Feature", "properties": { "crossid": 600, "id": 605, "type": 2, "length": 5164.0, "preid1": 600, "preid2": null, "preid3": null, "nextid1": 610, "nextid2": null, "nextid3": null }, "geometry": { "type": "LineString", "coordinates": [ [ 120.67471, 31.4564025 ], [ 120.674655828324333, 31.456404468565459 ], [ 120.67460877434516, 31.456406632704848 ], [ 120.674567651779626, 31.456408915887522 ], [ 120.674531274345128, 31.456411241582895 ], [ 120.674498455758837, 31.456413533260349 ], [ 120.674468009738035, 31.456415714389273 ], [ 120.67443875, 31.456417708439055 ], [ 120.674409490261965, 31.456419438879074 ], [ 120.674379044241164, 31.456420829178729 ], [ 120.674346225654872, 31.456421802807395 ], [ 120.674309848220361, 31.456422283234467 ], [ 120.674268725654869, 31.456422193929338 ], [ 120.674221671675653, 31.45642145836138 ], [ 120.6741675, 31.45642 ] ] } },
{ "type": "Feature", "properties": { "crossid": 600, "id": 610, "type": 3, "length": 7500.0, "preid1": 605, "preid2": 0, "preid3": 0, "nextid1": 0, "nextid2": 0, "nextid3": 0 }, "geometry": { "type": "LineString", "coordinates": [ [ 120.6741675, 31.45642 ], [ 120.6741355, 31.456419 ], [ 120.6741045, 31.456418 ], [ 120.6740725, 31.4564175 ], [ 120.6740415, 31.4564165 ], [ 120.6740095, 31.4564165 ], [ 120.6739785, 31.456416 ], [ 120.6739465, 31.456416 ], [ 120.6739145, 31.4564165 ], [ 120.6738835, 31.4564165 ], [ 120.6738515, 31.4564175 ], [ 120.6738205, 31.4564185 ], [ 120.6737885, 31.4564195 ], [ 120.6737575, 31.4564215 ], [ 120.6737255, 31.456423 ], [ 120.6736945, 31.456426 ], [ 120.6736625, 31.4564285 ], [ 120.6736315, 31.456432 ], [ 120.6736005, 31.456435 ], [ 120.6735685, 31.4564385 ], [ 120.6735375, 31.456442 ], [ 120.6735065, 31.4564455 ], [ 120.6734755, 31.4564495 ], [ 120.6734435, 31.456453 ], [ 120.6734125, 31.456457 ], [ 120.6733815, 31.4564605 ] ] } },
{ "type": "Feature", "properties": { "crossid": 650, "id": 650, "type": 1, "length": 4556.0, "preid1": 0, "preid2": 0, "preid3": 0, "nextid1": 655, "nextid2": 0, "nextid3": 0 }, "geometry": { "type": "LineString", "coordinates": [ [ 120.671849495268489, 31.456881236124197 ], [ 120.6717545, 31.456915 ], [ 120.671725, 31.456926 ], [ 120.6716955, 31.456936 ], [ 120.6716665, 31.4569465 ], [ 120.6716375, 31.456957 ], [ 120.6716085, 31.456967 ], [ 120.6715795, 31.456977 ], [ 120.67155, 31.456988 ], [ 120.6715205, 31.456998 ], [ 120.6714915, 31.457008 ], [ 120.671406510508376, 31.457038167215806 ] ] } },
{ "type": "Feature", "properties": { "crossid": 650, "id": 655, "type": 2, "length": 2343.0, "preid1": 650, "preid2": null, "preid3": null, "nextid1": 660, "nextid2": null, "nextid3": null }, "geometry": { "type": "LineString", "coordinates": [ [ 120.671406510508376, 31.457038167215806 ], [ 120.671383766465723, 31.457046152587058 ], [ 120.671363993601034, 31.457053046544605 ], [ 120.671346701098571, 31.457059042662948 ], [ 120.671331398142726, 31.457064334516641 ], [ 120.671317593917763, 31.457069115680174 ], [ 120.67130479760803, 31.457073579728089 ], [ 120.671292518397848, 31.457077920234902 ], [ 120.671280265471495, 31.457082330775116 ], [ 120.67126754801329, 31.457087004923267 ], [ 120.671253875207555, 31.457092136253863 ], [ 120.671238756238623, 31.457097918341432 ], [ 120.671221700290801, 31.457104544760497 ], [ 120.671202216548366, 31.457112209085562 ], [ 120.671179814195682, 31.457121104891165 ] ] } },
{ "type": "Feature", "properties": { "crossid": 650, "id": 660, "type": 3, "length": 4586.0, "preid1": 655, "preid2": 0, "preid3": 0, "nextid1": 0, "nextid2": 0, "nextid3": 0 }, "geometry": { "type": "LineString", "coordinates": [ [ 120.671179814195682, 31.457121104891165 ], [ 120.671083134885833, 31.457159727828163 ], [ 120.671053537519327, 31.457171436676447 ], [ 120.671022964415471, 31.457183145524731 ], [ 120.670992716557407, 31.457192577652521 ], [ 120.670963119190901, 31.457204286500804 ], [ 120.670937424773825, 31.45721274289123 ], [ 120.670906851669969, 31.457225102231092 ], [ 120.670881889415256, 31.457233822857503 ], [ 120.670851889415246, 31.4572438228575 ], [ 120.670818710062036, 31.457255350089163 ], [ 120.670738049107172, 31.457287061553266 ] ] } },
{ "type": "Feature", "properties": { "crossid": 700, "id": 700, "type": 1, "length": 2997.0, "preid1": 0, "preid2": 0, "preid3": 0, "nextid1": 705, "nextid2": 0, "nextid3": 0 }, "geometry": { "type": "LineString", "coordinates": [ [ 120.6707085, 31.4573 ], [ 120.6706795, 31.4573105 ], [ 120.6706505, 31.457321 ], [ 120.670621, 31.457331 ], [ 120.670592, 31.4573415 ], [ 120.6705625, 31.457352 ], [ 120.6705335, 31.457362 ], [ 120.6705045, 31.4573725 ], [ 120.6704755, 31.4573825 ], [ 120.670446, 31.457393 ], [ 120.670417, 31.457403 ] ] } },
{ "type": "Feature", "properties": { "crossid": 700, "id": 705, "type": 2, "length": 4299.0, "preid1": 700, "preid2": null, "preid3": null, "nextid1": 710, "nextid2": null, "nextid3": null }, "geometry": { "type": "LineString", "coordinates": [ [ 120.670417, 31.457403 ], [ 120.670375257740389, 31.457417676609676 ], [ 120.670339030787261, 31.457430511419325 ], [ 120.670307401368703, 31.457441815471807 ], [ 120.670279451713043, 31.457451899810039 ], [ 120.670254264048438, 31.457461075476893 ], [ 120.67023092060316, 31.457469653515265 ], [ 120.67020850360538, 31.457477944968041 ], [ 120.670186095283327, 31.457486260878106 ], [ 120.670162777865173, 31.457494912288347 ], [ 120.670137633579145, 31.457504210241652 ], [ 120.670109744653487, 31.457514465780918 ], [ 120.670078193316385, 31.457525989949026 ], [ 120.670042061796039, 31.45753909378886 ], [ 120.670000432320705, 31.457554088343315 ] ] } },
{ "type": "Feature", "properties": { "crossid": 700, "id": 710, "type": 3, "length": 4091.0, "preid1": 705, "preid2": 0, "preid3": 0, "nextid1": 0, "nextid2": 0, "nextid3": 0 }, "geometry": { "type": "LineString", "coordinates": [ [ 120.670000432320705, 31.457554088343315 ], [ 120.669972135937371, 31.457564170962673 ], [ 120.669939286112992, 31.45757604243385 ], [ 120.669892450719857, 31.457592792591811 ], [ 120.669848989751785, 31.457608892258207 ], [ 120.669790730100374, 31.457629545365599 ], [ 120.669735438316792, 31.457649873227208 ], [ 120.669689416038096, 31.457666298139387 ], [ 120.669639002941352, 31.457683698788916 ], [ 120.669603551150686, 31.457696871243236 ] ] } },
{ "type": "Feature", "properties": { "crossid": 750, "id": 750, "type": 1, "length": 4498.0, "preid1": 0, "preid2": 0, "preid3": 0, "nextid1": 755, "nextid2": 756, "nextid3": 0 }, "geometry": { "type": "LineString", "coordinates": [ [ 120.66862, 31.458023 ], [ 120.668591, 31.458033 ], [ 120.668562, 31.458043 ], [ 120.6685325, 31.458054 ], [ 120.668503, 31.4580635 ], [ 120.668474, 31.4580745 ], [ 120.668445, 31.4580845 ], [ 120.6684155, 31.4580945 ], [ 120.6683865, 31.4581045 ], [ 120.668357, 31.458115 ], [ 120.668328, 31.4581255 ], [ 120.668299, 31.4581355 ], [ 120.6682695, 31.4581455 ], [ 120.6682405, 31.458156 ], [ 120.668211, 31.4581665 ], [ 120.668182, 31.4581765 ] ] } },
{ "type": "Feature", "properties": { "crossid": 750, "id": 755, "type": 2, "length": 2599.0, "preid1": 750, "preid2": null, "preid3": null, "nextid1": 760, "nextid2": null, "nextid3": null }, "geometry": { "type": "LineString", "coordinates": [ [ 120.668182, 31.4581765 ], [ 120.6681567229287, 31.458185347428788 ], [ 120.668134761120584, 31.458193016122845 ], [ 120.668115562899885, 31.458199704985599 ], [ 120.668098576590978, 31.458205612920537 ], [ 120.668083250518166, 31.458210938831098 ], [ 120.668069033005821, 31.458215881620749 ], [ 120.668055372378205, 31.458220640192952 ], [ 120.668041716959635, 31.458225413451153 ], [ 120.668027515074414, 31.458230400298806 ], [ 120.6680122150469, 31.458235799639382 ], [ 120.66799526520137, 31.458241810376329 ], [ 120.667976113862181, 31.458248631413113 ], [ 120.66795420935361, 31.458256461653182 ], [ 120.667929, 31.4582655 ] ] } },
{ "type": "Feature", "properties": { "crossid": 750, "id": 756, "type": 2, "length": 2735.0, "preid1": 750, "preid2": null, "preid3": null, "nextid1": 761, "nextid2": null, "nextid3": null }, "geometry": { "type": "LineString", "coordinates": [ [ 120.668182, 31.4581765 ], [ 120.668156091812108, 31.45818609582285 ], [ 120.668133958252156, 31.4581953016264 ], [ 120.668114971440033, 31.458204185851642 ], [ 120.668098503495884, 31.458212816939596 ], [ 120.66808392653968, 31.458221263331257 ], [ 120.668070612691466, 31.458229593467646 ], [ 120.668057934071271, 31.458237875789763 ], [ 120.668045262799069, 31.458246178738605 ], [ 120.668031970994889, 31.458254570755177 ], [ 120.668017430778775, 31.458263120280495 ], [ 120.668001014270715, 31.458271895755555 ], [ 120.667982093590766, 31.458280965621373 ], [ 120.667960040858929, 31.458290398318947 ], [ 120.667934228195207, 31.458300262289285 ] ] } },
{ "type": "Feature", "properties": { "crossid": 750, "id": 760, "type": 3, "length": 7560.0, "preid1": 755, "preid2": 0, "preid3": 0, "nextid1": 0, "nextid2": 0, "nextid3": 0 }, "geometry": { "type": "LineString", "coordinates": [ [ 120.667929, 31.4582655 ], [ 120.6679, 31.458276 ], [ 120.6678705, 31.4582865 ], [ 120.6678415, 31.4582965 ], [ 120.6678125, 31.458307 ], [ 120.6677835, 31.458317 ], [ 120.667754, 31.4583275 ], [ 120.6677245, 31.458338 ], [ 120.6676955, 31.458348 ], [ 120.6676665, 31.458358 ], [ 120.6676375, 31.458369 ], [ 120.667608, 31.458379 ], [ 120.6675785, 31.458389 ], [ 120.6675495, 31.4583995 ], [ 120.6675205, 31.45841 ], [ 120.6674915, 31.4584205 ], [ 120.6674625, 31.4584305 ], [ 120.667433, 31.458441 ], [ 120.6674035, 31.458451 ], [ 120.6673745, 31.4584615 ], [ 120.66734550000001, 31.458472 ], [ 120.6673165, 31.458482 ], [ 120.667287, 31.4584925 ], [ 120.667224674693841, 31.458513968264135 ], [ 120.667193544904421, 31.458525220075789 ] ] } },
{ "type": "Feature", "properties": { "crossid": 750, "id": 761, "type": 3, "length": 7502.0, "preid1": 756, "preid2": 0, "preid3": 0, "nextid1": 0, "nextid2": 0, "nextid3": 0 }, "geometry": { "type": "LineString", "coordinates": [ [ 120.667934228195207, 31.458300262289285 ], [ 120.66790522819521, 31.458311262289286 ], [ 120.667876228195212, 31.458321262289285 ], [ 120.667847228195214, 31.458331262289285 ], [ 120.667818228195216, 31.458342262289285 ], [ 120.667789228195204, 31.458352262289285 ], [ 120.667759228195209, 31.458362262289285 ], [ 120.667730228195211, 31.458373262289285 ], [ 120.667701228195213, 31.458383262289285 ], [ 120.667672228195215, 31.458393262289285 ], [ 120.667643228195203, 31.458404262289285 ], [ 120.667614228195205, 31.458414262289285 ], [ 120.66758422819521, 31.458424262289284 ], [ 120.667555228195212, 31.458435262289285 ], [ 120.667526228195214, 31.458445262289285 ], [ 120.667497228195202, 31.458456262289285 ], [ 120.667468228195204, 31.458466262289285 ], [ 120.667439228195207, 31.458476262289285 ], [ 120.667409228195211, 31.458486262289284 ], [ 120.667380228195213, 31.458496262289287 ], [ 120.667351228195216, 31.458507262289285 ], [ 120.667322228195204, 31.458517262289284 ], [ 120.667292228195208, 31.458527262289287 ], [ 120.66726322819521, 31.458537262289287 ], [ 120.667234228195213, 31.458547262289287 ], [ 120.667204228195203, 31.458557262289286 ] ] } },
{ "type": "Feature", "properties": { "crossid": 800, "id": 800, "type": 1, "length": 3724.0, "preid1": 0, "preid2": 0, "preid3": 0, "nextid1": 805, "nextid2": 806, "nextid3": 807 }, "geometry": { "type": "LineString", "coordinates": [ [ 120.666467, 31.458765 ], [ 120.666437, 31.4587755 ], [ 120.666408, 31.458786 ], [ 120.666379, 31.458796 ], [ 120.66635, 31.4588065 ], [ 120.666321, 31.4588165 ], [ 120.666291, 31.458827 ], [ 120.666262, 31.458837 ], [ 120.666233, 31.4588475 ], [ 120.666204, 31.4588575 ], [ 120.6661745, 31.4588675 ], [ 120.666145, 31.458878 ], [ 120.666104554233442, 31.458892608519957 ] ] } },
{ "type": "Feature", "properties": { "crossid": 800, "id": 801, "type": 1, "length": 3578.0, "preid1": 0, "preid2": 0, "preid3": 0, "nextid1": 0, "nextid2": 0, "nextid3": 0 }, "geometry": { "type": "LineString", "coordinates": [ [ 120.666472827279819, 31.458792723620597 ], [ 120.666457, 31.4587985 ], [ 120.666428, 31.4588085 ], [ 120.666399, 31.4588185 ], [ 120.66637, 31.458829 ], [ 120.6663405, 31.458839 ], [ 120.666311, 31.458849 ], [ 120.666282, 31.4588595 ], [ 120.666253, 31.45887 ], [ 120.666224, 31.45888 ], [ 120.666194499999989, 31.45889 ], [ 120.666165, 31.458901 ], [ 120.666124554233434, 31.458915108519957 ] ] } },
{ "type": "Feature", "properties": { "crossid": 800, "id": 805, "type": 2, "length": 7392.0, "preid1": 800, "preid2": null, "preid3": null, "nextid1": 810, "nextid2": null, "nextid3": null }, "geometry": { "type": "LineString", "coordinates": [ [ 120.666104554233442, 31.458892608519957 ], [ 120.666047251728614, 31.458909228565641 ], [ 120.665995818753572, 31.458916149725031 ], [ 120.665949840620371, 31.45891398273848 ], [ 120.665908902641334, 31.458903338346378 ], [ 120.665872590128487, 31.458884827289079 ], [ 120.665840488394053, 31.458859060306949 ], [ 120.665812182750201, 31.458826648140363 ], [ 120.665787258509056, 31.458788201529678 ], [ 120.66576530098277, 31.458744331215257 ], [ 120.665745895483525, 31.458695647937468 ], [ 120.66572862732346, 31.458642762436682 ], [ 120.665713081814729, 31.458586285453272 ], [ 120.665698844269542, 31.458526827727582 ], [ 120.6656855, 31.458465 ] ] } },
{ "type": "Feature", "properties": { "crossid": 800, "id": 806, "type": 2, "length": 7577.0, "preid1": 800, "preid2": null, "preid3": null, "nextid1": 811, "nextid2": null, "nextid3": null }, "geometry": { "type": "LineString", "coordinates": [ [ 120.666104554233442, 31.458892608519957 ], [ 120.666045147766098, 31.458910082553071 ], [ 120.665991201982749, 31.458918167230571 ], [ 120.66594238780111, 31.458917390537 ], [ 120.665898376139054, 31.458908280456932 ], [ 120.665858837914215, 31.458891364974896 ], [ 120.665823444044463, 31.458867172075468 ], [ 120.665791865447588, 31.458836229743195 ], [ 120.665763773041235, 31.458799065962623 ], [ 120.66573883774322, 31.458756208718313 ], [ 120.665716730471317, 31.458708185994809 ], [ 120.665697122143271, 31.458655525776678 ], [ 120.665679683676871, 31.45859875604846 ], [ 120.665664085989846, 31.458538404794716 ], [ 120.66565, 31.458475 ] ] } },
{ "type": "Feature", "properties": { "crossid": 800, "id": 807, "type": 2, "length": 7801.0, "preid1": 800, "preid2": null, "preid3": null, "nextid1": 812, "nextid2": null, "nextid3": null }, "geometry": { "type": "LineString", "coordinates": [ [ 120.666104554233442, 31.458892608519957 ], [ 120.666042832925214, 31.458910980197651 ], [ 120.665986376090757, 31.45892013477301 ], [ 120.665934900699696, 31.458920536378724 ], [ 120.665888123721857, 31.458912649147514 ], [ 120.665845762126835, 31.458896937212085 ], [ 120.665807532884401, 31.458873864705144 ], [ 120.665773152964192, 31.458843895759404 ], [ 120.665742339335949, 31.458807494507557 ], [ 120.665714808969312, 31.458765125082323 ], [ 120.665690278833978, 31.458717251616399 ], [ 120.665668465899714, 31.4586643382425 ], [ 120.665649087136174, 31.458606849093329 ], [ 120.665631859513027, 31.458545248301597 ], [ 120.6656165, 31.45848 ] ] } },
{ "type": "Feature", "properties": { "crossid": 800, "id": 810, "type": 3, "length": 7496.0, "preid1": 805, "preid2": 0, "preid3": 0, "nextid1": 0, "nextid2": 0, "nextid3": 0 }, "geometry": { "type": "LineString", "coordinates": [ [ 120.6656855, 31.458465 ], [ 120.6656805, 31.458439 ], [ 120.6656745, 31.458412 ], [ 120.66566850000001, 31.4583855 ], [ 120.665663, 31.458359 ], [ 120.665658, 31.458332 ], [ 120.665652, 31.4583055 ], [ 120.665646, 31.458279 ], [ 120.66564, 31.458252 ], [ 120.66563450000001, 31.458226 ], [ 120.6656285, 31.458199 ], [ 120.665622500000012, 31.458173 ], [ 120.6656165, 31.458146 ], [ 120.66561, 31.4581195 ], [ 120.665604, 31.458093 ], [ 120.665598, 31.4580665 ], [ 120.665592, 31.45804 ], [ 120.665586, 31.458013 ], [ 120.6655795, 31.457987 ], [ 120.6655735, 31.45796 ], [ 120.665567, 31.457934 ], [ 120.665561, 31.457907 ], [ 120.6655535, 31.457881 ], [ 120.6655475, 31.4578545 ], [ 120.665541, 31.457828 ], [ 120.6655345, 31.4578015 ] ] } },
{ "type": "Feature", "properties": { "crossid": 800, "id": 811, "type": 3, "length": 7499.0, "preid1": 806, "preid2": 0, "preid3": 0, "nextid1": 0, "nextid2": 0, "nextid3": 0 }, "geometry": { "type": "LineString", "coordinates": [ [ 120.66565, 31.458475 ], [ 120.6656445, 31.4584485 ], [ 120.665639, 31.458422 ], [ 120.665633, 31.458395 ], [ 120.665627, 31.4583685 ], [ 120.6656215, 31.458342 ], [ 120.6656155, 31.458315 ], [ 120.6656095, 31.458289 ], [ 120.6656035, 31.458262 ], [ 120.6655975, 31.458236 ], [ 120.6655915, 31.458209 ], [ 120.6655855, 31.4581825 ], [ 120.665579, 31.458156 ], [ 120.6655735, 31.458129 ], [ 120.665567, 31.458103 ], [ 120.6655615, 31.458076 ], [ 120.6655555, 31.45805 ], [ 120.665549, 31.458023 ], [ 120.6655435, 31.457997 ], [ 120.6655375, 31.45797 ], [ 120.6655305, 31.4579435 ], [ 120.6655245, 31.457917 ], [ 120.665518, 31.4578905 ], [ 120.6655125, 31.457864 ], [ 120.6655065, 31.4578375 ], [ 120.6655005, 31.457811 ] ] } },
{ "type": "Feature", "properties": { "crossid": 800, "id": 812, "type": 3, "length": 7495.0, "preid1": 807, "preid2": 0, "preid3": 0, "nextid1": 0, "nextid2": 0, "nextid3": 0 }, "geometry": { "type": "LineString", "coordinates": [ [ 120.6656165, 31.45848 ], [ 120.6656105, 31.4584535 ], [ 120.665605, 31.458427 ], [ 120.665599, 31.4584005 ], [ 120.665593, 31.4583735 ], [ 120.6655865, 31.4583475 ], [ 120.6655805, 31.4583205 ], [ 120.6655745, 31.4582945 ], [ 120.665568, 31.4582675 ], [ 120.665562, 31.4582415 ], [ 120.665556, 31.4582145 ], [ 120.66555, 31.458188 ], [ 120.665543, 31.4581615 ], [ 120.6655375, 31.458135 ], [ 120.665531, 31.4581085 ], [ 120.665526, 31.458082 ], [ 120.6655195, 31.4580555 ], [ 120.6655135, 31.4580285 ], [ 120.6655075, 31.4580025 ], [ 120.6655015, 31.4579755 ], [ 120.665495, 31.457949 ], [ 120.665489, 31.4579225 ], [ 120.665483, 31.457896 ], [ 120.6654775, 31.4578695 ], [ 120.665472, 31.4578425 ], [ 120.665466, 31.4578165 ] ] } },
{ "type": "Feature", "properties": { "crossid": 850, "id": 850, "type": 1, "length": 2700.0, "preid1": 0, "preid2": 0, "preid3": 0, "nextid1": 0, "nextid2": 0, "nextid3": 0 }, "geometry": { "type": "LineString", "coordinates": [ [ 120.665281, 31.4567555 ], [ 120.6652745, 31.456729 ], [ 120.6652675, 31.4567025 ], [ 120.66526, 31.456676 ], [ 120.6652535, 31.45665 ], [ 120.665246, 31.4566235 ], [ 120.6652395, 31.456597 ], [ 120.6652325, 31.4565705 ], [ 120.665226, 31.4565445 ], [ 120.6652185, 31.456518 ] ] } },
{ "type": "Feature", "properties": { "crossid": 850, "id": 851, "type": 1, "length": 2703.0, "preid1": 0, "preid2": 0, "preid3": 0, "nextid1": 855, "nextid2": 856, "nextid3": 0 }, "geometry": { "type": "LineString", "coordinates": [ [ 120.665245, 31.4567655 ], [ 120.665238, 31.4567385 ], [ 120.665231, 31.4567125 ], [ 120.665223, 31.456686 ], [ 120.6652165, 31.4566595 ], [ 120.665209, 31.4566335 ], [ 120.665202, 31.456607 ], [ 120.665195, 31.4565805 ], [ 120.665188, 31.4565545 ], [ 120.665181, 31.456528 ] ] } },
{ "type": "Feature", "properties": { "crossid": 850, "id": 855, "type": 2, "length": 4330.0, "preid1": 851, "preid2": null, "preid3": null, "nextid1": 860, "nextid2": null, "nextid3": null }, "geometry": { "type": "LineString", "coordinates": [ [ 120.665181, 31.456528 ], [ 120.665171374993434, 31.456490108730691 ], [ 120.665163891040024, 31.456457002846133 ], [ 120.665158194650971, 31.456427883900393 ], [ 120.665153932337617, 31.456401953447571 ], [ 120.665150750611105, 31.456378413041733 ], [ 120.665148295982732, 31.456356464236968 ], [ 120.665146214963727, 31.456335308587356 ], [ 120.665144154065288, 31.45631414764696 ], [ 120.665141759798729, 31.456292182969868 ], [ 120.665138678675191, 31.456268616110162 ], [ 120.665134557205988, 31.456242648621917 ], [ 120.665129041902333, 31.456213482059216 ], [ 120.665121779275466, 31.456180317976134 ], [ 120.66511241583666, 31.456142357926755 ] ] } },
{ "type": "Feature", "properties": { "crossid": 850, "id": 856, "type": 2, "length": 4324.0, "preid1": 851, "preid2": null, "preid3": null, "nextid1": 861, "nextid2": null, "nextid3": null }, "geometry": { "type": "LineString", "coordinates": [ [ 120.665181, 31.456528 ], [ 120.665170889103521, 31.456490015703441 ], [ 120.66516213273907, 31.456457014102291 ], [ 120.665154494236958, 31.456428167790079 ], [ 120.665147736927651, 31.456402649360406 ], [ 120.665141624141441, 31.456379631406794 ], [ 120.665135919208751, 31.456358286522828 ], [ 120.665130385459932, 31.456337787302061 ], [ 120.66512478622532, 31.456317306338043 ], [ 120.665118884835294, 31.456296016224343 ], [ 120.665112444620263, 31.456273089554507 ], [ 120.665105228910548, 31.456247698922105 ], [ 120.665097001036557, 31.456219016920699 ], [ 120.665087524328627, 31.456186216143834 ], [ 120.66507656211715, 31.456148469185088 ] ] } },
{ "type": "Feature", "properties": { "crossid": 850, "id": 860, "type": 3, "length": 2789.0, "preid1": 855, "preid2": 0, "preid3": 0, "nextid1": 0, "nextid2": 0, "nextid3": 0 }, "geometry": { "type": "LineString", "coordinates": [ [ 120.66511241583666, 31.456142357926755 ], [ 120.665103986289012, 31.456107912347875 ], [ 120.665096486289002, 31.456080912347876 ], [ 120.665089551494759, 31.456054889300678 ], [ 120.665082270512499, 31.456028838813527 ], [ 120.665075192808843, 31.45600188176914 ], [ 120.665068696416654, 31.455975831281989 ], [ 120.66506153740157, 31.455949565384898 ], [ 120.665054878386485, 31.455923027029069 ], [ 120.665046812814154, 31.45589722047626 ] ] } },
{ "type": "Feature", "properties": { "crossid": 850, "id": 861, "type": 3, "length": 2751.0, "preid1": 856, "preid2": 0, "preid3": 0, "nextid1": 0, "nextid2": 0, "nextid3": 0 }, "geometry": { "type": "LineString", "coordinates": [ [ 120.66507656211715, 31.456148469185088 ], [ 120.665067769858524, 31.456117442403649 ], [ 120.665059866909104, 31.456091095195113 ], [ 120.66505277309976, 31.456065062316487 ], [ 120.665045251790957, 31.456038676752122 ], [ 120.665037811793624, 31.456011965941972 ], [ 120.665030249829101, 31.455985905623393 ], [ 120.665022687864592, 31.455959723337642 ], [ 120.665015613768759, 31.455933906953401 ], [ 120.665007320001223, 31.455907602700485 ] ] } },
{ "type": "Feature", "properties": { "crossid": 900, "id": 900, "type": 1, "length": 3565.0, "preid1": 0, "preid2": 0, "preid3": 0, "nextid1": 0, "nextid2": 0, "nextid3": 0 }, "geometry": { "type": "LineString", "coordinates": [ [ 120.664828499568273, 31.455187909743259 ], [ 120.664820499568279, 31.455161909743261 ], [ 120.664812999568269, 31.45513540974326 ], [ 120.664804999568275, 31.455109409743262 ], [ 120.664796499568268, 31.455082909743261 ], [ 120.664788499568274, 31.455056909743263 ], [ 120.664780999568265, 31.455030909743261 ], [ 120.664772999568271, 31.455004909743259 ], [ 120.664765499568276, 31.454978409743262 ], [ 120.66475649956827, 31.45495240974326 ], [ 120.664748999568275, 31.45492590974326 ], [ 120.664740499568282, 31.454899909743261 ], [ 120.664733427136056, 31.454876924338556 ] ] } },
{ "type": "Feature", "properties": { "crossid": 900, "id": 901, "type": 1, "length": 3557.0, "preid1": 0, "preid2": 0, "preid3": 0, "nextid1": 905, "nextid2": 906, "nextid3": 905 }, "geometry": { "type": "LineString", "coordinates": [ [ 120.664789804216468, 31.455198300853269 ], [ 120.664782804216458, 31.45517230085327 ], [ 120.664774804216464, 31.455145300853268 ], [ 120.66476680421647, 31.455119300853269 ], [ 120.664757804216464, 31.455093300853271 ], [ 120.66474980421647, 31.455067300853273 ], [ 120.664742804216459, 31.455041300853267 ], [ 120.664734804216465, 31.455015300853269 ], [ 120.664726804216471, 31.454988300853273 ], [ 120.664717804216465, 31.454962300853268 ], [ 120.664710804216469, 31.454936300853269 ], [ 120.664701804216463, 31.454910300853271 ], [ 120.664694968440202, 31.454888084580396 ] ] } },
{ "type": "Feature", "properties": { "crossid": 900, "id": 905, "type": 2, "length": 4247.4596841706616, "preid1": 901, "preid2": null, "preid3": null, "nextid1": 910, "nextid2": null, "nextid3": null }, "geometry": { "type": "LineString", "coordinates": [ [ 120.664694968440202, 31.454888084580396 ], [ 120.664683572137932, 31.454851479476304 ], [ 120.664674798094481, 31.454819396810137 ], [ 120.664668224631072, 31.454791078073882 ], [ 120.664663430069155, 31.454765764759603 ], [ 120.664659992730009, 31.454742698359304 ], [ 120.664657490934985, 31.454721120365029 ], [ 120.664655503005449, 31.454700272268798 ], [ 120.664653607262665, 31.454679395562632 ], [ 120.664651382028012, 31.454657731738557 ], [ 120.664648405622813, 31.4546345222886 ], [ 120.664644256368405, 31.454609008704793 ], [ 120.664638512586123, 31.454580432479155 ], [ 120.66463075259729, 31.454548035103713 ], [ 120.664620554723243, 31.454511058070498 ] ] } },
{ "type": "Feature", "properties": { "crossid": 900, "id": 906, "type": 2, "length": 4224.7310739111545, "preid1": 901, "preid2": null, "preid3": null, "nextid1": 911, "nextid2": null, "nextid3": null }, "geometry": { "type": "LineString", "coordinates": [ [ 120.664694968440202, 31.454888084580396 ], [ 120.664683068444077, 31.454851518899876 ], [ 120.664672930388633, 31.454819695988618 ], [ 120.664664271840891, 31.454791821847156 ], [ 120.664656810368101, 31.454767102476055 ], [ 120.664650263537325, 31.454744743875828 ], [ 120.664644348915758, 31.454723952047047 ], [ 120.664638784070519, 31.454703932990235 ], [ 120.66463328656873, 31.454683892705937 ], [ 120.664627573977512, 31.454663037194699 ], [ 120.664621363864015, 31.454640572457052 ], [ 120.664614373795402, 31.454615704493548 ], [ 120.664606321338766, 31.454587639304727 ], [ 120.664596924061286, 31.454555582891121 ], [ 120.664585899530067, 31.454518741253288 ] ] } },
{ "type": "Feature", "properties": { "crossid": 900, "id": 910, "type": 3, "length": 2703.0, "preid1": 905, "preid2": 0, "preid3": 0, "nextid1": 0, "nextid2": 0, "nextid3": 0 }, "geometry": { "type": "LineString", "coordinates": [ [ 120.664620554723243, 31.454511058070498 ], [ 120.664613082728081, 31.45448465258686 ], [ 120.664605082728087, 31.454458152586856 ], [ 120.664597582728092, 31.454432152586858 ], [ 120.664589582728084, 31.454406152586859 ], [ 120.66458158272809, 31.454380152586861 ], [ 120.664573082728083, 31.454354152586856 ], [ 120.664565082728089, 31.454327652586858 ], [ 120.664557082728081, 31.454301152586854 ], [ 120.664549082728087, 31.454275152586856 ], [ 120.664536906631071, 31.454234294720116 ], [ 120.664521455154556, 31.45418199741507 ], [ 120.664504220815388, 31.454129105822464 ], [ 120.664487580763804, 31.454071459929395 ], [ 120.664470346424636, 31.454017974049233 ], [ 120.664449546360132, 31.453947848117465 ] ] } },
{ "type": "Feature", "properties": { "crossid": 900, "id": 911, "type": 3, "length": 2725.0, "preid1": 906, "preid2": 0, "preid3": 0, "nextid1": 0, "nextid2": 0, "nextid3": 0 }, "geometry": { "type": "LineString", "coordinates": [ [ 120.664585899530067, 31.454518741253288 ], [ 120.664577360409197, 31.454489992611144 ], [ 120.664569360409217, 31.454463992611146 ], [ 120.664561360409209, 31.454437992611147 ], [ 120.664553360409201, 31.454411992611142 ], [ 120.664545360409221, 31.454385992611144 ], [ 120.664537360409213, 31.454359992611145 ], [ 120.664529360409205, 31.454332992611143 ], [ 120.664521360409196, 31.454306992611144 ], [ 120.664513360409217, 31.454280992611146 ], [ 120.664504220815445, 31.454249449052831 ], [ 120.664493523639408, 31.454215277518284 ], [ 120.664478963594263, 31.45417130023904 ], [ 120.664465889268001, 31.454131482972699 ], [ 120.664453706373067, 31.454097014294369 ], [ 120.664439443471693, 31.454051551296232 ], [ 120.664428449151899, 31.45401797404924 ], [ 120.66441388910674, 31.453969539613318 ] ] } },
{ "type": "Feature", "properties": { "crossid": 950, "id": 950, "type": 1, "length": 7430.0, "preid1": 0, "preid2": 0, "preid3": 0, "nextid1": 0, "nextid2": 0, "nextid3": 0 }, "geometry": { "type": "LineString", "coordinates": [ [ 120.664171372913103, 31.453066357845714 ], [ 120.664164595473054, 31.453045845602905 ], [ 120.664157095473044, 31.453019845602906 ], [ 120.664149595473049, 31.452993345602906 ], [ 120.664141595473055, 31.452967345602907 ], [ 120.664133595473047, 31.452940845602907 ], [ 120.664125095473054, 31.452914845602905 ], [ 120.664117595473044, 31.452888345602908 ], [ 120.664110095473049, 31.452862345602906 ], [ 120.664102595473054, 31.452836345602908 ], [ 120.664095095473044, 31.452809345602905 ], [ 120.66408709547305, 31.452783345602906 ], [ 120.664079595473055, 31.452757345602905 ], [ 120.664071595473047, 31.452731345602906 ], [ 120.664063595473053, 31.452705345602904 ], [ 120.664055595473044, 31.452679345602906 ], [ 120.66404759547305, 31.452652845602906 ], [ 120.664039595473056, 31.452626845602907 ], [ 120.66403109547305, 31.452600845602905 ], [ 120.664023095473055, 31.452574345602905 ], [ 120.664015095473047, 31.452548345602906 ], [ 120.664007095473053, 31.452522345602905 ], [ 120.663999095473045, 31.452495845602908 ], [ 120.663991095473051, 31.452469845602906 ], [ 120.663983095473043, 31.452443845602907 ], [ 120.66397459547305, 31.452417845602906 ] ] } },
{ "type": "Feature", "properties": { "crossid": 950, "id": 951, "type": 1, "length": 7502.0, "preid1": 0, "preid2": 0, "preid3": 0, "nextid1": 955, "nextid2": 956, "nextid3": 955 }, "geometry": { "type": "LineString", "coordinates": [ [ 120.664140711933683, 31.453083460456888 ], [ 120.664131711933678, 31.45305746045689 ], [ 120.664123711933684, 31.453031460456888 ], [ 120.66411571193369, 31.45300546045689 ], [ 120.664107211933683, 31.452979460456888 ], [ 120.664099211933689, 31.452952960456887 ], [ 120.664090711933682, 31.452926960456889 ], [ 120.664082711933688, 31.452900460456888 ], [ 120.664075211933678, 31.452874460456886 ], [ 120.664067211933684, 31.452848460456888 ], [ 120.66405921193369, 31.452821960456887 ], [ 120.664051211933682, 31.452795960456889 ], [ 120.664043211933688, 31.452769960456887 ], [ 120.66403521193368, 31.452743460456887 ], [ 120.664027211933686, 31.452717460456888 ], [ 120.664019211933677, 31.452691460456887 ], [ 120.664010711933685, 31.45266496045689 ], [ 120.664003211933689, 31.452638960456888 ], [ 120.663995211933681, 31.452612960456889 ], [ 120.663986711933688, 31.452586460456889 ], [ 120.66397871193368, 31.452560460456887 ], [ 120.663970711933686, 31.452534460456889 ], [ 120.663962711933678, 31.452507960456888 ], [ 120.663954711933684, 31.45248196045689 ], [ 120.66394671193369, 31.452455960456888 ], [ 120.663938711933682, 31.452429460456887 ] ] } },
{ "type": "Feature", "properties": { "crossid": 950, "id": 955, "type": 2, "length": 3326.6081294362834, "preid1": 951, "preid2": null, "preid3": null, "nextid1": 960, "nextid2": null, "nextid3": null }, "geometry": { "type": "LineString", "coordinates": [ [ 120.663938711933682, 31.452429460456887 ], [ 120.663930474252155, 31.452400645466284 ], [ 120.663924305764837, 31.452375389281539 ], [ 120.663919869795535, 31.452353096371763 ], [ 120.663916829668153, 31.452333171206131 ], [ 120.663914848706469, 31.452315018253771 ], [ 120.663913590234458, 31.452298041983834 ], [ 120.66391271757584, 31.452281646865458 ], [ 120.663911894054507, 31.452265237367779 ], [ 120.663910782994321, 31.452248217959941 ], [ 120.663909047719073, 31.452229993111093 ], [ 120.663906351552669, 31.452209967290365 ], [ 120.663902357818927, 31.452187544966918 ], [ 120.663896729841682, 31.452162130609874 ], [ 120.663889130944824, 31.452133128688391 ] ] } },
{ "type": "Feature", "properties": { "crossid": 950, "id": 956, "type": 2, "length": 3306.7115992975687, "preid1": 951, "preid2": null, "preid3": null, "nextid1": 961, "nextid2": null, "nextid3": null }, "geometry": { "type": "LineString", "coordinates": [ [ 120.663938711933682, 31.452429460456887 ], [ 120.663929923960296, 31.452400673948585 ], [ 120.663922269842999, 31.452375674893915 ], [ 120.663915570529269, 31.452353829171411 ], [ 120.663909646966758, 31.452334502659678 ], [ 120.663904320102887, 31.452317061237245 ], [ 120.663899410885307, 31.452300870782718 ], [ 120.663894740261554, 31.45228529717464 ], [ 120.663890129179123, 31.452269706291581 ], [ 120.663885398585563, 31.452253464012117 ], [ 120.663880369428441, 31.452235936214802 ], [ 120.663874862655319, 31.452216488778205 ], [ 120.663868699213708, 31.452194487580904 ], [ 120.663861700051129, 31.452169298501452 ], [ 120.663853686115189, 31.452140287418434 ] ] } },
{ "type": "Feature", "properties": { "crossid": 950, "id": 960, "type": 3, "length": 4238.0, "preid1": 955, "preid2": 0, "preid3": 0, "nextid1": 0, "nextid2": 0, "nextid3": 0 }, "geometry": { "type": "LineString", "coordinates": [ [ 120.663889130944824, 31.452133128688391 ], [ 120.663882788651989, 31.452110768040626 ], [ 120.663875145376025, 31.452083284771732 ], [ 120.663867583411502, 31.452058403469128 ], [ 120.663860102758434, 31.452031408068908 ], [ 120.66385189030234, 31.452006282831963 ], [ 120.663843750131122, 31.451980188619277 ], [ 120.663835265870262, 31.451954178787847 ], [ 120.663827037675034, 31.451927518464846 ], [ 120.663818390791263, 31.451901183387633 ], [ 120.663809756038816, 31.451875254867648 ], [ 120.66380034963251, 31.451849551112947 ], [ 120.663792349632516, 31.451823551112945 ], [ 120.663783849632523, 31.451797051112944 ], [ 120.663776349632514, 31.451770551112947 ], [ 120.663774234282343, 31.451763890195156 ] ] } },
{ "type": "Feature", "properties": { "crossid": 950, "id": 961, "type": 3, "length": 4255.0, "preid1": 956, "preid2": 0, "preid3": 0, "nextid1": 0, "nextid2": 0, "nextid3": 0 }, "geometry": { "type": "LineString", "coordinates": [ [ 120.663853686115189, 31.452140287418434 ], [ 120.663852308837932, 31.452135261904282 ], [ 120.66384495015204, 31.452108591749852 ], [ 120.663836819007386, 31.452082937988507 ], [ 120.663829309980812, 31.452056441164416 ], [ 120.663820841308151, 31.452030858007063 ], [ 120.663813026382712, 31.452003869368465 ], [ 120.663804867367631, 31.45197851002861 ], [ 120.663797076366833, 31.451952334820405 ], [ 120.663788576366827, 31.451926334820406 ], [ 120.663780576366818, 31.451900334820404 ], [ 120.663771576366827, 31.451874334820406 ], [ 120.663763576366833, 31.451847834820406 ], [ 120.663755076366826, 31.451821834820407 ], [ 120.663747076366818, 31.451795334820403 ], [ 120.663739076366824, 31.451769334820405 ] ] } },
{ "type": "Feature", "properties": { "crossid": 1000, "id": 1000, "type": 1, "length": 5344.0, "preid1": 0, "preid2": 0, "preid3": 0, "nextid1": 1005, "nextid2": 0, "nextid3": 0 }, "geometry": { "type": "LineString", "coordinates": [ [ 120.663762528239673, 31.451714501791848 ], [ 120.663754528239664, 31.451688501791846 ], [ 120.663746028239672, 31.451662501791848 ], [ 120.663738528239662, 31.451636501791846 ], [ 120.663730528239668, 31.451610501791848 ], [ 120.663722528239674, 31.451584001791847 ], [ 120.663714528239666, 31.451558001791849 ], [ 120.663706528239672, 31.451531501791848 ], [ 120.663698528239664, 31.451505501791846 ], [ 120.663690028239671, 31.451479501791848 ], [ 120.663682028239663, 31.451453501791846 ], [ 120.663674028239669, 31.451427501791848 ], [ 120.663666528239673, 31.451401501791846 ], [ 120.663658528239679, 31.451375001791845 ], [ 120.663651974143491, 31.451353328786759 ] ] } },
{ "type": "Feature", "properties": { "crossid": 1000, "id": 1001, "type": 1, "length": 5370.0, "preid1": 0, "preid2": 0, "preid3": 0, "nextid1": 1005, "nextid2": 1006, "nextid3": 1005 }, "geometry": { "type": "LineString", "coordinates": [ [ 120.663727433952118, 31.451726907504291 ], [ 120.66371943395211, 31.451700407504291 ], [ 120.663710933952117, 31.451674407504292 ], [ 120.663703433952108, 31.45164840750429 ], [ 120.663695433952114, 31.451622407504292 ], [ 120.663687433952106, 31.45159640750429 ], [ 120.663679433952112, 31.45156990750429 ], [ 120.663671433952118, 31.451543407504293 ], [ 120.663663433952109, 31.451517407504291 ], [ 120.663655433952115, 31.451491407504292 ], [ 120.663647933952106, 31.451465407504291 ], [ 120.663639433952113, 31.45143890750429 ], [ 120.663631433952119, 31.451412907504292 ], [ 120.663623433952111, 31.45138690750429 ], [ 120.66361611011493, 31.451362732840956 ] ] } },
{ "type": "Feature", "properties": { "crossid": 1000, "id": 1005, "type": 2, "length": 2282.9730826186155, "preid1": 1001, "preid2": null, "preid3": null, "nextid1": 1010, "nextid2": null, "nextid3": null }, "geometry": { "type": "LineString", "coordinates": [ [ 120.66361611011493, 31.451362732840956 ], [ 120.663610642513206, 31.451343016521985 ], [ 120.66360689794837, 31.451325678180389 ], [ 120.663604588725164, 31.451310321646719 ], [ 120.663603427148573, 31.451296550751568 ], [ 120.663603125523309, 31.45128396932548 ], [ 120.663603396154258, 31.45127218119903 ], [ 120.663603951346303, 31.451260790202792 ], [ 120.663604503404144, 31.451249400167317 ], [ 120.663604764632723, 31.451237614923187 ], [ 120.663604447336809, 31.451225038300951 ], [ 120.663603263821273, 31.45121127413119 ], [ 120.663600926390927, 31.451195926244466 ], [ 120.6635971473506, 31.451178598471337 ], [ 120.663591639005162, 31.451158894642386 ] ] } },
{ "type": "Feature", "properties": { "crossid": 1000, "id": 1006, "type": 2, "length": 2222.5717888638924, "preid1": 1001, "preid2": null, "preid3": null, "nextid1": 1011, "nextid2": null, "nextid3": null }, "geometry": { "type": "LineString", "coordinates": [ [ 120.66361611011493, 31.451362732840956 ], [ 120.663610191112014, 31.451343370054637 ], [ 120.663605040570459, 31.45132655409251 ], [ 120.663600531002899, 31.451311860304564 ], [ 120.663596534922135, 31.451298864040819 ], [ 120.663592924840827, 31.451287140651257 ], [ 120.663589573271722, 31.451276265485902 ], [ 120.663586352727506, 31.451265813894736 ], [ 120.66358313572087, 31.451255361227751 ], [ 120.66357979476453, 31.451244482834959 ], [ 120.663576202371218, 31.451232754066353 ], [ 120.663572231053621, 31.451219750271932 ], [ 120.663567753324457, 31.451205046801704 ], [ 120.663562641696416, 31.451188219005658 ], [ 120.663556768682241, 31.451168842233802 ] ] } },
{ "type": "Feature", "properties": { "crossid": 1000, "id": 1010, "type": 3, "length": 4190.0, "preid1": 1005, "preid2": 0, "preid3": 0, "nextid1": 0, "nextid2": 0, "nextid3": 0 }, "geometry": { "type": "LineString", "coordinates": [ [ 120.663591639005162, 31.451158894642386 ], [ 120.663589362385309, 31.451151495627855 ], [ 120.663581362385315, 31.451125495627853 ], [ 120.663573362385307, 31.451098995627852 ], [ 120.663565362385313, 31.451072495627855 ], [ 120.663557362385319, 31.451046495627853 ], [ 120.663549362385311, 31.451020495627855 ], [ 120.663540862385304, 31.450994495627853 ], [ 120.663532362385311, 31.450968495627855 ], [ 120.663524862385316, 31.450941995627854 ], [ 120.663516362385309, 31.450915995627852 ], [ 120.663488011726542, 31.450824239310382 ], [ 120.663478335664351, 31.450793666206518 ] ] } },
{ "type": "Feature", "properties": { "crossid": 1000, "id": 1011, "type": 3, "length": 4201.0, "preid1": 1006, "preid2": 0, "preid3": 0, "nextid1": 0, "nextid2": 0, "nextid3": 0 }, "geometry": { "type": "LineString", "coordinates": [ [ 120.663556768682241, 31.451168842233802 ], [ 120.663555362975899, 31.451164273688224 ], [ 120.663547456672845, 31.45113808991541 ], [ 120.663539456672851, 31.451112089915409 ], [ 120.663531456672857, 31.451085589915408 ], [ 120.663523456672849, 31.45105958991541 ], [ 120.663515456672854, 31.451033589915408 ], [ 120.663507456672846, 31.45100758991541 ], [ 120.663498956672854, 31.450981589915411 ], [ 120.663490956672845, 31.450955089915411 ], [ 120.663482456672853, 31.450929089915409 ], [ 120.663451731273142, 31.450832232939565 ], [ 120.663441851932319, 31.450803042130293 ] ] } },
{ "type": "Feature", "properties": { "crossid": 1050, "id": 1050, "type": 1, "length": 3190.0, "preid1": 0, "preid2": 0, "preid3": 0, "nextid1": 0, "nextid2": 0, "nextid3": 0 }, "geometry": { "type": "LineString", "coordinates": [ [ 120.66353854871204, 31.449981651322027 ], [ 120.663532794659289, 31.449962950650601 ], [ 120.663524794659281, 31.449936950650603 ], [ 120.663516794659301, 31.449910950650601 ], [ 120.663508794659293, 31.449884950650603 ], [ 120.663500794659285, 31.449858950650601 ], [ 120.663491794659279, 31.449831950650601 ], [ 120.6634837946593, 31.449805950650603 ], [ 120.663475794659291, 31.449779950650601 ], [ 120.663467794659283, 31.449753950650603 ], [ 120.663451302708552, 31.449703834001294 ] ] } },
{ "type": "Feature", "properties": { "crossid": 1050, "id": 1051, "type": 1, "length": 3254.0, "preid1": 0, "preid2": 0, "preid3": 0, "nextid1": 1055, "nextid2": 1056, "nextid3": 0 }, "geometry": { "type": "LineString", "coordinates": [ [ 120.662939582327184, 31.450058958328899 ], [ 120.66293211320847, 31.450034683693008 ], [ 120.662924113208462, 31.45000868369301 ], [ 120.662916113208453, 31.449982683693012 ], [ 120.662908113208445, 31.449956683693014 ], [ 120.662900113208465, 31.449930683693008 ], [ 120.66289111320846, 31.449903683693012 ], [ 120.662883113208451, 31.449877683693014 ], [ 120.662875113208472, 31.449851683693009 ], [ 120.662867113208463, 31.44982568369301 ], [ 120.662850621257704, 31.449775567043705 ] ] } },
{ "type": "Feature", "properties": { "crossid": 1050, "id": 1055, "type": 2, "length": 15220.0, "preid1": 1051, "preid2": null, "preid3": null, "nextid1": 1060, "nextid2": null, "nextid3": null }, "geometry": { "type": "LineString", "coordinates": [ [ 120.663310599827085, 31.450555272318962 ], [ 120.663268922794927, 31.450423372881147 ], [ 120.663234081987639, 31.450308400614187 ], [ 120.663204959623144, 31.450207527528569 ], [ 120.663180437919522, 31.450117925634846 ], [ 120.663159399094653, 31.450036766943509 ], [ 120.663140725366603, 31.449961223465078 ], [ 120.663123298953323, 31.449888467210076 ], [ 120.663106002072752, 31.449815670189011 ], [ 120.663087716942911, 31.449740004412401 ], [ 120.663067325781725, 31.44965864189076 ], [ 120.66304371080723, 31.449568754634608 ], [ 120.66301575423735, 31.449467514654454 ], [ 120.662982338290121, 31.449352093960815 ], [ 120.662942345183467, 31.449219664564207 ] ] } },
{ "type": "Feature", "properties": { "crossid": 1050, "id": 1056, "type": 2, "length": 15242.0, "preid1": 1051, "preid2": null, "preid3": null, "nextid1": 1061, "nextid2": null, "nextid3": null }, "geometry": { "type": "LineString", "coordinates": [ [ 120.66322026811838, 31.450538632267357 ], [ 120.66317790574162, 31.450406424516675 ], [ 120.663141437177728, 31.450291484535121 ], [ 120.663109906332238, 31.450190926151691 ], [ 120.663082357110966, 31.450101863195442 ], [ 120.663057833419501, 31.450021409495374 ], [ 120.66303537916356, 31.449946678880533 ], [ 120.663014038248818, 31.44987478517994 ], [ 120.662992854580921, 31.449802842222603 ], [ 120.6629708720655, 31.44972796383756 ], [ 120.662947134608288, 31.449647263853837 ], [ 120.662920686114944, 31.449557856100451 ], [ 120.662890570491129, 31.449456854406435 ], [ 120.662855831642503, 31.449341372600809 ], [ 120.662815513474769, 31.449208524512603 ] ] } },
{ "type": "Feature", "properties": { "crossid": 1050, "id": 1060, "type": 3, "length": 7848.0, "preid1": 1055, "preid2": 0, "preid3": 0, "nextid1": 0, "nextid2": 0, "nextid3": 0 }, "geometry": { "type": "LineString", "coordinates": [ [ 120.663394003727078, 31.450065930045884 ], [ 120.663386003727084, 31.450039930045886 ], [ 120.66337800372709, 31.450013930045884 ], [ 120.663370003727096, 31.449987930045886 ], [ 120.663362003727087, 31.449961430045885 ], [ 120.663354003727079, 31.449934930045885 ], [ 120.663346003727071, 31.449908930045886 ], [ 120.663337503727078, 31.449882930045884 ], [ 120.663330503727082, 31.449856930045886 ], [ 120.663323503727085, 31.449829930045883 ], [ 120.66331600372709, 31.449803930045885 ], [ 120.66330850372708, 31.449777930045887 ], [ 120.663301003727085, 31.449751430045886 ], [ 120.663293003727077, 31.449724930045885 ], [ 120.663284503727084, 31.449698930045884 ], [ 120.663275503727078, 31.449673430045884 ], [ 120.663266503727087, 31.449646930045883 ], [ 120.663258503727079, 31.449621430045884 ], [ 120.663249003727088, 31.449595430045886 ], [ 120.66324100372708, 31.449569430045884 ], [ 120.663232503727087, 31.449543430045885 ], [ 120.663223003727083, 31.449516430045886 ], [ 120.663215809459075, 31.44948970405401 ], [ 120.663209741240763, 31.449473077549108 ], [ 120.663202503727078, 31.449447430045886 ], [ 120.663195503727081, 31.449420930045886 ], [ 120.663182353098335, 31.449381924357681 ] ] } },
{ "type": "Feature", "properties": { "crossid": 1050, "id": 1061, "type": 3, "length": 7804.0, "preid1": 1056, "preid2": 0, "preid3": 0, "nextid1": 0, "nextid2": 0, "nextid3": 0 }, "geometry": { "type": "LineString", "coordinates": [ [ 120.663283812069963, 31.450097578698408 ], [ 120.663275812069955, 31.450071078698407 ], [ 120.663267812069961, 31.450045078698409 ], [ 120.663259312069968, 31.450019078698407 ], [ 120.66325131206996, 31.449992578698406 ], [ 120.663243312069966, 31.449966578698408 ], [ 120.663235312069958, 31.44994057869841 ], [ 120.663226812069965, 31.449914578698408 ], [ 120.663218812069957, 31.44988857869841 ], [ 120.663211312069961, 31.449861578698407 ], [ 120.663202812069969, 31.449835578698409 ], [ 120.663195312069973, 31.449809578698407 ], [ 120.663187312069965, 31.449783578698408 ], [ 120.663179312069957, 31.449757078698408 ], [ 120.663171312069963, 31.449731078698409 ], [ 120.663163312069969, 31.449705078698408 ], [ 120.663155312069961, 31.449678578698407 ], [ 120.663147312069967, 31.449652578698409 ], [ 120.66313881206996, 31.449626578698407 ], [ 120.663130812069966, 31.44960007869841 ], [ 120.663122812069957, 31.449574078698408 ], [ 120.663114812069963, 31.44954807869841 ], [ 120.663106812069955, 31.449522078698408 ], [ 120.663098812069961, 31.449496078698409 ], [ 120.663090812069967, 31.449470078698408 ], [ 120.663082812069959, 31.449443078698408 ], [ 120.663074312069966, 31.449417078698406 ] ] } },
{ "type": "Feature", "properties": { "crossid": 1100, "id": 1100, "type": 1, "length": 3601.0, "preid1": 0, "preid2": 0, "preid3": 0, "nextid1": 0, "nextid2": 0, "nextid3": 0 }, "geometry": { "type": "LineString", "coordinates": [ [ 120.662879, 31.4488285 ], [ 120.662871, 31.4488025 ], [ 120.6628625, 31.448776 ], [ 120.662854, 31.44875 ], [ 120.662846, 31.448724 ], [ 120.662838, 31.4486975 ], [ 120.6628295, 31.448672 ], [ 120.6628215, 31.4486455 ], [ 120.662814, 31.448619 ], [ 120.662806, 31.448593 ], [ 120.6627985, 31.4485665 ], [ 120.6627905, 31.4485405 ], [ 120.6627825, 31.4485145 ] ] } },
{ "type": "Feature", "properties": { "crossid": 1100, "id": 1101, "type": 1, "length": 3600.0, "preid1": 0, "preid2": 0, "preid3": 0, "nextid1": 1105, "nextid2": 1106, "nextid3": 0 }, "geometry": { "type": "LineString", "coordinates": [ [ 120.662844, 31.4488375 ], [ 120.662836, 31.4488115 ], [ 120.662828, 31.448785 ], [ 120.6628195, 31.4487585 ], [ 120.6628115, 31.4487325 ], [ 120.6628035, 31.4487065 ], [ 120.6627955, 31.4486805 ], [ 120.6627875, 31.4486545 ], [ 120.6627795, 31.448628 ], [ 120.6627715, 31.4486015 ], [ 120.6627635, 31.4485755 ], [ 120.6627555, 31.4485495 ], [ 120.6627475, 31.4485235 ] ] } },
{ "type": "Feature", "properties": { "crossid": 1100, "id": 1105, "type": 2, "length": 4398.0, "preid1": 1101, "preid2": null, "preid3": null, "nextid1": 1110, "nextid2": null, "nextid3": null }, "geometry": { "type": "LineString", "coordinates": [ [ 120.6627475, 31.4485235 ], [ 120.662736200118971, 31.448485344603682 ], [ 120.662727179259932, 31.44845199738312 ], [ 120.66272006850879, 31.448422653748214 ], [ 120.66271449895163, 31.448396509108896 ], [ 120.66271010167435, 31.448372758875049 ], [ 120.662706507763019, 31.448350598456617 ], [ 120.66270334830358, 31.448329223263485 ], [ 120.662700254381988, 31.448307828705577 ], [ 120.662696857084256, 31.448285610192798 ], [ 120.66269278749634, 31.448261763135058 ], [ 120.662687676704252, 31.448235482942273 ], [ 120.662681155793962, 31.44820596502435 ], [ 120.66267285585144, 31.448172404791208 ], [ 120.662662407962699, 31.448133997652747 ] ] } },
{ "type": "Feature", "properties": { "crossid": 1100, "id": 1106, "type": 2, "length": 4374.0, "preid1": 1101, "preid2": null, "preid3": null, "nextid1": 1111, "nextid2": null, "nextid3": null }, "geometry": { "type": "LineString", "coordinates": [ [ 120.6627475, 31.4485235 ], [ 120.662735710453973, 31.448485423111823 ], [ 120.662725344494902, 31.448452387066002 ], [ 120.662716172494072, 31.44842354943788 ], [ 120.662707964823099, 31.448398067802859 ], [ 120.662700491853229, 31.448375099736271 ], [ 120.662693523956008, 31.448353802813511 ], [ 120.662686831502839, 31.448333334609938 ], [ 120.662680184865096, 31.448312852700901 ], [ 120.662673354414224, 31.44829151466179 ], [ 120.662666110521627, 31.448268478067952 ], [ 120.662658223558765, 31.448242900494762 ], [ 120.662649463897054, 31.44821393951759 ], [ 120.662639601907884, 31.448180752711792 ], [ 120.6626284079627, 31.448142497652746 ] ] } },
{ "type": "Feature", "properties": { "crossid": 1100, "id": 1110, "type": 3, "length": 7669.0, "preid1": 1105, "preid2": 0, "preid3": 0, "nextid1": 0, "nextid2": 0, "nextid3": 0 }, "geometry": { "type": "LineString", "coordinates": [ [ 120.662662407962699, 31.448133997652747 ], [ 120.6626505, 31.448092 ], [ 120.662643, 31.4480655 ], [ 120.6626355, 31.448039 ], [ 120.6626275, 31.448013 ], [ 120.6626195, 31.4479865 ], [ 120.6626115, 31.4479605 ], [ 120.6626035, 31.4479345 ], [ 120.6625955, 31.4479085 ], [ 120.6625885, 31.447882 ], [ 120.662579, 31.4478565 ], [ 120.662572, 31.4478305 ], [ 120.6625635, 31.4478045 ], [ 120.6625555, 31.4477785 ], [ 120.662548, 31.447752 ], [ 120.6625395, 31.447726 ], [ 120.662532, 31.4477 ], [ 120.6625235, 31.447674 ], [ 120.6625155, 31.447648 ], [ 120.662508, 31.447622 ], [ 120.6625, 31.447595 ], [ 120.662492, 31.447569 ], [ 120.6624845, 31.447543 ], [ 120.6624765, 31.447517 ], [ 120.662469, 31.4474905 ], [ 120.6624605, 31.4474645 ] ] } },
{ "type": "Feature", "properties": { "crossid": 1100, "id": 1111, "type": 3, "length": 7682.0, "preid1": 1106, "preid2": 0, "preid3": 0, "nextid1": 0, "nextid2": 0, "nextid3": 0 }, "geometry": { "type": "LineString", "coordinates": [ [ 120.6626284079627, 31.448142497652746 ], [ 120.662616, 31.4481005 ], [ 120.6626085, 31.448074 ], [ 120.662601, 31.4480475 ], [ 120.662593, 31.4480215 ], [ 120.662585, 31.4479955 ], [ 120.6625775, 31.447969 ], [ 120.6625695, 31.447943 ], [ 120.6625615, 31.447917 ], [ 120.6625535, 31.4478905 ], [ 120.6625455, 31.4478645 ], [ 120.6625375, 31.4478385 ], [ 120.6625295, 31.447812 ], [ 120.6625215, 31.447786 ], [ 120.6625135, 31.4477595 ], [ 120.6625055, 31.4477335 ], [ 120.6624975, 31.4477075 ], [ 120.6624895, 31.447681 ], [ 120.6624815, 31.447655 ], [ 120.6624735, 31.447629 ], [ 120.6624655, 31.4476025 ], [ 120.6624575, 31.4475765 ], [ 120.6624495, 31.4475505 ], [ 120.662441, 31.4475245 ], [ 120.6624335, 31.447498 ], [ 120.662425, 31.447472 ] ] } },
{ "type": "Feature", "properties": { "crossid": 1150, "id": 1150, "type": 1, "length": 4288.0, "preid1": 0, "preid2": 0, "preid3": 0, "nextid1": 0, "nextid2": 0, "nextid3": 0 }, "geometry": { "type": "LineString", "coordinates": [ [ 120.661989730257062, 31.445943250842085 ], [ 120.661942899887606, 31.445777586106374 ], [ 120.661935, 31.4457515 ], [ 120.661927, 31.4457255 ], [ 120.661919, 31.445699 ], [ 120.661911, 31.445673 ], [ 120.661903, 31.445647 ], [ 120.661894499999988, 31.4456205 ], [ 120.661887, 31.4455945 ], [ 120.6618785, 31.4455685 ] ] } },
{ "type": "Feature", "properties": { "crossid": 1150, "id": 1151, "type": 1, "length": 4318.0, "preid1": 0, "preid2": 0, "preid3": 0, "nextid1": 1155, "nextid2": 1156, "nextid3": 0 }, "geometry": { "type": "LineString", "coordinates": [ [ 120.661956311252567, 31.445952195101192 ], [ 120.661914720447726, 31.44581034728289 ], [ 120.6619075, 31.445784 ], [ 120.6618995, 31.445758 ], [ 120.6618915, 31.445732 ], [ 120.6618835, 31.4457055 ], [ 120.661876, 31.4456795 ], [ 120.6618675, 31.4456535 ], [ 120.6618595, 31.445627 ], [ 120.661852, 31.445601 ], [ 120.6618435, 31.445575 ] ] } },
{ "type": "Feature", "properties": { "crossid": 1150, "id": 1155, "type": 2, "length": 1894.0, "preid1": 1151, "preid2": null, "preid3": null, "nextid1": 1160, "nextid2": null, "nextid3": null }, "geometry": { "type": "LineString", "coordinates": [ [ 120.6618435, 31.445575 ], [ 120.661838971264757, 31.445558670494687 ], [ 120.661835940932562, 31.445544305953476 ], [ 120.661834161539616, 31.445531578197404 ], [ 120.661833385622145, 31.445520159047557 ], [ 120.661833365716319, 31.445509720324992 ], [ 120.661833854358349, 31.445499933850787 ], [ 120.661834604084461, 31.445490471446 ], [ 120.661835367430783, 31.445481004931683 ], [ 120.661835896933582, 31.445471206128914 ], [ 120.661835945129013, 31.445460746858743 ], [ 120.661835264553275, 31.445449298942254 ], [ 120.661833607742608, 31.445436534200503 ], [ 120.661830727233166, 31.445422124454549 ], [ 120.661826375561162, 31.445405741525462 ] ] } },
{ "type": "Feature", "properties": { "crossid": 1150, "id": 1156, "type": 2, "length": 1873.0, "preid1": 1151, "preid2": null, "preid3": null, "nextid1": 1161, "nextid2": null, "nextid3": null }, "geometry": { "type": "LineString", "coordinates": [ [ 120.6618435, 31.445575 ], [ 120.661838431522838, 31.445558690965569 ], [ 120.661833941673919, 31.44554455193899 ], [ 120.661829936297408, 31.445532220563678 ], [ 120.661826321237527, 31.44552133448309 ], [ 120.661823002338409, 31.445511531340635 ], [ 120.661819885444274, 31.445502448779759 ], [ 120.661816876399286, 31.445493724443896 ], [ 120.661813881047564, 31.445484995976461 ], [ 120.661810805233344, 31.445475901020899 ], [ 120.66180755480076, 31.44546607722063 ], [ 120.661804035594031, 31.445455162219091 ], [ 120.661800153457278, 31.445442793659723 ], [ 120.661795814234736, 31.445428609185935 ], [ 120.661790923770525, 31.44541224644118 ] ] } },
{ "type": "Feature", "properties": { "crossid": 1150, "id": 1160, "type": 3, "length": 4318.0, "preid1": 1155, "preid2": 0, "preid3": 0, "nextid1": 0, "nextid2": 0, "nextid3": 0 }, "geometry": { "type": "LineString", "coordinates": [ [ 120.661826375561162, 31.445405741525462 ], [ 120.661784174920484, 31.445264340920119 ], [ 120.661776635450593, 31.445237570032958 ], [ 120.661768635450585, 31.44521157003296 ], [ 120.661760635450577, 31.445185570032955 ], [ 120.661752635450597, 31.445159570032956 ], [ 120.661745635450586, 31.445133570032958 ], [ 120.66173663545058, 31.44510757003296 ], [ 120.661729635450598, 31.445080570032957 ], [ 120.66172163545059, 31.445054570032958 ], [ 120.661713635450582, 31.44502857003296 ] ] } },
{ "type": "Feature", "properties": { "crossid": 1150, "id": 1161, "type": 3, "length": 4318.0, "preid1": 1156, "preid2": 0, "preid3": 0, "nextid1": 0, "nextid2": 0, "nextid3": 0 }, "geometry": { "type": "LineString", "coordinates": [ [ 120.661790923770525, 31.44541224644118 ], [ 120.661748723129847, 31.445270845835836 ], [ 120.661741183659956, 31.445244074948672 ], [ 120.661733183659948, 31.445218074948674 ], [ 120.661725183659939, 31.445192074948672 ], [ 120.66171718365996, 31.445166074948673 ], [ 120.661710183659949, 31.445140074948672 ], [ 120.661701183659943, 31.445114074948673 ], [ 120.661694183659961, 31.445087074948674 ], [ 120.661686183659953, 31.445061074948672 ], [ 120.661678183659944, 31.445035074948674 ] ] } },
{ "type": "Feature", "properties": { "crossid": 1200, "id": 1200, "type": 1, "length": 3003.0, "preid1": 0, "preid2": 0, "preid3": 0, "nextid1": 0, "nextid2": 0, "nextid3": 0 }, "geometry": { "type": "LineString", "coordinates": [ [ 120.6608805, 31.442308 ], [ 120.6608725, 31.4422815 ], [ 120.6608645, 31.4422555 ], [ 120.6608565, 31.4422295 ], [ 120.6608485, 31.442203 ], [ 120.66084, 31.442177 ], [ 120.660832, 31.442151 ], [ 120.660824, 31.442125 ], [ 120.6608165, 31.4420985 ], [ 120.6608085, 31.4420725 ], [ 120.6608005, 31.442046 ] ] } },
{ "type": "Feature", "properties": { "crossid": 1200, "id": 1201, "type": 1, "length": 2944.0, "preid1": 0, "preid2": 0, "preid3": 0, "nextid1": 1205, "nextid2": 1206, "nextid3": 0 }, "geometry": { "type": "LineString", "coordinates": [ [ 120.6608425, 31.44231 ], [ 120.6608345, 31.442284 ], [ 120.6608265, 31.442258 ], [ 120.6608185, 31.442232 ], [ 120.6608105, 31.442205 ], [ 120.660802499999988, 31.442179 ], [ 120.6607945, 31.442153 ], [ 120.6607865, 31.442127 ], [ 120.6607785, 31.442101 ], [ 120.6607705, 31.442075 ], [ 120.660763986612821, 31.442053187097223 ] ] } },
{ "type": "Feature", "properties": { "crossid": 1200, "id": 1205, "type": 2, "length": 6597.0, "preid1": 1201, "preid2": null, "preid3": null, "nextid1": 1210, "nextid2": null, "nextid3": null }, "geometry": { "type": "LineString", "coordinates": [ [ 120.660763986612821, 31.442053187097223 ], [ 120.660746754710502, 31.441995685074158 ], [ 120.660732168608973, 31.441945620640553 ], [ 120.660719768376495, 31.441901760224688 ], [ 120.660709094081483, 31.441862870254919 ], [ 120.660699685792167, 31.441827717159519 ], [ 120.660691083576964, 31.441795067366829 ], [ 120.660682827504175, 31.441763687305141 ], [ 120.660674457642074, 31.441732343402766 ], [ 120.660665514059048, 31.441699802088014 ], [ 120.660655536823342, 31.441664829789197 ], [ 120.660644066003357, 31.441626192934628 ], [ 120.660630641667382, 31.441582657952615 ], [ 120.66061480388376, 31.441532991271465 ], [ 120.660596092720809, 31.441475959319497 ] ] } },
{ "type": "Feature", "properties": { "crossid": 1200, "id": 1206, "type": 2, "length": 6597.0, "preid1": 1201, "preid2": null, "preid3": null, "nextid1": 1211, "nextid2": null, "nextid3": null }, "geometry": { "type": "LineString", "coordinates": [ [ 120.660763986612821, 31.442053187097223 ], [ 120.660746271407845, 31.44199555863468 ], [ 120.660730475039131, 31.44194563634025 ], [ 120.660716247211028, 31.441902145805379 ], [ 120.660703237628169, 31.441863812621595 ], [ 120.660691095994949, 31.441829362380346 ], [ 120.660679472015943, 31.441797520673134 ], [ 120.660668015395629, 31.441767013091443 ], [ 120.660656375838443, 31.441736565226737 ], [ 120.660644203048946, 31.441704902670505 ], [ 120.660631146731561, 31.441670751014232 ], [ 120.660616856590863, 31.441632835849404 ], [ 120.660600982331289, 31.441589882767488 ], [ 120.660583173657358, 31.441540617359983 ], [ 120.660563080273562, 31.441483765218365 ] ] } },
{ "type": "Feature", "properties": { "crossid": 1200, "id": 1210, "type": 3, "length": 9776.0, "preid1": 1205, "preid2": 0, "preid3": 0, "nextid1": 0, "nextid2": 0, "nextid3": 0 }, "geometry": { "type": "LineString", "coordinates": [ [ 120.660596092720809, 31.441475959319497 ], [ 120.660528201632673, 31.441273455082516 ], [ 120.660520201632679, 31.441247455082518 ], [ 120.66051220163267, 31.44122145508252 ], [ 120.660504701632675, 31.441194955082519 ], [ 120.660496701632681, 31.441168955082517 ], [ 120.660488201632674, 31.44114245508252 ], [ 120.66048020163268, 31.441116455082522 ], [ 120.660472201632672, 31.441089955082518 ], [ 120.660464201632678, 31.441064455082518 ], [ 120.660455701632671, 31.44103845508252 ], [ 120.660447701632677, 31.441012455082522 ], [ 120.660440201632682, 31.440985455082519 ], [ 120.660431701632675, 31.44095945508252 ], [ 120.660424201632679, 31.440933455082522 ], [ 120.660416201632671, 31.440907455082517 ], [ 120.660407701632678, 31.440881455082518 ], [ 120.660399701632684, 31.44085545508252 ], [ 120.660391701632676, 31.44082895508252 ], [ 120.660383701632682, 31.440802455082519 ], [ 120.660375201632675, 31.440776455082521 ], [ 120.66036770163268, 31.440750455082522 ], [ 120.660359201632673, 31.440724455082517 ], [ 120.66035070163268, 31.440698455082519 ], [ 120.660342201632673, 31.440671955082518 ], [ 120.660334201632679, 31.44064595508252 ], [ 120.660327648534434, 31.440624896152595 ] ] } },
{ "type": "Feature", "properties": { "crossid": 1200, "id": 1211, "type": 3, "length": 9800.0, "preid1": 1206, "preid2": 0, "preid3": 0, "nextid1": 0, "nextid2": 0, "nextid3": 0 }, "geometry": { "type": "LineString", "coordinates": [ [ 120.660563080273562, 31.441483765218365 ], [ 120.660492596058589, 31.441285292459625 ], [ 120.660484596058595, 31.441259292459627 ], [ 120.660476596058587, 31.441233292459625 ], [ 120.66046959605859, 31.441206292459626 ], [ 120.660461596058596, 31.441180292459627 ], [ 120.66045259605859, 31.441154292459625 ], [ 120.660444596058596, 31.441128292459627 ], [ 120.660436596058588, 31.441102292459625 ], [ 120.660428596058594, 31.441076292459627 ], [ 120.660420596058586, 31.441050292459625 ], [ 120.660411596058594, 31.441024292459627 ], [ 120.660404596058598, 31.440997292459627 ], [ 120.660395596058592, 31.440971292459626 ], [ 120.660387596058598, 31.440945292459627 ], [ 120.66037959605859, 31.440919292459625 ], [ 120.660371596058596, 31.440893292459627 ], [ 120.660363596058588, 31.440867292459625 ], [ 120.660355596058594, 31.440841292459627 ], [ 120.6603475960586, 31.440814292459628 ], [ 120.660338596058594, 31.440788292459626 ], [ 120.660331596058597, 31.440762292459628 ], [ 120.660323596058589, 31.440736292459626 ], [ 120.660315596058595, 31.440710292459627 ], [ 120.660307596058587, 31.440683292459624 ], [ 120.660299596058593, 31.440657292459626 ], [ 120.660291596058599, 31.440631292459624 ] ] } },
{ "type": "Feature", "properties": { "crossid": 1250, "id": 1250, "type": 1, "length": 5746.0, "preid1": 0, "preid2": 0, "preid3": 0, "nextid1": 0, "nextid2": 0, "nextid3": 0 }, "geometry": { "type": "LineString", "coordinates": [ [ 120.659826968151449, 31.438979379388435 ], [ 120.659824506128629, 31.438971377814259 ], [ 120.659816506128621, 31.438944877814258 ], [ 120.659808506128627, 31.438919377814258 ], [ 120.65980000612862, 31.438893377814257 ], [ 120.659792006128626, 31.438867377814258 ], [ 120.659784506128631, 31.438840377814259 ], [ 120.659776006128624, 31.438814377814257 ], [ 120.659768506128628, 31.438788377814259 ], [ 120.659760506128634, 31.438762377814257 ], [ 120.659752006128627, 31.438736377814259 ], [ 120.659744006128619, 31.438710377814257 ], [ 120.659736006128625, 31.438683877814256 ], [ 120.659728006128631, 31.438657377814259 ], [ 120.659719506128624, 31.438631377814257 ], [ 120.659712006128629, 31.438605377814259 ], [ 120.659703506128622, 31.438579377814257 ], [ 120.659695006128629, 31.438553377814259 ], [ 120.659686506128622, 31.438526877814255 ], [ 120.659678506128628, 31.438500877814256 ], [ 120.659671591857204, 31.438478564085983 ] ] } },
{ "type": "Feature", "properties": { "crossid": 1250, "id": 1251, "type": 1, "length": 5772.0, "preid1": 0, "preid2": 0, "preid3": 0, "nextid1": 1255, "nextid2": 1256, "nextid3": 0 }, "geometry": { "type": "LineString", "coordinates": [ [ 120.659791647712296, 31.438989256897688 ], [ 120.659789713669014, 31.438982971257026 ], [ 120.659781713669005, 31.438956971257024 ], [ 120.659773713669011, 31.438930971257026 ], [ 120.659765713669003, 31.438904971257024 ], [ 120.659756713669012, 31.438878971257026 ], [ 120.659749713669015, 31.438851971257026 ], [ 120.659740713669009, 31.438825971257025 ], [ 120.659732713669015, 31.438799971257026 ], [ 120.659724713669007, 31.438773971257024 ], [ 120.659716713669013, 31.438747971257026 ], [ 120.659708713669005, 31.438721971257024 ], [ 120.659700713669011, 31.438695971257026 ], [ 120.659692713669017, 31.438668971257027 ], [ 120.659683713669011, 31.438642971257025 ], [ 120.659676713669015, 31.438616971257026 ], [ 120.659668713669006, 31.438590971257025 ], [ 120.659660713669012, 31.438564971257026 ], [ 120.659652713669004, 31.438537971257023 ], [ 120.65964471366901, 31.438511971257025 ], [ 120.659636713669016, 31.438485971257023 ] ] } },
{ "type": "Feature", "properties": { "crossid": 1250, "id": 1255, "type": 2, "length": 6501.0, "preid1": 1251, "preid2": null, "preid3": null, "nextid1": 1260, "nextid2": null, "nextid3": null }, "geometry": { "type": "LineString", "coordinates": [ [ 120.659636713669016, 31.438485971257023 ], [ 120.6596198298964, 31.438429486751971 ], [ 120.659606049390035, 31.438380179555569 ], [ 120.659594857876826, 31.438336852552258 ], [ 120.659585741083831, 31.438298308626496 ], [ 120.659578184737981, 31.438263350662709 ], [ 120.659571674566237, 31.438230781545364 ], [ 120.659565696295573, 31.43819940415889 ], [ 120.659559735652962, 31.438168021387728 ], [ 120.659553278365337, 31.43813543611633 ], [ 120.659545810159628, 31.438100451229133 ], [ 120.659536816762881, 31.438061869610586 ], [ 120.659525783902012, 31.43801849414513 ], [ 120.659512197303997, 31.437969127717214 ], [ 120.659495542695808, 31.437912573211275 ] ] } },
{ "type": "Feature", "properties": { "crossid": 1250, "id": 1256, "type": 2, "length": 6470.0, "preid1": 1251, "preid2": null, "preid3": null, "nextid1": 1261, "nextid2": null, "nextid3": null }, "geometry": { "type": "LineString", "coordinates": [ [ 120.659636713669016, 31.438485971257023 ], [ 120.659619331601334, 31.438429626425517 ], [ 120.659604153628223, 31.438380709300755 ], [ 120.659590812400552, 31.438337981931603 ], [ 120.659578940569304, 31.438300206366964 ], [ 120.659568170785334, 31.438266144655682 ], [ 120.659558135699569, 31.438234558846656 ], [ 120.659548467962907, 31.438204210988758 ], [ 120.659538800226201, 31.438173863130864 ], [ 120.659528765140422, 31.438142277321838 ], [ 120.659517995356438, 31.438108215610562 ], [ 120.659506123525176, 31.438070440045923 ], [ 120.659492782297505, 31.438027712676785 ], [ 120.659477604324366, 31.437978795552024 ], [ 120.659460222256655, 31.437922450720528 ] ] } },
{ "type": "Feature", "properties": { "crossid": 1250, "id": 1260, "type": 3, "length": 4452.0, "preid1": 1255, "preid2": 0, "preid3": 0, "nextid1": 0, "nextid2": 0, "nextid3": 0 }, "geometry": { "type": "LineString", "coordinates": [ [ 120.659495542695808, 31.437912573211275 ], [ 120.659493080672988, 31.437904571637098 ], [ 120.65948508067298, 31.437878071637094 ], [ 120.659477080672985, 31.437852571637098 ], [ 120.659468580672979, 31.437826571637096 ], [ 120.659460580672985, 31.437800571637098 ], [ 120.659453080672989, 31.437773571637099 ], [ 120.659444580672982, 31.437747571637097 ], [ 120.659437080672987, 31.437721571637098 ], [ 120.659429080672993, 31.437695571637096 ], [ 120.659420580672986, 31.437669571637098 ], [ 120.659412580672978, 31.437643571637096 ], [ 120.659404580672984, 31.437617071637099 ], [ 120.65939658067299, 31.437590571637095 ], [ 120.659388080672983, 31.437564571637097 ], [ 120.659380580672988, 31.437538571637099 ], [ 120.659375982074081, 31.437524362975264 ] ] } },
{ "type": "Feature", "properties": { "crossid": 1250, "id": 1261, "type": 3, "length": 4460.0, "preid1": 1256, "preid2": 0, "preid3": 0, "nextid1": 0, "nextid2": 0, "nextid3": 0 }, "geometry": { "type": "LineString", "coordinates": [ [ 120.659460222256655, 31.437922450720528 ], [ 120.659458288213372, 31.437916165079866 ], [ 120.659450288213364, 31.437890165079864 ], [ 120.65944228821337, 31.437864165079866 ], [ 120.659434288213362, 31.437838165079864 ], [ 120.65942528821337, 31.437812165079865 ], [ 120.659418288213374, 31.437785165079866 ], [ 120.659409288213368, 31.437759165079864 ], [ 120.659401288213374, 31.437733165079866 ], [ 120.659393288213366, 31.437707165079864 ], [ 120.659385288213372, 31.437681165079866 ], [ 120.659377288213363, 31.437655165079864 ], [ 120.659369288213369, 31.437629165079866 ], [ 120.659361288213375, 31.437602165079866 ], [ 120.65935228821337, 31.437576165079864 ], [ 120.659345288213373, 31.437550165079866 ], [ 120.659340198510563, 31.437533623545725 ] ] } },
{ "type": "Feature", "properties": { "crossid": 1300, "id": 1300, "type": 1, "length": 5844.0, "preid1": 0, "preid2": 0, "preid3": 0, "nextid1": 0, "nextid2": 0, "nextid3": 0 }, "geometry": { "type": "LineString", "coordinates": [ [ 120.658823, 31.435633 ], [ 120.6588155, 31.435607 ], [ 120.6588075, 31.435581 ], [ 120.6587995, 31.435555 ], [ 120.658792, 31.4355285 ], [ 120.658784, 31.435502 ], [ 120.6587765, 31.435476 ], [ 120.6587685, 31.43545 ], [ 120.6587605, 31.4354235 ], [ 120.6587525, 31.4353975 ], [ 120.6587455, 31.435371 ], [ 120.6587375, 31.435345 ], [ 120.658729, 31.435319 ], [ 120.658721, 31.4352925 ], [ 120.658713, 31.4352665 ], [ 120.6587055, 31.43524 ], [ 120.6586975, 31.435214 ], [ 120.6586895, 31.435188 ], [ 120.6586815, 31.435162 ], [ 120.658673, 31.4351355 ], [ 120.6586691672439, 31.435122699034221 ] ] } },
{ "type": "Feature", "properties": { "crossid": 1300, "id": 1301, "type": 1, "length": 5744.0, "preid1": 0, "preid2": 0, "preid3": 0, "nextid1": 1305, "nextid2": 1306, "nextid3": 1307 }, "geometry": { "type": "LineString", "coordinates": [ [ 120.658787, 31.435633 ], [ 120.65878, 31.4356065 ], [ 120.658772, 31.4355805 ], [ 120.658764, 31.4355545 ], [ 120.658756, 31.435528 ], [ 120.658748, 31.435502 ], [ 120.658741, 31.4354755 ], [ 120.658733, 31.4354495 ], [ 120.658725, 31.435423 ], [ 120.658717, 31.435397 ], [ 120.6587095, 31.4353705 ], [ 120.658702, 31.4353445 ], [ 120.658694, 31.4353185 ], [ 120.658686, 31.435292 ], [ 120.658678, 31.435266 ], [ 120.65867, 31.4352395 ], [ 120.658662, 31.4352135 ], [ 120.658654, 31.4351875 ], [ 120.658646, 31.4351615 ], [ 120.6586375, 31.435135 ], [ 120.658636375020805, 31.435131343817627 ] ] } },
{ "type": "Feature", "properties": { "crossid": 1300, "id": 1302, "type": 1, "length": 5798.0, "preid1": 0, "preid2": 0, "preid3": 0, "nextid1": 0, "nextid2": 0, "nextid3": 0 }, "geometry": { "type": "LineString", "coordinates": [ [ 120.658755, 31.4356465 ], [ 120.6587475, 31.43562 ], [ 120.6587395, 31.4355935 ], [ 120.658732, 31.4355675 ], [ 120.658724, 31.4355415 ], [ 120.658716, 31.4355155 ], [ 120.658708499999989, 31.4354885 ], [ 120.658701, 31.4354625 ], [ 120.658693, 31.4354365 ], [ 120.658685, 31.4354105 ], [ 120.658677, 31.435384 ], [ 120.658669, 31.435358 ], [ 120.6586625, 31.4353315 ], [ 120.658654, 31.4353055 ], [ 120.658646, 31.4352795 ], [ 120.658638, 31.435253 ], [ 120.65863, 31.4352265 ], [ 120.65862150000001, 31.4352005 ], [ 120.6586135, 31.4351745 ], [ 120.6586055, 31.4351485 ], [ 120.658602933754963, 31.435140159703614 ] ] } },
{ "type": "Feature", "properties": { "crossid": 1300, "id": 1305, "type": 2, "length": 5814.0, "preid1": 1301, "preid2": null, "preid3": null, "nextid1": 1310, "nextid2": null, "nextid3": null }, "geometry": { "type": "LineString", "coordinates": [ [ 120.658636375020805, 31.435131343817627 ], [ 120.65862078309415, 31.435080944712684 ], [ 120.658608110423202, 31.435036915308228 ], [ 120.658597865963117, 31.434998195441889 ], [ 120.658589558669135, 31.43496372495137 ], [ 120.658582697496385, 31.434932443674285 ], [ 120.658576791400037, 31.434903291448332 ], [ 120.658571349335276, 31.434875208111151 ], [ 120.658565880257242, 31.434847133500405 ], [ 120.658559893121122, 31.434818007453757 ], [ 120.658552896882057, 31.434786769808852 ], [ 120.658544400495259, 31.434752360403369 ], [ 120.658533912915885, 31.434713719074963 ], [ 120.658520943099049, 31.434669785661285 ], [ 120.658505, 31.4346195 ] ] } },
{ "type": "Feature", "properties": { "crossid": 1300, "id": 1306, "type": 2, "length": 5707.0, "preid1": 1301, "preid2": null, "preid3": null, "nextid1": 1311, "nextid2": null, "nextid3": null }, "geometry": { "type": "LineString", "coordinates": [ [ 120.658636375020805, 31.435131343817627 ], [ 120.658620568480274, 31.43508174851506 ], [ 120.658606872588891, 31.435038657875079 ], [ 120.658594925663778, 31.435000991035377 ], [ 120.658584366022339, 31.434967667133673 ], [ 120.658574831981682, 31.434937605307649 ], [ 120.658565961859182, 31.434909724695022 ], [ 120.658557393972032, 31.434882944433483 ], [ 120.658548766637438, 31.434856183660724 ], [ 120.65853971817269, 31.434828361514462 ], [ 120.658529886894996, 31.43479839713239 ], [ 120.658518911121661, 31.434765209652198 ], [ 120.658506429169847, 31.434727718211612 ], [ 120.658492079356904, 31.434684841948304 ], [ 120.6584755, 31.4346355 ] ] } },
{ "type": "Feature", "properties": { "crossid": 1300, "id": 1307, "type": 2, "length": 5700.0, "preid1": 1301, "preid2": null, "preid3": null, "nextid1": 1312, "nextid2": null, "nextid3": null }, "geometry": { "type": "LineString", "coordinates": [ [ 120.658636375020805, 31.435131343817627 ], [ 120.658620071086688, 31.435081706867585 ], [ 120.658605101705888, 31.435038884546628 ], [ 120.658591229064328, 31.435001746201532 ], [ 120.658578215348115, 31.434969161179133 ], [ 120.658565822743213, 31.43493999882622 ], [ 120.658553813435645, 31.434913128489608 ], [ 120.658541949611447, 31.434887419516095 ], [ 120.658529993456568, 31.43486174125249 ], [ 120.658517707157046, 31.434834963045596 ], [ 120.658504852898858, 31.434805954242222 ], [ 120.65849119286807, 31.434773584189166 ], [ 120.65847648925066, 31.434736722233243 ], [ 120.658460504232636, 31.434694237721249 ], [ 120.658443, 31.434645 ] ] } },
{ "type": "Feature", "properties": { "crossid": 1300, "id": 1310, "type": 3, "length": 7701.0, "preid1": 1305, "preid2": 0, "preid3": 0, "nextid1": 0, "nextid2": 0, "nextid3": 0 }, "geometry": { "type": "LineString", "coordinates": [ [ 120.658505, 31.4346195 ], [ 120.658496500000012, 31.4345935 ], [ 120.658488, 31.4345675 ], [ 120.658479, 31.4345415 ], [ 120.658471, 31.4345155 ], [ 120.658462, 31.4344895 ], [ 120.658453, 31.4344635 ], [ 120.658444, 31.4344375 ], [ 120.658435, 31.4344115 ], [ 120.6584265, 31.4343855 ], [ 120.6584175, 31.43436 ], [ 120.658409, 31.434334 ], [ 120.6584, 31.434308 ], [ 120.6583905, 31.434282 ], [ 120.658382, 31.4342565 ], [ 120.6583725, 31.4342305 ], [ 120.6583635, 31.4342045 ], [ 120.6583545, 31.4341785 ], [ 120.658345, 31.4341525 ], [ 120.658336, 31.4341265 ], [ 120.658327, 31.4341005 ], [ 120.658318, 31.4340745 ], [ 120.658309, 31.434049 ], [ 120.6583, 31.434023 ], [ 120.65829, 31.4339975 ], [ 120.658281, 31.4339715 ], [ 120.658275354798974, 31.433953470078407 ] ] } },
{ "type": "Feature", "properties": { "crossid": 1300, "id": 1311, "type": 3, "length": 7796.0, "preid1": 1306, "preid2": 0, "preid3": 0, "nextid1": 0, "nextid2": 0, "nextid3": 0 }, "geometry": { "type": "LineString", "coordinates": [ [ 120.6584755, 31.4346355 ], [ 120.658467, 31.4346095 ], [ 120.658458, 31.4345835 ], [ 120.658449, 31.4345575 ], [ 120.658441, 31.4345315 ], [ 120.658432, 31.4345055 ], [ 120.658423, 31.4344795 ], [ 120.658414, 31.4344535 ], [ 120.658405, 31.4344275 ], [ 120.658396, 31.4344015 ], [ 120.6583875, 31.4343755 ], [ 120.6583785, 31.43435 ], [ 120.65837, 31.434324 ], [ 120.658361, 31.434298 ], [ 120.658352, 31.4342725 ], [ 120.658343, 31.4342465 ], [ 120.658334, 31.4342205 ], [ 120.6583245, 31.4341945 ], [ 120.658315, 31.4341685 ], [ 120.658306, 31.4341425 ], [ 120.658297, 31.4341165 ], [ 120.658288, 31.4340905 ], [ 120.658279, 31.4340645 ], [ 120.6582695, 31.434039 ], [ 120.65826, 31.4340135 ], [ 120.658251, 31.4339875 ], [ 120.658242, 31.4339615 ] ] } },
{ "type": "Feature", "properties": { "crossid": 1300, "id": 1312, "type": 3, "length": 7799.0, "preid1": 1307, "preid2": 0, "preid3": 0, "nextid1": 0, "nextid2": 0, "nextid3": 0 }, "geometry": { "type": "LineString", "coordinates": [ [ 120.658443, 31.434645 ], [ 120.658434, 31.434619 ], [ 120.658425, 31.434593 ], [ 120.658416, 31.434567 ], [ 120.6584075, 31.434541 ], [ 120.658399, 31.434515 ], [ 120.65839, 31.434489 ], [ 120.658381, 31.434463 ], [ 120.658372, 31.434437 ], [ 120.658363, 31.434411 ], [ 120.658354, 31.434385 ], [ 120.6583455, 31.4343595 ], [ 120.658337, 31.4343335 ], [ 120.658328, 31.434308 ], [ 120.658319, 31.434282 ], [ 120.65831, 31.434256 ], [ 120.6583005, 31.43423 ], [ 120.658291, 31.434204 ], [ 120.658282, 31.434178 ], [ 120.658273, 31.434152 ], [ 120.658264, 31.434126 ], [ 120.6582545, 31.4341 ], [ 120.6582455, 31.4340745 ], [ 120.658236, 31.434049 ], [ 120.658227, 31.434023 ], [ 120.658218, 31.433997 ], [ 120.6582085, 31.433971 ] ] } },
{ "type": "Feature", "properties": { "crossid": 1350, "id": 1350, "type": 1, "length": 6027.0, "preid1": 0, "preid2": 0, "preid3": 0, "nextid1": 0, "nextid2": 0, "nextid3": 0 }, "geometry": { "type": "LineString", "coordinates": [ [ 120.6534335, 31.4239855 ], [ 120.65342050000001, 31.423961 ], [ 120.6534075, 31.423936 ], [ 120.6533945, 31.4239115 ], [ 120.653381, 31.423887 ], [ 120.6533675, 31.4238625 ], [ 120.6533545, 31.423838 ], [ 120.65334150000001, 31.423813 ], [ 120.6533285, 31.4237885 ], [ 120.6533155, 31.423764 ], [ 120.6533025, 31.423739 ], [ 120.65329, 31.4237145 ], [ 120.653277, 31.42369 ], [ 120.653264, 31.4236655 ], [ 120.653251, 31.4236405 ], [ 120.653237499999989, 31.423616 ], [ 120.6532245, 31.4235915 ], [ 120.653211, 31.423567 ], [ 120.653198, 31.4235425 ], [ 120.653185, 31.4235175 ], [ 120.653170835220948, 31.423490849638668 ] ] } },
{ "type": "Feature", "properties": { "crossid": 1350, "id": 1351, "type": 1, "length": 6050.0, "preid1": 0, "preid2": 0, "preid3": 0, "nextid1": 1355, "nextid2": 1356, "nextid3": 1357 }, "geometry": { "type": "LineString", "coordinates": [ [ 120.653404, 31.4240015 ], [ 120.653391, 31.4239765 ], [ 120.653378, 31.4239515 ], [ 120.653365, 31.4239275 ], [ 120.6533515, 31.4239025 ], [ 120.653338, 31.4238785 ], [ 120.653325, 31.4238535 ], [ 120.653312, 31.4238285 ], [ 120.653299, 31.4238045 ], [ 120.653286, 31.4237795 ], [ 120.653273, 31.423755 ], [ 120.65326, 31.4237305 ], [ 120.653247, 31.4237055 ], [ 120.653234, 31.4236815 ], [ 120.653221, 31.4236565 ], [ 120.653208, 31.4236315 ], [ 120.653195, 31.4236075 ], [ 120.6531815, 31.4235825 ], [ 120.653168, 31.4235585 ], [ 120.653155, 31.4235335 ], [ 120.653142, 31.4235085 ], [ 120.653140105089577, 31.42350500170383 ] ] } },
{ "type": "Feature", "properties": { "crossid": 1350, "id": 1352, "type": 1, "length": 5789.0, "preid1": 0, "preid2": 0, "preid3": 0, "nextid1": 0, "nextid2": 0, "nextid3": 0 }, "geometry": { "type": "LineString", "coordinates": [ [ 120.653362, 31.4239945 ], [ 120.653349, 31.42397 ], [ 120.653336, 31.4239455 ], [ 120.653322, 31.423921 ], [ 120.6533095, 31.4238965 ], [ 120.6532965, 31.4238715 ], [ 120.653283, 31.423847 ], [ 120.65327, 31.4238225 ], [ 120.653257, 31.423798 ], [ 120.653244, 31.4237735 ], [ 120.6532305, 31.4237485 ], [ 120.653217500000011, 31.423724 ], [ 120.653205, 31.4236995 ], [ 120.653192, 31.4236745 ], [ 120.653179, 31.42365 ], [ 120.653166, 31.4236255 ], [ 120.653153, 31.423601 ], [ 120.6531395, 31.4235765 ], [ 120.653126, 31.4235515 ], [ 120.653113, 31.423527 ], [ 120.653109096430526, 31.423519549299584 ] ] } },
{ "type": "Feature", "properties": { "crossid": 1350, "id": 1355, "type": 2, "length": 5119.0, "preid1": 1351, "preid2": null, "preid3": null, "nextid1": 1360, "nextid2": null, "nextid3": null }, "geometry": { "type": "LineString", "coordinates": [ [ 120.653140105089577, 31.42350500170383 ], [ 120.653118578148138, 31.423463058486981 ], [ 120.653100492724931, 31.423426329426771 ], [ 120.653085281973972, 31.423393942027914 ], [ 120.653072379049505, 31.423365023795192 ], [ 120.653061217105559, 31.423338702233309 ], [ 120.653051229296338, 31.423314104847027 ], [ 120.653041848775956, 31.423290359141077 ], [ 120.653032508698516, 31.423266592620191 ], [ 120.653022642218119, 31.423241932789114 ], [ 120.653011682488966, 31.423215507152591 ], [ 120.652999062665117, 31.42318644321535 ], [ 120.652984215900716, 31.423153868482132 ], [ 120.652966575349907, 31.423116910457683 ], [ 120.652945574166807, 31.423074696646736 ] ] } },
{ "type": "Feature", "properties": { "crossid": 1350, "id": 1356, "type": 2, "length": 5123.0, "preid1": 1351, "preid2": null, "preid3": null, "nextid1": 1361, "nextid2": null, "nextid3": null }, "geometry": { "type": "LineString", "coordinates": [ [ 120.653140105089577, 31.42350500170383 ], [ 120.653118043150457, 31.423462875982256 ], [ 120.653098810553914, 31.423426321686424 ], [ 120.65308193250668, 31.423394411949115 ], [ 120.653066934215801, 31.423366219903183 ], [ 120.653053340888007, 31.423340818681403 ], [ 120.653040677730289, 31.423317281416622 ], [ 120.653028469949476, 31.423294681241646 ], [ 120.6530162427524, 31.423272091289281 ], [ 120.653003521345994, 31.423248584692338 ], [ 120.652989830937088, 31.423223234583649 ], [ 120.652974696732556, 31.423195114096004 ], [ 120.652957643939317, 31.423163296362237 ], [ 120.652938197764186, 31.423126854515154 ], [ 120.652915883414096, 31.423084861687567 ] ] } },
{ "type": "Feature", "properties": { "crossid": 1350, "id": 1357, "type": 2, "length": 5107.0, "preid1": 1351, "preid2": null, "preid3": null, "nextid1": 1362, "nextid2": null, "nextid3": null }, "geometry": { "type": "LineString", "coordinates": [ [ 120.653140105089577, 31.42350500170383 ], [ 120.653117505568247, 31.423462958630477 ], [ 120.653096946987475, 31.423426968898934 ], [ 120.653078092660408, 31.423396021819361 ], [ 120.653060605900492, 31.423369106701966 ], [ 120.653044150020904, 31.423345212856912 ], [ 120.653028388335017, 31.423323329594407 ], [ 120.653012984156078, 31.423302446224621 ], [ 120.652997600797377, 31.42328155205773 ], [ 120.65298190157219, 31.423259636403923 ], [ 120.652965549793791, 31.423235688573381 ], [ 120.652948208775513, 31.423208697876298 ], [ 120.652929541830616, 31.423177653622844 ], [ 120.652909212272377, 31.423141545123208 ], [ 120.652886883414098, 31.423099361687569 ] ] } },
{ "type": "Feature", "properties": { "crossid": 1350, "id": 1360, "type": 3, "length": 7510.0, "preid1": 1355, "preid2": 0, "preid3": 0, "nextid1": 0, "nextid2": 0, "nextid3": 0 }, "geometry": { "type": "LineString", "coordinates": [ [ 120.652945574166807, 31.423074696646736 ], [ 120.6529035, 31.4229915 ], [ 120.652891, 31.422967 ], [ 120.652878, 31.4229425 ], [ 120.652865, 31.4229175 ], [ 120.6528515, 31.4228935 ], [ 120.6528385, 31.4228685 ], [ 120.6528255, 31.4228435 ], [ 120.65281250000001, 31.4228195 ], [ 120.6527995, 31.4227945 ], [ 120.6527865, 31.4227695 ], [ 120.6527735, 31.4227455 ], [ 120.6527605, 31.4227205 ], [ 120.6527475, 31.422696 ], [ 120.6527345, 31.4226715 ], [ 120.6527215, 31.4226465 ], [ 120.6527085, 31.4226225 ], [ 120.6526955, 31.4225975 ], [ 120.6526825, 31.4225725 ], [ 120.6526695, 31.422548 ], [ 120.652621339617056, 31.422457057486955 ] ] } },
{ "type": "Feature", "properties": { "crossid": 1350, "id": 1361, "type": 3, "length": 7484.0, "preid1": 1356, "preid2": 0, "preid3": 0, "nextid1": 0, "nextid2": 0, "nextid3": 0 }, "geometry": { "type": "LineString", "coordinates": [ [ 120.652915883414096, 31.423084861687567 ], [ 120.6529035, 31.423062 ], [ 120.652890500000012, 31.423037 ], [ 120.652877499999988, 31.423012 ], [ 120.6528645, 31.422988 ], [ 120.652851, 31.422963 ], [ 120.652838, 31.4229385 ], [ 120.652825, 31.422914 ], [ 120.652812, 31.422889 ], [ 120.652799, 31.4228645 ], [ 120.652786, 31.42284 ], [ 120.6527725, 31.4228155 ], [ 120.6527595, 31.4227905 ], [ 120.6527465, 31.422766 ], [ 120.652733500000011, 31.4227415 ], [ 120.6527205, 31.422717 ], [ 120.6527075, 31.4226925 ], [ 120.6526945, 31.4226675 ], [ 120.6526815, 31.422643 ], [ 120.652668, 31.4226185 ], [ 120.652655, 31.4225935 ], [ 120.652642, 31.4225695 ], [ 120.652629, 31.4225445 ], [ 120.652616, 31.4225195 ], [ 120.652603, 31.4224955 ], [ 120.65259, 31.4224705 ] ] } },
{ "type": "Feature", "properties": { "crossid": 1350, "id": 1362, "type": 3, "length": 7486.0, "preid1": 1357, "preid2": 0, "preid3": 0, "nextid1": 0, "nextid2": 0, "nextid3": 0 }, "geometry": { "type": "LineString", "coordinates": [ [ 120.652886883414098, 31.423099361687569 ], [ 120.652875, 31.423076 ], [ 120.652862, 31.423051 ], [ 120.652849, 31.4230265 ], [ 120.6528355, 31.423002 ], [ 120.652822, 31.4229775 ], [ 120.6528085, 31.422953 ], [ 120.6527955, 31.4229285 ], [ 120.652782, 31.4229035 ], [ 120.652769, 31.4228795 ], [ 120.6527555, 31.422855 ], [ 120.6527425, 31.4228305 ], [ 120.652729, 31.4228055 ], [ 120.652716, 31.422781 ], [ 120.652703, 31.4227565 ], [ 120.65269, 31.422732 ], [ 120.652677, 31.4227075 ], [ 120.652664, 31.4226825 ], [ 120.6526505, 31.422658 ], [ 120.6526375, 31.4226335 ], [ 120.652624, 31.422609 ], [ 120.6526105, 31.4225845 ], [ 120.6525975, 31.42256 ], [ 120.6525845, 31.422535 ], [ 120.652571, 31.422511 ], [ 120.652558, 31.422486 ] ] } },
{ "type": "Feature", "properties": { "crossid": 1400, "id": 1400, "type": 1, "length": 4462.0, "preid1": 0, "preid2": 0, "preid3": 0, "nextid1": 0, "nextid2": 0, "nextid3": 0 }, "geometry": { "type": "LineString", "coordinates": [ [ 120.652553, 31.4223265 ], [ 120.652539499999989, 31.4223015 ], [ 120.6525265, 31.422277 ], [ 120.6525135, 31.4222525 ], [ 120.6525005, 31.4222275 ], [ 120.6524875, 31.422203 ], [ 120.652475, 31.4221785 ], [ 120.6524615, 31.4221535 ], [ 120.6524485, 31.422129 ], [ 120.6524355, 31.4221045 ], [ 120.652422, 31.42208 ], [ 120.6524095, 31.422055 ], [ 120.652396, 31.422031 ], [ 120.6523835, 31.422006 ], [ 120.65237, 31.4219815 ], [ 120.652358382967947, 31.421960362442746 ] ] } },
{ "type": "Feature", "properties": { "crossid": 1400, "id": 1401, "type": 1, "length": 4500.0, "preid1": 0, "preid2": 0, "preid3": 0, "nextid1": 1405, "nextid2": 1406, "nextid3": 1407 }, "geometry": { "type": "LineString", "coordinates": [ [ 120.6525245, 31.4223475 ], [ 120.652511, 31.422323 ], [ 120.652498, 31.4222985 ], [ 120.6524845, 31.4222735 ], [ 120.6524715, 31.422249 ], [ 120.6524585, 31.4222245 ], [ 120.6524455, 31.4222 ], [ 120.6524325, 31.422175 ], [ 120.6524195, 31.4221505 ], [ 120.6524065, 31.422126 ], [ 120.6523925, 31.4221015 ], [ 120.65238, 31.422077 ], [ 120.652367, 31.4220525 ], [ 120.652354, 31.4220275 ], [ 120.6523405, 31.422003 ], [ 120.6523275, 31.4219785 ] ] } },
{ "type": "Feature", "properties": { "crossid": 1400, "id": 1402, "type": 1, "length": 4502.0, "preid1": 0, "preid2": 0, "preid3": 0, "nextid1": 0, "nextid2": 0, "nextid3": 0 }, "geometry": { "type": "LineString", "coordinates": [ [ 120.652492, 31.4223635 ], [ 120.6524785, 31.422339 ], [ 120.6524655, 31.4223145 ], [ 120.652452, 31.4222895 ], [ 120.652439, 31.4222655 ], [ 120.6524255, 31.4222405 ], [ 120.6524125, 31.4222165 ], [ 120.6523995, 31.4221915 ], [ 120.6523865, 31.4221665 ], [ 120.6523735, 31.4221425 ], [ 120.6523595, 31.422118 ], [ 120.652347, 31.4220935 ], [ 120.6523345, 31.4220685 ], [ 120.652321, 31.422044 ], [ 120.652308, 31.4220195 ], [ 120.6522945, 31.4219945 ] ] } },
{ "type": "Feature", "properties": { "crossid": 1400, "id": 1405, "type": 2, "length": 6859.0, "preid1": 1401, "preid2": null, "preid3": null, "nextid1": 1410, "nextid2": null, "nextid3": null }, "geometry": { "type": "LineString", "coordinates": [ [ 120.6523275, 31.4219785 ], [ 120.652297898778045, 31.421922674026227 ], [ 120.652273095762368, 31.421873734006322 ], [ 120.652252306155887, 31.421830524420848 ], [ 120.652234745161607, 31.421791889750445 ], [ 120.652219627982404, 31.42175667447567 ], [ 120.65220616982127, 31.421723723077154 ], [ 120.65219358588115, 31.421691880035482 ], [ 120.652181091364923, 31.421659989831237 ], [ 120.652167901475593, 31.421626896945028 ], [ 120.652153231416037, 31.421591445857452 ], [ 120.652136296389244, 31.421552481049098 ], [ 120.652116311598149, 31.42150884700057 ], [ 120.652092492245671, 31.42145938819246 ], [ 120.652064053534787, 31.421402949105371 ] ] } },
{ "type": "Feature", "properties": { "crossid": 1400, "id": 1406, "type": 2, "length": 6839.0, "preid1": 1401, "preid2": null, "preid3": null, "nextid1": 1411, "nextid2": null, "nextid3": null }, "geometry": { "type": "LineString", "coordinates": [ [ 120.6523275, 31.4219785 ], [ 120.652297375001325, 31.421922710413604 ], [ 120.652271287674182, 31.421874207839934 ], [ 120.652248581002453, 31.42183176938952 ], [ 120.652228597970193, 31.421794172172959 ], [ 120.652210681561328, 31.421760193300791 ], [ 120.65219417475987, 31.421728609883591 ], [ 120.652178420549802, 31.42169819903193 ], [ 120.652162761915037, 31.42166773785635 ], [ 120.652146541839556, 31.421636003467423 ], [ 120.652129103307374, 31.421601772975709 ], [ 120.652109789302415, 31.42156382349178 ], [ 120.652087942808691, 31.421520932126182 ], [ 120.652062906810158, 31.421471875989493 ], [ 120.652034024290799, 31.421415432192269 ] ] } },
{ "type": "Feature", "properties": { "crossid": 1400, "id": 1407, "type": 2, "length": 6840.0, "preid1": 1401, "preid2": null, "preid3": null, "nextid1": 1412, "nextid2": null, "nextid3": null }, "geometry": { "type": "LineString", "coordinates": [ [ 120.6523275, 31.4219785 ], [ 120.652296721968114, 31.421922634351226 ], [ 120.652269161403169, 31.421874565166803 ], [ 120.652244305436014, 31.421832980878509 ], [ 120.652221641197627, 31.421796569918186 ], [ 120.652200655818859, 31.421764020717617 ], [ 120.652180836430674, 31.421734021708641 ], [ 120.652161670163935, 31.421705261323048 ], [ 120.652142644149535, 31.421676427992651 ], [ 120.652123245518368, 31.421646210149248 ], [ 120.652102961401397, 31.42161329622466 ], [ 120.652081278929472, 31.421576374650691 ], [ 120.65205768523353, 31.421534133859154 ], [ 120.652031667444433, 31.421485262281855 ], [ 120.652002712693132, 31.421428448350603 ] ] } },
{ "type": "Feature", "properties": { "crossid": 1400, "id": 1410, "type": 3, "length": 5849.0, "preid1": 1405, "preid2": 0, "preid3": 0, "nextid1": 0, "nextid2": 0, "nextid3": 0 }, "geometry": { "type": "LineString", "coordinates": [ [ 120.652064053534787, 31.421402949105371 ], [ 120.6520555, 31.4213865 ], [ 120.652043, 31.421362 ], [ 120.6520305, 31.4213375 ], [ 120.6520175, 31.4213125 ], [ 120.6520045, 31.4212875 ], [ 120.651992, 31.421263 ], [ 120.6519795, 31.4212385 ], [ 120.6519665, 31.4212135 ], [ 120.6519545, 31.4211885 ], [ 120.651942, 31.4211635 ], [ 120.6519295, 31.421139 ], [ 120.6519165, 31.421114 ], [ 120.6519045, 31.4210895 ], [ 120.651892, 31.4210645 ], [ 120.65188, 31.4210395 ], [ 120.651867, 31.4210145 ], [ 120.6518545, 31.4209895 ], [ 120.651842, 31.420965 ], [ 120.6518295, 31.4209405 ], [ 120.651818780736576, 31.420919209867868 ] ] } },
{ "type": "Feature", "properties": { "crossid": 1400, "id": 1411, "type": 3, "length": 5875.0, "preid1": 1406, "preid2": 0, "preid3": 0, "nextid1": 0, "nextid2": 0, "nextid3": 0 }, "geometry": { "type": "LineString", "coordinates": [ [ 120.652034024290799, 31.421415432192269 ], [ 120.652024, 31.4213955 ], [ 120.652011, 31.4213705 ], [ 120.651999, 31.421346 ], [ 120.651986, 31.421321 ], [ 120.6519735, 31.421296 ], [ 120.651961, 31.4212715 ], [ 120.6519485, 31.421247 ], [ 120.6519355, 31.421222 ], [ 120.6519235, 31.421197 ], [ 120.6519105, 31.421172 ], [ 120.651898499999987, 31.421147 ], [ 120.6518855, 31.4211225 ], [ 120.6518735, 31.421098 ], [ 120.6518605, 31.421073 ], [ 120.651848, 31.421048 ], [ 120.651835, 31.421023 ], [ 120.6518225, 31.4209985 ], [ 120.65181, 31.420974 ], [ 120.6517975, 31.420949 ], [ 120.651787722793699, 31.420929521516179 ] ] } },
{ "type": "Feature", "properties": { "crossid": 1400, "id": 1412, "type": 3, "length": 5857.0, "preid1": 1407, "preid2": 0, "preid3": 0, "nextid1": 0, "nextid2": 0, "nextid3": 0 }, "geometry": { "type": "LineString", "coordinates": [ [ 120.652002712693132, 31.421428448350603 ], [ 120.6519945, 31.421412 ], [ 120.651982, 31.421387 ], [ 120.65197, 31.4213625 ], [ 120.651957, 31.4213375 ], [ 120.651945, 31.4213125 ], [ 120.6519325, 31.421288 ], [ 120.65192, 31.421263 ], [ 120.6519075, 31.421238 ], [ 120.6518955, 31.421213 ], [ 120.6518825, 31.421188 ], [ 120.6518705, 31.421163 ], [ 120.6518575, 31.421139 ], [ 120.651845, 31.421114 ], [ 120.651832500000012, 31.421089 ], [ 120.651819499999988, 31.421064 ], [ 120.6518065, 31.4210395 ], [ 120.6517945, 31.421015 ], [ 120.6517815, 31.42099 ], [ 120.6517695, 31.420965 ], [ 120.651758359002073, 31.420943575003999 ] ] } },
{ "type": "Feature", "properties": { "crossid": 1450, "id": 1450, "type": 1, "length": 6160.0, "preid1": 0, "preid2": 0, "preid3": 0, "nextid1": 0, "nextid2": 0, "nextid3": 0 }, "geometry": { "type": "LineString", "coordinates": [ [ 120.651769229154155, 31.420821038438426 ], [ 120.65176, 31.420804 ], [ 120.651748, 31.420779 ], [ 120.6517355, 31.420754 ], [ 120.651723, 31.420729 ], [ 120.65171, 31.420704 ], [ 120.651698, 31.420679 ], [ 120.6516855, 31.420655 ], [ 120.651673, 31.42063 ], [ 120.6516605, 31.420605 ], [ 120.651648, 31.42058 ], [ 120.6516355, 31.420555 ], [ 120.651623, 31.42053 ], [ 120.6516105, 31.420506 ], [ 120.6515975, 31.420481 ], [ 120.65158550000001, 31.420456 ], [ 120.6515725, 31.420431 ], [ 120.65156, 31.420406 ], [ 120.651547, 31.420382 ], [ 120.6515345, 31.420357 ], [ 120.651511246122553, 31.420311484239711 ] ] } },
{ "type": "Feature", "properties": { "crossid": 1450, "id": 1451, "type": 1, "length": 6178.0, "preid1": 0, "preid2": 0, "preid3": 0, "nextid1": 1455, "nextid2": 1456, "nextid3": 1457 }, "geometry": { "type": "LineString", "coordinates": [ [ 120.651739916988106, 31.420835499107014 ], [ 120.6517345, 31.420825 ], [ 120.651722, 31.4208 ], [ 120.651709, 31.4207755 ], [ 120.651697, 31.4207505 ], [ 120.651684, 31.4207255 ], [ 120.6516715, 31.4207005 ], [ 120.651659, 31.420676 ], [ 120.6516465, 31.4206515 ], [ 120.6516335, 31.4206265 ], [ 120.6516215, 31.4206015 ], [ 120.6516085, 31.4205765 ], [ 120.651596, 31.4205515 ], [ 120.6515835, 31.4205275 ], [ 120.6515705, 31.4205025 ], [ 120.6515585, 31.4204775 ], [ 120.6515455, 31.4204525 ], [ 120.651533, 31.4204275 ], [ 120.6515205, 31.4204035 ], [ 120.6515075, 31.4203785 ], [ 120.65149550000001, 31.4203535 ], [ 120.651480266461462, 31.420324819316924 ] ] } },
{ "type": "Feature", "properties": { "crossid": 1450, "id": 1452, "type": 1, "length": 6195.0, "preid1": 0, "preid2": 0, "preid3": 0, "nextid1": 0, "nextid2": 0, "nextid3": 0 }, "geometry": { "type": "LineString", "coordinates": [ [ 120.651710508611188, 31.420850007239629 ], [ 120.651706, 31.420841 ], [ 120.6516935, 31.4208165 ], [ 120.6516805, 31.420792 ], [ 120.651668, 31.420767 ], [ 120.6516555, 31.420742 ], [ 120.6516425, 31.4207175 ], [ 120.65163, 31.4206925 ], [ 120.651617, 31.420668 ], [ 120.6516045, 31.420643 ], [ 120.651592, 31.420618 ], [ 120.651579, 31.4205935 ], [ 120.6515665, 31.4205685 ], [ 120.651554, 31.420544 ], [ 120.651541, 31.420519 ], [ 120.651529, 31.420494 ], [ 120.651516, 31.4204695 ], [ 120.6515035, 31.4204445 ], [ 120.651491, 31.42042 ], [ 120.651478, 31.420395 ], [ 120.6514655, 31.4203705 ], [ 120.651448473685903, 31.420338479639923 ] ] } },
{ "type": "Feature", "properties": { "crossid": 1450, "id": 1455, "type": 2, "length": 5229.0, "preid1": 1451, "preid2": null, "preid3": null, "nextid1": 1460, "nextid2": null, "nextid3": null }, "geometry": { "type": "LineString", "coordinates": [ [ 120.651480266461462, 31.420324819316924 ], [ 120.651459048231516, 31.420281805902967 ], [ 120.651441564429277, 31.420244009986774 ], [ 120.651427194098318, 31.420210561253082 ], [ 120.651415316282197, 31.420180589386689 ], [ 120.651405310024359, 31.420153224072347 ], [ 120.651396554368404, 31.420127594994831 ], [ 120.651388428357862, 31.420102831838911 ], [ 120.651380311036206, 31.420078064289346 ], [ 120.65137158144698, 31.420052422030892 ], [ 120.651361618633729, 31.420025034748328 ], [ 120.651349801639952, 31.419995032126419 ], [ 120.651335509509209, 31.419961543849933 ], [ 120.651318121284987, 31.419923699603633 ], [ 120.651297016010858, 31.419880629072289 ] ] } },
{ "type": "Feature", "properties": { "crossid": 1450, "id": 1456, "type": 2, "length": 5117.0, "preid1": 1451, "preid2": null, "preid3": null, "nextid1": 1461, "nextid2": null, "nextid3": null }, "geometry": { "type": "LineString", "coordinates": [ [ 120.651480266461462, 31.420324819316924 ], [ 120.651458899638314, 31.420282548410878 ], [ 120.651440455505323, 31.42024577220208 ], [ 120.651424439337916, 31.420213578836083 ], [ 120.651410356411617, 31.420185056458504 ], [ 120.651397712001824, 31.420159293214894 ], [ 120.651386011384091, 31.420135377250855 ], [ 120.651374759833871, 31.420112396711964 ], [ 120.651363462626563, 31.420089439743787 ], [ 120.651351625037677, 31.420065594491902 ], [ 120.651338752342667, 31.420039949101902 ], [ 120.651324349817017, 31.420011591719359 ], [ 120.65130792273618, 31.419979610489861 ], [ 120.651288976375639, 31.41994309355897 ], [ 120.651267016010848, 31.41990112907229 ] ] } },
{ "type": "Feature", "properties": { "crossid": 1450, "id": 1457, "type": 2, "length": 5155.0, "preid1": 1451, "preid2": null, "preid3": null, "nextid1": 1462, "nextid2": null, "nextid3": null }, "geometry": { "type": "LineString", "coordinates": [ [ 120.651480266461462, 31.420324819316924 ], [ 120.65145814068606, 31.42028212742472 ], [ 120.651438212236215, 31.420245439042407 ], [ 120.651420104886029, 31.420213758776693 ], [ 120.651403442409674, 31.420186091234328 ], [ 120.651387848581194, 31.420161441022007 ], [ 120.651372947174821, 31.420138812746465 ], [ 120.651358361964569, 31.420117211014418 ], [ 120.651343716724597, 31.420095640432578 ], [ 120.651328635229007, 31.420073105607671 ], [ 120.651312741251886, 31.420048611146409 ], [ 120.65129565856742, 31.420021161655526 ], [ 120.65127701094967, 31.419989761741729 ], [ 120.651256422172764, 31.419953416011744 ], [ 120.651233516010848, 31.41991112907229 ] ] } },
{ "type": "Feature", "properties": { "crossid": 1450, "id": 1460, "type": 3, "length": 7653.0, "preid1": 1455, "preid2": 0, "preid3": 0, "nextid1": 0, "nextid2": 0, "nextid3": 0 }, "geometry": { "type": "LineString", "coordinates": [ [ 120.651297016010858, 31.419880629072289 ], [ 120.651284016010862, 31.419855629072288 ], [ 120.651265516010852, 31.41981812907229 ], [ 120.651253016010855, 31.419793129072289 ], [ 120.651247016010842, 31.419780629072292 ], [ 120.651234016010847, 31.419756629072289 ], [ 120.651221016010851, 31.419731629072288 ], [ 120.651202016010842, 31.41969412907229 ], [ 120.651189516010845, 31.41966912907229 ], [ 120.65118351601086, 31.419657129072288 ], [ 120.651170516010865, 31.419632629072289 ], [ 120.651158016010854, 31.419607629072289 ], [ 120.651139016010859, 31.419570129072291 ], [ 120.651132516010847, 31.419557629072287 ], [ 120.65112001601085, 31.419533629072291 ], [ 120.651101516010854, 31.419496129072289 ], [ 120.651094516010858, 31.419483629072289 ], [ 120.651076016010848, 31.419446129072291 ], [ 120.651069516010864, 31.41943412907229 ], [ 120.651057016010867, 31.419409629072291 ], [ 120.651038016010858, 31.419372129072286 ], [ 120.651031516010846, 31.419359629072289 ], [ 120.651019016010849, 31.419334629072289 ], [ 120.651006016010854, 31.41931012907229 ], [ 120.650994016010856, 31.419285629072291 ], [ 120.650975016010847, 31.419248129072287 ] ] } },
{ "type": "Feature", "properties": { "crossid": 1450, "id": 1461, "type": 3, "length": 7801.0, "preid1": 1456, "preid2": 0, "preid3": 0, "nextid1": 0, "nextid2": 0, "nextid3": 0 }, "geometry": { "type": "LineString", "coordinates": [ [ 120.651267016010848, 31.41990112907229 ], [ 120.651254016010853, 31.419876129072289 ], [ 120.651241016010857, 31.419851629072291 ], [ 120.651229016010859, 31.41982662907229 ], [ 120.651216516010848, 31.419801629072289 ], [ 120.651204016010851, 31.419777129072287 ], [ 120.651191016010856, 31.41975212907229 ], [ 120.651178516010859, 31.419727129072289 ], [ 120.651166016010848, 31.41970262907229 ], [ 120.65115401601085, 31.419677629072289 ], [ 120.651141016010854, 31.419653129072287 ], [ 120.651128016010858, 31.41962812907229 ], [ 120.651115516010861, 31.419603129072289 ], [ 120.65110301601085, 31.419578629072291 ], [ 120.651090016010855, 31.419554129072289 ], [ 120.651077516010858, 31.419529129072288 ], [ 120.651065016010847, 31.419504129072287 ], [ 120.65105251601085, 31.41947912907229 ], [ 120.651040016010853, 31.419454629072291 ], [ 120.651027516010856, 31.419430129072289 ], [ 120.651014516010861, 31.419405129072288 ], [ 120.651002516010863, 31.419380129072287 ], [ 120.650989516010853, 31.41935512907229 ], [ 120.650976516010857, 31.419330129072289 ], [ 120.650964516010859, 31.419306129072289 ], [ 120.650951516010849, 31.419281129072289 ], [ 120.650939516010851, 31.419256129072288 ] ] } },
{ "type": "Feature", "properties": { "crossid": 1450, "id": 1462, "type": 3, "length": 7798.0, "preid1": 1457, "preid2": 0, "preid3": 0, "nextid1": 0, "nextid2": 0, "nextid3": 0 }, "geometry": { "type": "LineString", "coordinates": [ [ 120.651233516010848, 31.41991112907229 ], [ 120.651220516010852, 31.419886129072289 ], [ 120.651207516010857, 31.419862129072289 ], [ 120.651195516010858, 31.419837129072292 ], [ 120.651183016010862, 31.419812129072291 ], [ 120.651170516010851, 31.41978712907229 ], [ 120.651157516010855, 31.419762129072289 ], [ 120.651145516010857, 31.419737129072288 ], [ 120.651132516010861, 31.419712629072286 ], [ 120.65112001601085, 31.419688129072291 ], [ 120.651106516010856, 31.419663629072289 ], [ 120.65109351601086, 31.419638629072288 ], [ 120.651081016010863, 31.419613629072288 ], [ 120.651068516010852, 31.419589129072289 ], [ 120.651056016010855, 31.419564129072292 ], [ 120.651044516010856, 31.419539129072291 ], [ 120.65103151601086, 31.41951412907229 ], [ 120.651019516010848, 31.419489129072289 ], [ 120.651007016010851, 31.419464629072287 ], [ 120.650995016010853, 31.419439629072286 ], [ 120.650982516010856, 31.419414629072293 ], [ 120.650970016010859, 31.419390129072291 ], [ 120.650957516010862, 31.41936512907229 ], [ 120.650945016010851, 31.419340129072289 ], [ 120.650933016010853, 31.419315629072287 ], [ 120.650920016010858, 31.419290629072286 ], [ 120.650908016010845, 31.419265629072292 ] ] } },
{ "type": "Feature", "properties": { "crossid": 1500, "id": 1500, "type": 1, "length": 4115.0, "preid1": 0, "preid2": 0, "preid3": 0, "nextid1": 0, "nextid2": 0, "nextid3": 0 }, "geometry": { "type": "LineString", "coordinates": [ [ 120.649867, 31.417142 ], [ 120.6498545, 31.417117 ], [ 120.6498415, 31.417093 ], [ 120.64982950000001, 31.417068 ], [ 120.6498165, 31.417043 ], [ 120.649804, 31.417018 ], [ 120.6497915, 31.416993 ], [ 120.6497795, 31.4169685 ], [ 120.6497665, 31.416944 ], [ 120.649754, 31.416919 ], [ 120.6497405, 31.4168945 ], [ 120.6497285, 31.4168695 ], [ 120.649716, 31.416845 ], [ 120.6497035, 31.41682 ], [ 120.649694750161814, 31.416801572100372 ] ] } },
{ "type": "Feature", "properties": { "crossid": 1500, "id": 1501, "type": 1, "length": 4040.0, "preid1": 0, "preid2": 0, "preid3": 0, "nextid1": 1505, "nextid2": 1506, "nextid3": 0 }, "geometry": { "type": "LineString", "coordinates": [ [ 120.649832, 31.4171485 ], [ 120.6498195, 31.4171235 ], [ 120.649807, 31.4170995 ], [ 120.649794500000013, 31.4170745 ], [ 120.649781499999989, 31.4170495 ], [ 120.649769, 31.4170245 ], [ 120.6497565, 31.4169995 ], [ 120.6497445, 31.416975 ], [ 120.6497315, 31.4169505 ], [ 120.649719, 31.4169255 ], [ 120.649706, 31.4169005 ], [ 120.649694, 31.4168755 ], [ 120.649681, 31.416851 ], [ 120.649666980770689, 31.416822375529179 ], [ 120.649662797713233, 31.416814313874347 ] ] } },
{ "type": "Feature", "properties": { "crossid": 1500, "id": 1502, "type": 1, "length": 4001.0, "preid1": 0, "preid2": 0, "preid3": 0, "nextid1": 0, "nextid2": 0, "nextid3": 0 }, "geometry": { "type": "LineString", "coordinates": [ [ 120.6497985, 31.4171575 ], [ 120.6497855, 31.4171325 ], [ 120.6497735, 31.417108 ], [ 120.6497605, 31.4170835 ], [ 120.649747499999989, 31.4170585 ], [ 120.6497355, 31.4170335 ], [ 120.6497225, 31.4170085 ], [ 120.6497105, 31.416984 ], [ 120.6496975, 31.416959 ], [ 120.6496855, 31.4169345 ], [ 120.649672, 31.4169095 ], [ 120.64966, 31.4168845 ], [ 120.649647, 31.41686 ], [ 120.649630105809337, 31.416826882203004 ] ] } },
{ "type": "Feature", "properties": { "crossid": 1500, "id": 1505, "type": 2, "length": 6953.0, "preid1": 1501, "preid2": null, "preid3": null, "nextid1": 1510, "nextid2": null, "nextid3": null }, "geometry": { "type": "LineString", "coordinates": [ [ 120.649662797713233, 31.416814313874347 ], [ 120.649634070368776, 31.416756659302116 ], [ 120.64960892904854, 31.416706674850612 ], [ 120.649586774385213, 31.416663083010551 ], [ 120.64956700701174, 31.416624606272684 ], [ 120.649549027560809, 31.416589967127695 ], [ 120.649532236665323, 31.416557888066329 ], [ 120.64951603495804, 31.416527091579308 ], [ 120.649499823071721, 31.416496300157341 ], [ 120.649483001639183, 31.416464236291155 ], [ 120.649464971293241, 31.416429622471469 ], [ 120.649445132666699, 31.416391181189006 ], [ 120.64942288639233, 31.416347634934482 ], [ 120.649397633102964, 31.41629770619863 ], [ 120.649368773431391, 31.416240117472164 ] ] } },
{ "type": "Feature", "properties": { "crossid": 1500, "id": 1506, "type": 2, "length": 6963.0, "preid1": 1501, "preid2": null, "preid3": null, "nextid1": 1511, "nextid2": null, "nextid3": null }, "geometry": { "type": "LineString", "coordinates": [ [ 120.649662797713233, 31.416814313874347 ], [ 120.649633453864055, 31.416756495055331 ], [ 120.649606963073865, 31.416706812123202 ], [ 120.64958284674745, 31.416663910635659 ], [ 120.649560626289627, 31.41662643615042 ], [ 120.649539823105215, 31.416593034225166 ], [ 120.649519958599015, 31.416562350417621 ], [ 120.649500554175859, 31.416533030285485 ], [ 120.649481131240492, 31.416503719386448 ], [ 120.649461211197774, 31.416473063278222 ], [ 120.64944031545248, 31.416439707518506 ], [ 120.649417965409441, 31.416402297665009 ], [ 120.649393682473431, 31.416359479275428 ], [ 120.64936698804928, 31.416309897907464 ], [ 120.649337403541793, 31.41625219911883 ] ] } },
{ "type": "Feature", "properties": { "crossid": 1500, "id": 1510, "type": 3, "length": 7042.0, "preid1": 1505, "preid2": 0, "preid3": 0, "nextid1": 0, "nextid2": 0, "nextid3": 0 }, "geometry": { "type": "LineString", "coordinates": [ [ 120.649368773431391, 31.416240117472164 ], [ 120.6493625, 31.416228 ], [ 120.6493505, 31.4162035 ], [ 120.6493385, 31.4161785 ], [ 120.6493255, 31.4161535 ], [ 120.6493135, 31.4161285 ], [ 120.649301, 31.4161035 ], [ 120.649288500000011, 31.4160785 ], [ 120.649276, 31.4160535 ], [ 120.649263499999989, 31.4160295 ], [ 120.649251, 31.4160045 ], [ 120.649238, 31.4159795 ], [ 120.649225, 31.4159545 ], [ 120.6492125, 31.41593 ], [ 120.6492, 31.4159055 ], [ 120.649187500000011, 31.4158805 ], [ 120.649175, 31.4158555 ], [ 120.649162499999989, 31.4158305 ], [ 120.64915, 31.415806 ], [ 120.649137, 31.4157815 ], [ 120.6491245, 31.4157565 ], [ 120.649112, 31.4157315 ], [ 120.649099, 31.4157065 ], [ 120.64908650000001, 31.415682 ], [ 120.649074, 31.4156575 ] ] } },
{ "type": "Feature", "properties": { "crossid": 1500, "id": 1511, "type": 3, "length": 7080.0, "preid1": 1506, "preid2": 0, "preid3": 0, "nextid1": 0, "nextid2": 0, "nextid3": 0 }, "geometry": { "type": "LineString", "coordinates": [ [ 120.649337403541793, 31.41625219911883 ], [ 120.6493235, 31.4162245 ], [ 120.6493175, 31.4162125 ], [ 120.6493055, 31.4161875 ], [ 120.6492925, 31.4161625 ], [ 120.6492805, 31.4161375 ], [ 120.6492675, 31.4161125 ], [ 120.64925550000001, 31.416088 ], [ 120.6492365, 31.4160505 ], [ 120.6492305, 31.4160385 ], [ 120.649218, 31.4160135 ], [ 120.649205, 31.4159885 ], [ 120.649186, 31.4159515 ], [ 120.64918, 31.415939 ], [ 120.649161, 31.415902 ], [ 120.649155, 31.4158895 ], [ 120.649142, 31.4158645 ], [ 120.6491295, 31.4158395 ], [ 120.649117, 31.415815 ], [ 120.649104, 31.4157905 ], [ 120.6490915, 31.4157655 ], [ 120.649079, 31.4157405 ], [ 120.649066, 31.4157155 ], [ 120.6490475, 31.4156785 ], [ 120.649041, 31.4156665 ] ] } },
{ "type": "Feature", "properties": { "crossid": 1550, "id": 1550, "type": 1, "length": 7000.0, "preid1": 0, "preid2": 0, "preid3": 0, "nextid1": 0, "nextid2": 0, "nextid3": 0 }, "geometry": { "type": "LineString", "coordinates": [ [ 120.648815500000012, 31.415149 ], [ 120.648802499999988, 31.415124 ], [ 120.64879, 31.415099 ], [ 120.6487775, 31.4150745 ], [ 120.6487645, 31.4150495 ], [ 120.6487525, 31.415025 ], [ 120.6487395, 31.415 ], [ 120.6487275, 31.414975 ], [ 120.648714500000011, 31.41495 ], [ 120.648702, 31.4149255 ], [ 120.648689499999989, 31.414901 ], [ 120.6486775, 31.414876 ], [ 120.6486645, 31.414851 ], [ 120.648652, 31.414826 ], [ 120.6486395, 31.4148015 ], [ 120.6486265, 31.4147765 ], [ 120.648614, 31.414752 ], [ 120.648601500000012, 31.414727 ], [ 120.6485895, 31.414702 ], [ 120.6485765, 31.4146775 ], [ 120.648564, 31.4146525 ], [ 120.6485515, 31.414628 ], [ 120.648539, 31.414603 ], [ 120.648522790511493, 31.41456975937848 ] ] } },
{ "type": "Feature", "properties": { "crossid": 1550, "id": 1551, "type": 1, "length": 6902.0, "preid1": 0, "preid2": 0, "preid3": 0, "nextid1": 1555, "nextid2": 1556, "nextid3": 0 }, "geometry": { "type": "LineString", "coordinates": [ [ 120.64878250000001, 31.415158 ], [ 120.6487695, 31.415133 ], [ 120.648757, 31.4151085 ], [ 120.6487445, 31.4150835 ], [ 120.6487315, 31.4150585 ], [ 120.6487195, 31.415034 ], [ 120.6487065, 31.415009 ], [ 120.648694, 31.4149845 ], [ 120.6486815, 31.4149595 ], [ 120.6486685, 31.4149345 ], [ 120.6486565, 31.41491 ], [ 120.648644, 31.414885 ], [ 120.6486315, 31.41486 ], [ 120.648619, 31.4148355 ], [ 120.648606, 31.4148105 ], [ 120.6485935, 31.4147855 ], [ 120.648581, 31.414761 ], [ 120.64856850000001, 31.414736 ], [ 120.648556, 31.414711 ], [ 120.6485435, 31.4146865 ], [ 120.648531, 31.4146615 ], [ 120.6485185, 31.414637 ], [ 120.6485055, 31.414612 ], [ 120.6484935, 31.414587 ] ] } },
{ "type": "Feature", "properties": { "crossid": 1550, "id": 1555, "type": 2, "length": 2959.0, "preid1": 1551, "preid2": null, "preid3": null, "nextid1": 1560, "nextid2": null, "nextid3": null }, "geometry": { "type": "LineString", "coordinates": [ [ 120.6484935, 31.414587 ], [ 120.648481846260239, 31.414563654703599 ], [ 120.648470539459154, 31.414541359991656 ], [ 120.648459379519608, 31.414520364221406 ], [ 120.648448166364645, 31.414500915750146 ], [ 120.648436699917141, 31.414483262935114 ], [ 120.648424780100072, 31.414467654133578 ], [ 120.648412206836412, 31.414454337702804 ], [ 120.648398780049035, 31.414443562000042 ], [ 120.648384299660947, 31.414435575382555 ], [ 120.648368565595035, 31.414430626207597 ], [ 120.64835137777429, 31.414428962832439 ], [ 120.648332536121643, 31.414430833614336 ], [ 120.648311840560041, 31.414436486910549 ], [ 120.64828909101243, 31.414446171078346 ] ] } },
{ "type": "Feature", "properties": { "crossid": 1550, "id": 1556, "type": 2, "length": 2619.0, "preid1": 1551, "preid2": null, "preid3": null, "nextid1": 1561, "nextid2": null, "nextid3": null }, "geometry": { "type": "LineString", "coordinates": [ [ 120.6484935, 31.414587 ], [ 120.648482995974305, 31.414566362889246 ], [ 120.648472593145385, 31.414546974521532 ], [ 120.648462148193801, 31.414529004960539 ], [ 120.648451517800311, 31.414512624269975 ], [ 120.64844055864549, 31.414498002513529 ], [ 120.648429127410068, 31.414485309754905 ], [ 120.648417080774649, 31.414474716057804 ], [ 120.648404275419892, 31.414466391485902 ], [ 120.648390568026443, 31.414460506102913 ], [ 120.648375815274989, 31.41445722997252 ], [ 120.648359873846118, 31.414456733158424 ], [ 120.648342600420563, 31.414459185724326 ], [ 120.648323851678924, 31.414464757733917 ], [ 120.648303484301863, 31.414473619250892 ] ] } },
{ "type": "Feature", "properties": { "crossid": 1550, "id": 1560, "type": 3, "length": 7515.0, "preid1": 1555, "preid2": 0, "preid3": 0, "nextid1": 0, "nextid2": 0, "nextid3": 0 }, "geometry": { "type": "LineString", "coordinates": [ [ 120.64828909101243, 31.414446171078346 ], [ 120.648279, 31.4144515 ], [ 120.648252, 31.4144645 ], [ 120.648225, 31.414479 ], [ 120.648198, 31.414493 ], [ 120.648171, 31.414507 ], [ 120.648144, 31.414521 ], [ 120.648117, 31.414535 ], [ 120.64809, 31.414549 ], [ 120.648063, 31.414563 ], [ 120.648036, 31.4145775 ], [ 120.648009, 31.4145915 ], [ 120.647982, 31.4146055 ], [ 120.647956, 31.41462 ], [ 120.6479285, 31.4146335 ], [ 120.647902, 31.414648 ], [ 120.647875, 31.414662 ], [ 120.647847500000012, 31.414676 ], [ 120.647821, 31.41469 ], [ 120.647794, 31.414704 ], [ 120.647767, 31.414718 ], [ 120.6477395, 31.4147315 ], [ 120.647712, 31.414745 ], [ 120.647685, 31.4147585 ], [ 120.647656927683272, 31.414772695896872 ], [ 120.647612280954789, 31.414795966205517 ] ] } },
{ "type": "Feature", "properties": { "crossid": 1550, "id": 1561, "type": 3, "length": 7480.0, "preid1": 1556, "preid2": 0, "preid3": 0, "nextid1": 0, "nextid2": 0, "nextid3": 0 }, "geometry": { "type": "LineString", "coordinates": [ [ 120.648303484301863, 31.414473619250892 ], [ 120.6482825, 31.4144845 ], [ 120.6482555, 31.4144975 ], [ 120.6482285, 31.414512 ], [ 120.6482015, 31.4145265 ], [ 120.64817450000001, 31.4145405 ], [ 120.6481475, 31.4145545 ], [ 120.6481205, 31.4145685 ], [ 120.6480935, 31.4145825 ], [ 120.6480665, 31.4145965 ], [ 120.64803950000001, 31.4146105 ], [ 120.6480125, 31.4146245 ], [ 120.6479855, 31.4146385 ], [ 120.647959, 31.414653 ], [ 120.647932, 31.4146665 ], [ 120.647905, 31.414681 ], [ 120.647878, 31.414695 ], [ 120.647851, 31.414709 ], [ 120.647824, 31.414723 ], [ 120.647797, 31.414737 ], [ 120.64777, 31.414751 ], [ 120.647743, 31.4147645 ], [ 120.647716, 31.4147785 ], [ 120.647689, 31.4147925 ], [ 120.647662, 31.4148065 ], [ 120.64763044211449, 31.414822703428413 ] ] } },
{ "type": "Feature", "properties": { "crossid": 1600, "id": 1600, "type": 1, "length": 5790.0, "preid1": 0, "preid2": 0, "preid3": 0, "nextid1": 0, "nextid2": 0, "nextid3": 0 }, "geometry": { "type": "LineString", "coordinates": [ [ 120.6472195, 31.4149715 ], [ 120.647192499999989, 31.4149855 ], [ 120.6471655, 31.414999 ], [ 120.647138500000011, 31.4150135 ], [ 120.6471115, 31.4150275 ], [ 120.6470845, 31.4150415 ], [ 120.647057499999988, 31.4150555 ], [ 120.6470305, 31.4150695 ], [ 120.647003500000011, 31.4150835 ], [ 120.6469765, 31.4150975 ], [ 120.6469495, 31.415111 ], [ 120.6469225, 31.415125 ], [ 120.6468955, 31.415139 ], [ 120.646868500000011, 31.415153 ], [ 120.6468415, 31.415167 ], [ 120.6468145, 31.415181 ], [ 120.6467875, 31.4151955 ], [ 120.6467605, 31.4152095 ], [ 120.646734, 31.415224 ], [ 120.646707, 31.415238 ], [ 120.646698845643556, 31.415242292921942 ] ] } },
{ "type": "Feature", "properties": { "crossid": 1600, "id": 1601, "type": 1, "length": 5900.0, "preid1": 0, "preid2": 0, "preid3": 0, "nextid1": 1605, "nextid2": 1606, "nextid3": 1607 }, "geometry": { "type": "LineString", "coordinates": [ [ 120.647242, 31.414992 ], [ 120.647215, 31.415006 ], [ 120.647188, 31.41502 ], [ 120.647161, 31.415034 ], [ 120.647134, 31.415048 ], [ 120.647107, 31.415062 ], [ 120.64708, 31.415076 ], [ 120.647053, 31.4150905 ], [ 120.647026, 31.4151045 ], [ 120.646999, 31.4151185 ], [ 120.646972, 31.4151325 ], [ 120.646945, 31.4151465 ], [ 120.6469185, 31.4151605 ], [ 120.64689150000001, 31.4151745 ], [ 120.6468645, 31.4151885 ], [ 120.6468375, 31.4152025 ], [ 120.6468105, 31.415217 ], [ 120.6467835, 31.415231 ], [ 120.646757, 31.415245 ], [ 120.64673, 31.415259 ], [ 120.64671179496959, 31.415268439645402 ] ] } },
{ "type": "Feature", "properties": { "crossid": 1600, "id": 1602, "type": 1, "length": 5927.0, "preid1": 0, "preid2": 0, "preid3": 0, "nextid1": 0, "nextid2": 0, "nextid3": 0 }, "geometry": { "type": "LineString", "coordinates": [ [ 120.6472575, 31.4150175 ], [ 120.6472305, 31.4150315 ], [ 120.647204, 31.415046 ], [ 120.647177, 31.41506 ], [ 120.64715, 31.415074 ], [ 120.647123, 31.415088 ], [ 120.647096, 31.415102 ], [ 120.647069, 31.4151165 ], [ 120.647042, 31.4151305 ], [ 120.647015, 31.4151445 ], [ 120.6469885, 31.415159 ], [ 120.6469615, 31.415173 ], [ 120.646935, 31.415187 ], [ 120.646908, 31.415201 ], [ 120.646881, 31.415215 ], [ 120.646854, 31.415229 ], [ 120.646827, 31.415243 ], [ 120.6468, 31.4152575 ], [ 120.646773, 31.4152715 ], [ 120.6467465, 31.4152855 ], [ 120.646725443170368, 31.415295997506743 ] ] } },
{ "type": "Feature", "properties": { "crossid": 1600, "id": 1605, "type": 2, "length": 3622.0, "preid1": 1601, "preid2": null, "preid3": null, "nextid1": 1610, "nextid2": null, "nextid3": null }, "geometry": { "type": "LineString", "coordinates": [ [ 120.64671179496959, 31.415268439645402 ], [ 120.646678785492739, 31.415285064812871 ], [ 120.646649754535218, 31.415298745210237 ], [ 120.646624040180669, 31.415309973874798 ], [ 120.646600980512986, 31.415319243843896 ], [ 120.646579913615867, 31.415327048154825 ], [ 120.646560177573036, 31.415333879844905 ], [ 120.646541110468291, 31.415340231951465 ], [ 120.646522050385357, 31.4153465975118 ], [ 120.646502335407973, 31.415353469563232 ], [ 120.646481303619893, 31.415361341143075 ], [ 120.646458293104899, 31.415370705288645 ], [ 120.646432641946689, 31.415382055037256 ], [ 120.646403688229043, 31.415395883426221 ], [ 120.64637077003573, 31.415412683492864 ] ] } },
{ "type": "Feature", "properties": { "crossid": 1600, "id": 1606, "type": 2, "length": 3637.0, "preid1": 1601, "preid2": null, "preid3": null, "nextid1": 1611, "nextid2": null, "nextid3": null }, "geometry": { "type": "LineString", "coordinates": [ [ 120.64671179496959, 31.415268439645402 ], [ 120.64667914678401, 31.415285397488756 ], [ 120.646650811258439, 31.415300171616163 ], [ 120.646626069616161, 31.415313125980262 ], [ 120.646604203080614, 31.415324624533739 ], [ 120.646584492875064, 31.415335031229233 ], [ 120.646566220222866, 31.415344710019419 ], [ 120.646548666347343, 31.415354024856946 ], [ 120.64653111247182, 31.415363339694466 ], [ 120.646512839819593, 31.415373018484647 ], [ 120.646493129614072, 31.415383425180142 ], [ 120.646471263078524, 31.415394923733611 ], [ 120.646446521436275, 31.415407878097717 ], [ 120.646418185910704, 31.415422652225111 ], [ 120.646385537725109, 31.415439610068461 ] ] } },
{ "type": "Feature", "properties": { "crossid": 1600, "id": 1607, "type": 2, "length": 3695.0, "preid1": 1601, "preid2": null, "preid3": null, "nextid1": 1612, "nextid2": null, "nextid3": null }, "geometry": { "type": "LineString", "coordinates": [ [ 120.64671179496959, 31.415268439645402 ], [ 120.646679308558134, 31.415285820840516 ], [ 120.646651549978657, 31.415301716067692 ], [ 120.646627731259059, 31.415316372988244 ], [ 120.646607064427457, 31.415330039263512 ], [ 120.64658876151185, 31.41534296255481 ], [ 120.646572034540242, 31.415355390523462 ], [ 120.646556095540632, 31.415367570830799 ], [ 120.646540156541008, 31.415379751138129 ], [ 120.646523429569385, 31.415392179106789 ], [ 120.646505126653778, 31.415405102398079 ], [ 120.646484459822176, 31.415418768673348 ], [ 120.646460641102649, 31.415433425593903 ], [ 120.646432882523115, 31.415449320821072 ], [ 120.646400396111659, 31.415466702016175 ] ] } },
{ "type": "Feature", "properties": { "crossid": 1600, "id": 1610, "type": 3, "length": 7306.0, "preid1": 1605, "preid2": 0, "preid3": 0, "nextid1": 0, "nextid2": 0, "nextid3": 0 }, "geometry": { "type": "LineString", "coordinates": [ [ 120.64637077003573, 31.415412683492864 ], [ 120.646361, 31.415418 ], [ 120.646334, 31.415432 ], [ 120.646307, 31.415446 ], [ 120.6462805, 31.41546 ], [ 120.6462535, 31.415474 ], [ 120.6462265, 31.415488 ], [ 120.6461995, 31.415502 ], [ 120.6461725, 31.4155165 ], [ 120.6461455, 31.4155305 ], [ 120.6461185, 31.4155445 ], [ 120.6460915, 31.4155585 ], [ 120.6460645, 31.4155725 ], [ 120.646038, 31.415587 ], [ 120.646011, 31.415601 ], [ 120.645984, 31.415615 ], [ 120.6459575, 31.4156295 ], [ 120.6459305, 31.415644 ], [ 120.6459035, 31.415658 ], [ 120.6458765, 31.415672 ], [ 120.6458495, 31.415686 ], [ 120.6458225, 31.4157 ], [ 120.6457955, 31.415714 ], [ 120.6457685, 31.415727 ], [ 120.645741, 31.4157415 ], [ 120.645714, 31.4157545 ] ] } },
{ "type": "Feature", "properties": { "crossid": 1600, "id": 1611, "type": 3, "length": 7271.0, "preid1": 1606, "preid2": 0, "preid3": 0, "nextid1": 0, "nextid2": 0, "nextid3": 0 }, "geometry": { "type": "LineString", "coordinates": [ [ 120.646385537725109, 31.415439610068461 ], [ 120.646379, 31.415443 ], [ 120.646352, 31.415457 ], [ 120.646325, 31.415471 ], [ 120.646298, 31.415485 ], [ 120.646271500000012, 31.415499 ], [ 120.6462445, 31.4155135 ], [ 120.6462175, 31.4155275 ], [ 120.646190499999989, 31.415542 ], [ 120.6461635, 31.415556 ], [ 120.646136500000011, 31.41557 ], [ 120.6461095, 31.415584 ], [ 120.6460825, 31.415598 ], [ 120.646056, 31.415612 ], [ 120.646029, 31.415626 ], [ 120.646002, 31.41564 ], [ 120.645975, 31.4156545 ], [ 120.645948, 31.415669 ], [ 120.645921, 31.415683 ], [ 120.645894, 31.415697 ], [ 120.645867, 31.415711 ], [ 120.6458405, 31.415725 ], [ 120.6458135, 31.415739 ], [ 120.645787, 31.415753 ], [ 120.64576, 31.4157675 ], [ 120.645733, 31.4157815 ] ] } },
{ "type": "Feature", "properties": { "crossid": 1600, "id": 1612, "type": 3, "length": 7259.0, "preid1": 1607, "preid2": 0, "preid3": 0, "nextid1": 0, "nextid2": 0, "nextid3": 0 }, "geometry": { "type": "LineString", "coordinates": [ [ 120.646400396111659, 31.415466702016175 ], [ 120.646395, 31.4154695 ], [ 120.646368, 31.4154835 ], [ 120.646341, 31.4154975 ], [ 120.646314, 31.4155115 ], [ 120.646288, 31.415526 ], [ 120.646261, 31.4155405 ], [ 120.646234, 31.4155545 ], [ 120.646207, 31.415569 ], [ 120.64618, 31.415583 ], [ 120.6461535, 31.415597 ], [ 120.6461265, 31.415611 ], [ 120.6460995, 31.415625 ], [ 120.6460725, 31.415639 ], [ 120.6460455, 31.415653 ], [ 120.6460185, 31.415667 ], [ 120.6459915, 31.4156815 ], [ 120.6459645, 31.4156955 ], [ 120.6459375, 31.4157095 ], [ 120.6459105, 31.4157235 ], [ 120.6458835, 31.4157375 ], [ 120.645857, 31.4157515 ], [ 120.64583, 31.4157655 ], [ 120.645803, 31.4157795 ], [ 120.645776, 31.4157935 ], [ 120.645749, 31.415808 ] ] } },
{ "type": "Feature", "properties": { "crossid": 1650, "id": 1650, "type": 1, "length": 5101.0, "preid1": 0, "preid2": 0, "preid3": 0, "nextid1": 0, "nextid2": 0, "nextid3": 0 }, "geometry": { "type": "LineString", "coordinates": [ [ 120.6452825, 31.415984 ], [ 120.6452555, 31.4159985 ], [ 120.6452285, 31.4160125 ], [ 120.6452015, 31.4160265 ], [ 120.6451745, 31.4160405 ], [ 120.6451475, 31.4160545 ], [ 120.6451205, 31.4160685 ], [ 120.6450935, 31.4160825 ], [ 120.6450665, 31.4160965 ], [ 120.64504, 31.4161105 ], [ 120.645013, 31.4161245 ], [ 120.644986, 31.4161385 ], [ 120.644959, 31.416153 ], [ 120.64493250000001, 31.416167 ], [ 120.6449055, 31.416181 ], [ 120.644878, 31.416195 ], [ 120.6448515, 31.4162095 ], [ 120.6448245, 31.4162235 ] ] } },
{ "type": "Feature", "properties": { "crossid": 1650, "id": 1651, "type": 1, "length": 5101.0, "preid1": 0, "preid2": 0, "preid3": 0, "nextid1": 1655, "nextid2": 1656, "nextid3": 0 }, "geometry": { "type": "LineString", "coordinates": [ [ 120.645302, 31.416007 ], [ 120.645275, 31.4160215 ], [ 120.645248, 31.4160355 ], [ 120.645221, 31.4160495 ], [ 120.645194, 31.4160635 ], [ 120.6451675, 31.416078 ], [ 120.6451405, 31.416092 ], [ 120.6451135, 31.416106 ], [ 120.6450865, 31.41612 ], [ 120.64506, 31.416134 ], [ 120.645033, 31.416148 ], [ 120.645006, 31.416162 ], [ 120.644979, 31.4161765 ], [ 120.644952, 31.4161905 ], [ 120.644925, 31.4162045 ], [ 120.644898, 31.4162185 ], [ 120.644871, 31.4162325 ], [ 120.644844, 31.4162465 ] ] } },
{ "type": "Feature", "properties": { "crossid": 1650, "id": 1652, "type": 1, "length": 5097.0, "preid1": 0, "preid2": 0, "preid3": 0, "nextid1": 0, "nextid2": 0, "nextid3": 0 }, "geometry": { "type": "LineString", "coordinates": [ [ 120.645318, 31.4160335 ], [ 120.645291, 31.4160475 ], [ 120.645264, 31.4160615 ], [ 120.6452375, 31.4160755 ], [ 120.6452105, 31.41609 ], [ 120.645184, 31.4161045 ], [ 120.645157, 31.4161185 ], [ 120.64513, 31.4161325 ], [ 120.645103, 31.4161465 ], [ 120.645076, 31.4161605 ], [ 120.645049, 31.4161745 ], [ 120.645022, 31.4161885 ], [ 120.644995, 31.4162025 ], [ 120.644968, 31.4162165 ], [ 120.644941, 31.4162305 ], [ 120.644914, 31.4162445 ], [ 120.644887, 31.4162585 ], [ 120.6448605, 31.416273 ] ] } },
{ "type": "Feature", "properties": { "crossid": 1650, "id": 1655, "type": 2, "length": 4432.0, "preid1": 1651, "preid2": null, "preid3": null, "nextid1": 1660, "nextid2": null, "nextid3": null }, "geometry": { "type": "LineString", "coordinates": [ [ 120.644844, 31.4162465 ], [ 120.64480422423793, 31.416267163953087 ], [ 120.644769706508654, 31.41628517406474 ], [ 120.644739571481509, 31.416300974577322 ], [ 120.644712943826136, 31.416315009733246 ], [ 120.644688948211893, 31.416327723774867 ], [ 120.644666709308325, 31.416339560944593 ], [ 120.644645351784916, 31.416350965484806 ], [ 120.644624000311069, 31.416362381637882 ], [ 120.644601779556297, 31.416374253646204 ], [ 120.644577814190058, 31.416387025752151 ], [ 120.644551228881838, 31.416401142198133 ], [ 120.644521148301095, 31.416417047226506 ], [ 120.644486697117344, 31.416435185079663 ], [ 120.644447, 31.416456 ] ] } },
{ "type": "Feature", "properties": { "crossid": 1650, "id": 1656, "type": 2, "length": 4429.0, "preid1": 1651, "preid2": null, "preid3": null, "nextid1": 1661, "nextid2": null, "nextid3": null }, "geometry": { "type": "LineString", "coordinates": [ [ 120.644844, 31.4162465 ], [ 120.644804878864292, 31.41626731866134 ], [ 120.644771346690263, 31.416286198513234 ], [ 120.644742471061363, 31.416303460902917 ], [ 120.644717319561124, 31.416319427177683 ], [ 120.644694959772949, 31.416334418684752 ], [ 120.644674459280452, 31.416348756771406 ], [ 120.644654885667052, 31.416362762784892 ], [ 120.644635306516207, 31.416376758072463 ], [ 120.644614789411378, 31.416391063981372 ], [ 120.644592401936109, 31.416406001858878 ], [ 120.644567211673845, 31.416421893052238 ], [ 120.644538286208089, 31.416439058908708 ], [ 120.644504693122315, 31.416457820775545 ], [ 120.6444655, 31.4164785 ] ] } },
{ "type": "Feature", "properties": { "crossid": 1650, "id": 1660, "type": 3, "length": 10200.0, "preid1": 1655, "preid2": 0, "preid3": 0, "nextid1": 0, "nextid2": 0, "nextid3": 0 }, "geometry": { "type": "LineString", "coordinates": [ [ 120.644447, 31.416456 ], [ 120.6444205, 31.4164695 ], [ 120.6443935, 31.416484 ], [ 120.6443665, 31.416498 ], [ 120.6443395, 31.416512 ], [ 120.644312500000012, 31.416526 ], [ 120.6442855, 31.41654 ], [ 120.6442585, 31.416554 ], [ 120.644231499999989, 31.416568 ], [ 120.6442045, 31.416582 ], [ 120.644177500000012, 31.4165965 ], [ 120.6441505, 31.4166105 ], [ 120.6441235, 31.4166245 ], [ 120.644096499999989, 31.4166385 ], [ 120.6440695, 31.4166525 ], [ 120.644043, 31.416666 ], [ 120.644016, 31.41668 ], [ 120.6439885, 31.416694 ], [ 120.643962, 31.4167085 ], [ 120.643935, 31.416722 ], [ 120.643908, 31.4167365 ], [ 120.643881, 31.4167505 ], [ 120.6438535, 31.4167655 ], [ 120.643825274595898, 31.416779647505713 ], [ 120.6437995, 31.416793 ], [ 120.6437725, 31.4168075 ], [ 120.6437455, 31.416822 ], [ 120.643719, 31.416836 ], [ 120.643692, 31.41685 ], [ 120.643665, 31.4168645 ], [ 120.643638, 31.416878 ], [ 120.6436115, 31.416892 ], [ 120.6435845, 31.416906 ], [ 120.6435575, 31.41692 ], [ 120.6435305, 31.416934 ] ] } },
{ "type": "Feature", "properties": { "crossid": 1650, "id": 1661, "type": 3, "length": 10195.0, "preid1": 1656, "preid2": 0, "preid3": 0, "nextid1": 0, "nextid2": 0, "nextid3": 0 }, "geometry": { "type": "LineString", "coordinates": [ [ 120.6444655, 31.4164785 ], [ 120.6444385, 31.416492 ], [ 120.644412, 31.416506 ], [ 120.644385, 31.41652 ], [ 120.644358, 31.4165345 ], [ 120.644331, 31.4165485 ], [ 120.644304, 31.4165625 ], [ 120.644277, 31.4165765 ], [ 120.64425, 31.4165905 ], [ 120.644223, 31.4166045 ], [ 120.6441965, 31.4166195 ], [ 120.6441695, 31.4166335 ], [ 120.6441425, 31.4166475 ], [ 120.6441155, 31.4166615 ], [ 120.644089, 31.4166755 ], [ 120.644062, 31.4166895 ], [ 120.644035, 31.416704 ], [ 120.644008, 31.416718 ], [ 120.643981, 31.416732 ], [ 120.643954, 31.416746 ], [ 120.643927, 31.41676 ], [ 120.6439, 31.416774 ], [ 120.643873, 31.416788 ], [ 120.643846, 31.416802 ], [ 120.643819, 31.416816 ], [ 120.6437925, 31.41683 ], [ 120.6437655, 31.4168445 ], [ 120.6437385, 31.4168585 ], [ 120.6437115, 31.416873 ], [ 120.6436845, 31.416887 ], [ 120.6436575, 31.416901 ], [ 120.643631, 31.416915 ], [ 120.643604, 31.416929 ], [ 120.643577, 31.416943 ], [ 120.64355, 31.416957 ] ] } }
]
}
