{
"type": "FeatureCollection",
"name": "memoy_center_line",
"features": [
{ "type": "Feature", "properties": { "RoadId": 10, "LaneId": 0, "maxx": 0, "minx": 0, "maxy": 0, "miny": 0, "LaneId1": 0 }, "geometry": { "type": "MultiLineString", "coordinates": [ [ [ 120.644335, 31.418423 ], [ 120.644351, 31.418446 ], [ 120.644368, 31.418469 ], [ 120.644384, 31.418492 ], [ 120.644401, 31.418515 ], [ 120.644418, 31.418538 ], [ 120.644434, 31.418561 ], [ 120.644451, 31.418584 ], [ 120.644467, 31.418607 ], [ 120.644484, 31.41863 ], [ 120.644501, 31.418653 ], [ 120.644517, 31.418676 ], [ 120.644534, 31.418699 ], [ 120.644551, 31.418722 ], [ 120.644568, 31.418745 ] ] ] } },
{ "type": "Feature", "properties": { "RoadId": 10, "LaneId": 1, "maxx": 0, "minx": 0, "maxy": 0, "miny": 0, "LaneId1": 0 }, "geometry": { "type": "MultiLineString", "coordinates": [ [ [ 120.644303, 31.41844 ], [ 120.64432, 31.418463 ], [ 120.644337, 31.418486 ], [ 120.644354, 31.418509 ], [ 120.644371, 31.418532 ], [ 120.644387, 31.418555 ], [ 120.644404, 31.418578 ], [ 120.64442, 31.418601 ], [ 120.644437, 31.418624 ], [ 120.644454, 31.418647 ], [ 120.64447, 31.41867 ], [ 120.644487, 31.418693 ], [ 120.644504, 31.418716 ], [ 120.64452, 31.418739 ], [ 120.644537, 31.418762 ] ] ] } },
{ "type": "Feature", "properties": { "RoadId": 10, "LaneId": 2, "maxx": 0, "minx": 0, "maxy": 0, "miny": 0, "LaneId1": 0 }, "geometry": { "type": "MultiLineString", "coordinates": [ [ [ 120.644285, 31.418463 ], [ 120.644302, 31.418486 ], [ 120.644319, 31.418509 ], [ 120.644335, 31.418532 ], [ 120.644352, 31.418555 ], [ 120.644369, 31.418578 ], [ 120.644386, 31.418601 ], [ 120.644402, 31.418624 ], [ 120.644419, 31.418647 ], [ 120.644435, 31.41867 ], [ 120.644452, 31.418693 ], [ 120.644469, 31.418716 ], [ 120.644485, 31.418739 ], [ 120.644501, 31.418762 ], [ 120.644517, 31.418785 ] ] ] } },
{ "type": "Feature", "properties": { "RoadId": 20, "LaneId": 18, "maxx": 0, "minx": 0, "maxy": 0, "miny": 0, "LaneId1": 0 }, "geometry": { "type": "MultiLineString", "coordinates": [ [ [ 120.644759977056069, 31.418812192643653 ], [ 120.644813251475696, 31.418783814909514 ], [ 120.644866390186451, 31.418755541035587 ], [ 120.644976435007436, 31.418696549072418 ], [ 120.645086130654903, 31.418637667374579 ], [ 120.645194626823042, 31.418580171565171 ] ] ] } },
{ "type": "Feature", "properties": { "RoadId": 20, "LaneId": 19, "maxx": 0, "minx": 0, "maxy": 0, "miny": 0, "LaneId1": 0 }, "geometry": { "type": "MultiLineString", "coordinates": [ [ [ 120.644778190820062, 31.418842115255938 ], [ 120.64485760571344, 31.418799059094379 ], [ 120.644937033521799, 31.418756092362329 ], [ 120.645096281198406, 31.418670385481079 ], [ 120.645210758493633, 31.418608363579981 ] ] ] } },
{ "type": "Feature", "properties": { "RoadId": 20, "LaneId": 20, "maxx": 0, "minx": 0, "maxy": 0, "miny": 0, "LaneId1": 0 }, "geometry": { "type": "MultiLineString", "coordinates": [ [ [ 120.644795103600913, 31.418867484427221 ], [ 120.644902593976937, 31.41880968132326 ], [ 120.645010029184604, 31.418751865523863 ], [ 120.645116857932962, 31.418694490785843 ], [ 120.645225944598323, 31.418635697197228 ] ] ] } },
{ "type": "Feature", "properties": { "RoadId": 20, "LaneId": 21, "maxx": 0, "minx": 0, "maxy": 0, "miny": 0, "LaneId1": 0 }, "geometry": { "type": "MultiLineString", "coordinates": [ [ [ 120.644812666873349, 31.418892203106935 ], [ 120.644920420208805, 31.418834417517168 ], [ 120.645027745151111, 31.418776859003589 ], [ 120.645135161981386, 31.418719263734868 ], [ 120.645242808969414, 31.418661331041303 ] ] ] } },
{ "type": "Feature", "properties": { "RoadId": 4, "LaneId": 18, "maxx": 0, "minx": 0, "maxy": 0, "miny": 0, "LaneId1": 0 }, "geometry": { "type": "MultiLineString", "coordinates": [ [ [ 120.64534525684725, 31.418505892424999 ], [ 120.645650581328582, 31.418335788879048 ] ] ] } },
{ "type": "Feature", "properties": { "RoadId": 4, "LaneId": 19, "maxx": 0, "minx": 0, "maxy": 0, "miny": 0, "LaneId1": 0 }, "geometry": { "type": "MultiLineString", "coordinates": [ [ [ 120.645359242416035, 31.418533538316783 ], [ 120.645635, 31.418382 ], [ 120.645671071813084, 31.418362784279264 ] ] ] } },
{ "type": "Feature", "properties": { "RoadId": 4, "LaneId": 20, "maxx": 0, "minx": 0, "maxy": 0, "miny": 0, "LaneId1": 0 }, "geometry": { "type": "MultiLineString", "coordinates": [ [ [ 120.645656, 31.418407 ] ] ] } },
{ "type": "Feature", "properties": { "RoadId": 4, "LaneId": 21, "maxx": 0, "minx": 0, "maxy": 0, "miny": 0, "LaneId1": 0 }, "geometry": { "type": "MultiLineString", "coordinates": [ [ [ 120.645386156504799, 31.418587203871418 ], [ 120.645655, 31.418442 ], [ 120.645699368196446, 31.418418401308621 ] ] ] } },
{ "type": "Feature", "properties": { "RoadId": 6, "LaneId": 1005, "maxx": 0, "minx": 0, "maxy": 0, "miny": 0, "LaneId1": 0 }, "geometry": { "type": "MultiLineString", "coordinates": [ [ [ 120.64608579606741, 31.418099145575859 ], [ 120.646112796067413, 31.418084145575857 ], [ 120.646138796067419, 31.41806914557586 ], [ 120.646165796067407, 31.41805514557586 ], [ 120.64619279606741, 31.418040145575858 ], [ 120.646218796067416, 31.418026145575858 ], [ 120.646244805379069, 31.418011193584906 ], [ 120.646270796067412, 31.417996145575859 ], [ 120.646299446671065, 31.417980295235264 ], [ 120.646353667628304, 31.417952331458487 ], [ 120.646408432752963, 31.417924471079605 ], [ 120.646462462775347, 31.417896757721213 ], [ 120.6465174484307, 31.417868750321862 ], [ 120.646570816861015, 31.417841478024879 ], [ 120.646624993903757, 31.417813838176698 ], [ 120.646677847762405, 31.417787374492292 ], [ 120.646731373074502, 31.417759453346761 ], [ 120.646795446494295, 31.417729855980262 ] ] ] } },
{ "type": "Feature", "properties": { "RoadId": 6, "LaneId": 1007, "maxx": 0, "minx": 0, "maxy": 0, "miny": 0, "LaneId1": 0 }, "geometry": { "type": "MultiLineString", "coordinates": [ [ [ 120.646103648708092, 31.418123403380978 ], [ 120.646136, 31.418107 ], [ 120.646163, 31.418093 ], [ 120.64619, 31.418078 ], [ 120.646216, 31.418064 ], [ 120.646243, 31.41805 ], [ 120.64627, 31.418035 ], [ 120.646297, 31.418021 ], [ 120.646323, 31.418007 ], [ 120.64635, 31.417992 ], [ 120.646377, 31.417978 ], [ 120.646404, 31.417964 ], [ 120.64643, 31.417949 ], [ 120.646457, 31.417935 ], [ 120.646484, 31.41792 ], [ 120.646511, 31.417906 ], [ 120.646537, 31.417892 ], [ 120.646564, 31.417878 ], [ 120.646591, 31.417864 ], [ 120.646618, 31.41785 ], [ 120.646645, 31.417836 ], [ 120.646673, 31.417822 ], [ 120.646699, 31.417808 ], [ 120.646725843896135, 31.417795880874746 ], [ 120.646752839296354, 31.417781895305961 ], [ 120.646806504851, 31.41775685138046 ] ] ] } },
{ "type": "Feature", "properties": { "RoadId": 6, "LaneId": 1011, "maxx": 0, "minx": 0, "maxy": 0, "miny": 0, "LaneId1": 0 }, "geometry": { "type": "MultiLineString", "coordinates": [ [ [ 120.646120886734735, 31.418148772552264 ], [ 120.646158, 31.418128 ], [ 120.646185, 31.418114 ], [ 120.646211, 31.4181 ], [ 120.646238, 31.418085 ], [ 120.646265, 31.418071 ], [ 120.646292, 31.418057 ], [ 120.646319, 31.418043 ], [ 120.646346, 31.418029 ], [ 120.646372, 31.418014 ], [ 120.646399, 31.418 ], [ 120.646426, 31.417986 ], [ 120.646453, 31.417971 ], [ 120.646479, 31.417957 ], [ 120.646506, 31.417942 ], [ 120.646533, 31.417928 ], [ 120.64656, 31.417914 ], [ 120.646587, 31.4179 ], [ 120.646614, 31.417886 ], [ 120.646641, 31.417872 ], [ 120.646668, 31.417858 ], [ 120.646695, 31.417844 ], [ 120.646722, 31.41783 ], [ 120.646749, 31.417817 ], [ 120.646777, 31.417804 ], [ 120.64681918943667, 31.417784497272262 ] ] ] } },
{ "type": "Feature", "properties": { "RoadId": 6, "LaneId": 1014, "maxx": 0, "minx": 0, "maxy": 0, "miny": 0, "LaneId1": 0 }, "geometry": { "type": "MultiLineString", "coordinates": [ [ [ 120.646132, 31.418177 ], [ 120.646159, 31.418162 ], [ 120.646186, 31.418148 ], [ 120.646212, 31.418134 ], [ 120.646239, 31.41812 ], [ 120.646266, 31.418106 ], [ 120.646293, 31.418091 ], [ 120.64632, 31.418077 ], [ 120.646347, 31.418063 ], [ 120.646374, 31.418049 ], [ 120.646401, 31.418034 ], [ 120.646427, 31.41802 ], [ 120.646454, 31.418006 ], [ 120.646481, 31.417992 ], [ 120.646508, 31.417977 ], [ 120.646534, 31.417963 ], [ 120.646561, 31.417949 ], [ 120.646588, 31.417934 ], [ 120.646615, 31.41792 ], [ 120.646642, 31.417906 ], [ 120.646669, 31.417892 ], [ 120.646696, 31.417878 ], [ 120.646723, 31.417864 ], [ 120.64675, 31.41785 ], [ 120.646777, 31.417837 ], [ 120.646805, 31.417824 ], [ 120.646832524513883, 31.417811167426688 ] ] ] } },
{ "type": "Feature", "properties": { "RoadId": 4, "LaneId": 19, "maxx": 0, "minx": 0, "maxy": 0, "miny": 0, "LaneId1": 0 }, "geometry": { "type": "MultiLineString", "coordinates": [ [ [ 120.645371845690249, 31.418557931750701 ], [ 120.645651231820182, 31.418409944918203 ], [ 120.645686358365012, 31.418391080662619 ] ] ] } },
{ "type": "Feature", "properties": { "RoadId": 8, "LaneId": 1007, "maxx": 0, "minx": 0, "maxy": 0, "miny": 0, "LaneId1": 0 }, "geometry": { "type": "MultiLineString", "coordinates": [ [ [ 120.648554, 31.416887 ], [ 120.648581, 31.416873 ], [ 120.648608, 31.416859 ], [ 120.648635, 31.416845 ], [ 120.648662, 31.416831 ], [ 120.648689, 31.416817 ], [ 120.648716, 31.416803 ], [ 120.648743, 31.416789 ], [ 120.64877, 31.416775 ], [ 120.648797, 31.416761 ], [ 120.648823, 31.416747 ], [ 120.64885, 31.416733 ], [ 120.648877, 31.416719 ], [ 120.648904, 31.416705 ], [ 120.648931, 31.416691 ], [ 120.648958, 31.416676 ], [ 120.648985, 31.416662 ], [ 120.649012, 31.416648 ], [ 120.649039, 31.416634 ], [ 120.649066, 31.41662 ], [ 120.649093, 31.416606 ], [ 120.64912, 31.416592 ], [ 120.649146, 31.416578 ], [ 120.649173, 31.416563 ], [ 120.6492, 31.416549 ], [ 120.649227, 31.416534 ], [ 120.649253, 31.41652 ] ] ] } },
{ "type": "Feature", "properties": { "RoadId": 8, "LaneId": 1011, "maxx": 0, "minx": 0, "maxy": 0, "miny": 0, "LaneId1": 0 }, "geometry": { "type": "MultiLineString", "coordinates": [ [ [ 120.648577, 31.416909 ], [ 120.648604, 31.416895 ], [ 120.648631, 31.416881 ], [ 120.648658, 31.416867 ], [ 120.648685, 31.416853 ], [ 120.648712, 31.416839 ], [ 120.648739, 31.416825 ], [ 120.648765, 31.416811 ], [ 120.648792, 31.416797 ], [ 120.648819, 31.416783 ], [ 120.648846, 31.416769 ], [ 120.648873, 31.416755 ], [ 120.6489, 31.416741 ], [ 120.648927, 31.416727 ], [ 120.648954, 31.416712 ], [ 120.648981, 31.416698 ], [ 120.649008, 31.416684 ], [ 120.649035, 31.41667 ], [ 120.649062, 31.416656 ], [ 120.649089, 31.416642 ], [ 120.649116, 31.416628 ], [ 120.649143, 31.416614 ], [ 120.64917, 31.4166 ], [ 120.649196, 31.416585 ], [ 120.649223, 31.416571 ], [ 120.64925, 31.416557 ], [ 120.649277, 31.416543 ] ] ] } },
{ "type": "Feature", "properties": { "RoadId": 16, "LaneId": 1495, "maxx": 0, "minx": 0, "maxy": 0, "miny": 0, "LaneId1": 0 }, "geometry": { "type": "MultiLineString", "coordinates": [ [ [ 120.65775854684874, 31.412114894047036 ], [ 120.657837436460198, 31.412071512699502 ], [ 120.657916941546389, 31.412027565553579 ], [ 120.657997927747033, 31.411985608847225 ], [ 120.658050836670881, 31.411956910243934 ], [ 120.658103957873152, 31.411928202966045 ], [ 120.658182052439372, 31.411885384785769 ], [ 120.658262596505153, 31.411841524964142 ], [ 120.658370984663236, 31.411782330231162 ], [ 120.658397223710011, 31.411767571106772 ], [ 120.658423223710017, 31.411752571106774 ], [ 120.65845022371002, 31.411738571106774 ] ] ] } },
{ "type": "Feature", "properties": { "RoadId": 8, "LaneId": 1135, "maxx": 0, "minx": 0, "maxy": 0, "miny": 0, "LaneId1": 0 }, "geometry": { "type": "MultiLineString", "coordinates": [ [ [ 120.648589, 31.416936 ], [ 120.648616, 31.416922 ], [ 120.648643, 31.416908 ], [ 120.64867, 31.416894 ], [ 120.648697, 31.41688 ], [ 120.648724, 31.416866 ], [ 120.648751, 31.416852 ], [ 120.648778, 31.416838 ], [ 120.648805, 31.416824 ], [ 120.648832, 31.41681 ], [ 120.648859, 31.416796 ], [ 120.648886, 31.416782 ], [ 120.648913, 31.416768 ], [ 120.64894, 31.416754 ], [ 120.648967, 31.41674 ], [ 120.648994, 31.416726 ], [ 120.649021, 31.416712 ], [ 120.649047, 31.416698 ], [ 120.649074, 31.416684 ], [ 120.649101, 31.41667 ], [ 120.649128, 31.416656 ], [ 120.649155, 31.416642 ], [ 120.649182, 31.416628 ], [ 120.649209, 31.416613 ], [ 120.649236, 31.416599 ], [ 120.649263, 31.416585 ], [ 120.64929, 31.416571 ] ] ] } },
{ "type": "Feature", "properties": { "RoadId": 8, "LaneId": 1143, "maxx": 0, "minx": 0, "maxy": 0, "miny": 0, "LaneId1": 0 }, "geometry": { "type": "MultiLineString", "coordinates": [ [ [ 120.648552, 31.416857 ], [ 120.648579, 31.416843 ], [ 120.648605, 31.416829 ], [ 120.648632, 31.416815 ], [ 120.648659, 31.4168 ], [ 120.648686, 31.416786 ], [ 120.648713014335186, 31.416771966485577 ], [ 120.648738871375159, 31.416757493048113 ], [ 120.648766679889832, 31.416743344856435 ], [ 120.64879400053583, 31.416728871418968 ], [ 120.649022648323196, 31.416607879986682 ], [ 120.649252271847914, 31.416489490520682 ] ] ] } },
{ "type": "Feature", "properties": { "RoadId": 8, "LaneId": 1144, "maxx": 0, "minx": 0, "maxy": 0, "miny": 0, "LaneId1": 0 }, "geometry": { "type": "MultiLineString", "coordinates": [ [ [ 120.648602186833784, 31.41696195068015 ], [ 120.648844, 31.416836 ], [ 120.648871, 31.416822 ], [ 120.648898, 31.416808 ], [ 120.648925, 31.416794 ], [ 120.648952, 31.41678 ], [ 120.648979, 31.416766 ], [ 120.649006, 31.416752 ], [ 120.649033, 31.416738 ], [ 120.64906, 31.416724 ], [ 120.649087, 31.41671 ], [ 120.649114, 31.416696 ], [ 120.649141, 31.416683 ], [ 120.649168, 31.416669 ], [ 120.649195272524025, 31.416654593412659 ], [ 120.649222, 31.416641 ], [ 120.64925, 31.416628 ], [ 120.649301627895952, 31.416603367201407 ] ] ] } },
{ "type": "Feature", "properties": { "RoadId": 10, "LaneId": 1145, "maxx": 0, "minx": 0, "maxy": 0, "miny": 0, "LaneId1": 0 }, "geometry": { "type": "MultiLineString", "coordinates": [ [ [ 120.649834, 31.416293 ], [ 120.649861, 31.416278 ], [ 120.649887, 31.416263 ], [ 120.649913, 31.416248 ], [ 120.64994, 31.416234 ], [ 120.649966, 31.416219 ], [ 120.649993, 31.416205 ], [ 120.65002, 31.416191 ], [ 120.650047, 31.416176 ], [ 120.650074, 31.416162 ], [ 120.650101, 31.416148 ], [ 120.650128, 31.416134 ], [ 120.650154, 31.41612 ], [ 120.650181, 31.416105 ], [ 120.650208, 31.416091 ], [ 120.650235, 31.416077 ], [ 120.650262, 31.416063 ], [ 120.650289, 31.416049 ], [ 120.650316, 31.416035 ], [ 120.650343, 31.416021 ], [ 120.65037, 31.416007 ], [ 120.650397, 31.415993 ], [ 120.650423, 31.415979 ], [ 120.65045, 31.415964 ], [ 120.650477, 31.41595 ], [ 120.650503, 31.415935 ], [ 120.65053, 31.415921 ] ] ] } },
{ "type": "Feature", "properties": { "RoadId": 10, "LaneId": 1146, "maxx": 0, "minx": 0, "maxy": 0, "miny": 0, "LaneId1": 0 }, "geometry": { "type": "MultiLineString", "coordinates": [ [ [ 120.64977, 31.416218 ], [ 120.649797, 31.416204 ], [ 120.649824, 31.41619 ], [ 120.649851, 31.416176 ], [ 120.649877, 31.416161 ], [ 120.649904, 31.416147 ], [ 120.649931, 31.416132 ], [ 120.649957, 31.416118 ], [ 120.649984, 31.416103 ], [ 120.65001, 31.416088 ], [ 120.650037, 31.416074 ], [ 120.650064, 31.416059 ], [ 120.65009, 31.416045 ], [ 120.650117, 31.416031 ], [ 120.650144, 31.416016 ], [ 120.650171, 31.416002 ], [ 120.650197, 31.415987 ], [ 120.650224, 31.415973 ], [ 120.650251, 31.415959 ], [ 120.650277, 31.415944 ], [ 120.650304, 31.41593 ], [ 120.65033, 31.415916 ], [ 120.650357, 31.415902 ], [ 120.650384, 31.415887 ], [ 120.650411, 31.415873 ], [ 120.650438, 31.415859 ], [ 120.650465, 31.415845 ] ] ] } },
{ "type": "Feature", "properties": { "RoadId": 10, "LaneId": 1147, "maxx": 0, "minx": 0, "maxy": 0, "miny": 0, "LaneId1": 0 }, "geometry": { "type": "MultiLineString", "coordinates": [ [ [ 120.64979, 31.416241 ], [ 120.649817, 31.416227 ], [ 120.649843, 31.416213 ], [ 120.64987, 31.416199 ], [ 120.649897, 31.416184 ], [ 120.649923, 31.41617 ], [ 120.64995, 31.416155 ], [ 120.649977, 31.416141 ], [ 120.650004, 31.416127 ], [ 120.65003, 31.416112 ], [ 120.650057, 31.416098 ], [ 120.650084, 31.416084 ], [ 120.650111, 31.41607 ], [ 120.650137, 31.416055 ], [ 120.650165, 31.416041 ], [ 120.650191, 31.416027 ], [ 120.650218, 31.416013 ], [ 120.650245, 31.415998 ], [ 120.650272, 31.415984 ], [ 120.650299, 31.41597 ], [ 120.650325, 31.415956 ], [ 120.650352, 31.415941 ], [ 120.650379, 31.415927 ], [ 120.650406, 31.415913 ], [ 120.650432, 31.415898 ], [ 120.650459, 31.415884 ], [ 120.650486, 31.41587 ] ] ] } },
{ "type": "Feature", "properties": { "RoadId": 10, "LaneId": 1150, "maxx": 0, "minx": 0, "maxy": 0, "miny": 0, "LaneId1": 0 }, "geometry": { "type": "MultiLineString", "coordinates": [ [ [ 120.649808, 31.416264 ], [ 120.649835, 31.416249 ], [ 120.649862, 31.416235 ], [ 120.649889, 31.416221 ], [ 120.649916, 31.416207 ], [ 120.649943, 31.416193 ], [ 120.64997, 31.416179 ], [ 120.649996, 31.416165 ], [ 120.650023, 31.416151 ], [ 120.65005, 31.416137 ], [ 120.650077, 31.416122 ], [ 120.650104, 31.416108 ], [ 120.650131, 31.416094 ], [ 120.650158, 31.41608 ], [ 120.650184, 31.416066 ], [ 120.650211, 31.416051 ], [ 120.650238, 31.416037 ], [ 120.650265, 31.416023 ], [ 120.650292, 31.416009 ], [ 120.650319, 31.415995 ], [ 120.650345, 31.41598 ], [ 120.650372, 31.415966 ], [ 120.650399, 31.415952 ], [ 120.650426, 31.415937 ], [ 120.650453, 31.415923 ], [ 120.650479, 31.415909 ], [ 120.650506, 31.415895 ] ] ] } },
{ "type": "Feature", "properties": { "RoadId": 10, "LaneId": 1218, "maxx": 0, "minx": 0, "maxy": 0, "miny": 0, "LaneId1": 0 }, "geometry": { "type": "MultiLineString", "coordinates": [ [ [ 120.650529, 31.415913 ] ] ] } },
{ "type": "Feature", "properties": { "RoadId": 12, "LaneId": 1146, "maxx": 0, "minx": 0, "maxy": 0, "miny": 0, "LaneId1": 0 }, "geometry": { "type": "MultiLineString", "coordinates": [ [ [ 120.653533, 31.414236 ], [ 120.65356, 31.414222 ], [ 120.653587, 31.414208 ], [ 120.653613, 31.414194 ], [ 120.65364, 31.414179 ], [ 120.653667, 31.414165 ], [ 120.653694, 31.414151 ], [ 120.653721, 31.414137 ], [ 120.653748, 31.414123 ], [ 120.653775, 31.414109 ], [ 120.653801, 31.414094 ], [ 120.653828, 31.41408 ], [ 120.653855, 31.414066 ], [ 120.653882, 31.414052 ], [ 120.653909, 31.414038 ], [ 120.653936, 31.414023 ], [ 120.653963, 31.414009 ], [ 120.65399, 31.413995 ] ] ] } },
{ "type": "Feature", "properties": { "RoadId": 12, "LaneId": 1147, "maxx": 0, "minx": 0, "maxy": 0, "miny": 0, "LaneId1": 0 }, "geometry": { "type": "MultiLineString", "coordinates": [ [ [ 120.653554, 31.41426 ], [ 120.653581, 31.414246 ], [ 120.653608, 31.414232 ], [ 120.653635, 31.414218 ], [ 120.653662, 31.414204 ], [ 120.653688, 31.414189 ], [ 120.653715, 31.414175 ], [ 120.653742, 31.414161 ], [ 120.653769, 31.414147 ], [ 120.653796, 31.414132 ], [ 120.653823, 31.414118 ], [ 120.653849, 31.414104 ], [ 120.653876, 31.41409 ], [ 120.653903, 31.414076 ], [ 120.65393, 31.414061 ], [ 120.653957, 31.414047 ], [ 120.653984, 31.414033 ], [ 120.654011, 31.414019 ] ] ] } },
{ "type": "Feature", "properties": { "RoadId": 12, "LaneId": 1150, "maxx": 0, "minx": 0, "maxy": 0, "miny": 0, "LaneId1": 0 }, "geometry": { "type": "MultiLineString", "coordinates": [ [ [ 120.653573, 31.414284 ], [ 120.6536, 31.41427 ], [ 120.653627, 31.414256 ], [ 120.653654, 31.414242 ], [ 120.653681, 31.414228 ], [ 120.653708, 31.414213 ], [ 120.653734, 31.414199 ], [ 120.653761, 31.414185 ], [ 120.653788, 31.41417 ], [ 120.653815, 31.414156 ], [ 120.653842, 31.414142 ], [ 120.653868, 31.414128 ], [ 120.653895, 31.414113 ], [ 120.653922, 31.414099 ], [ 120.653949, 31.414085 ], [ 120.653976, 31.414071 ], [ 120.654003, 31.414057 ], [ 120.65403, 31.414043 ] ] ] } },
{ "type": "Feature", "properties": { "RoadId": 16, "LaneId": 1495, "maxx": 0, "minx": 0, "maxy": 0, "miny": 0, "LaneId1": 0 }, "geometry": { "type": "MultiLineString", "coordinates": [ [ [ 120.65774732586911, 31.412087573401035 ], [ 120.657826556945494, 31.412043872851335 ], [ 120.65790572056676, 31.412000244907578 ], [ 120.657986706767403, 31.411958288201223 ], [ 120.65803995715612, 31.411929417416236 ], [ 120.658092736893522, 31.411900882320044 ], [ 120.658171761006543, 31.411857744937603 ], [ 120.658251375525523, 31.411814204318141 ], [ 120.658359763683606, 31.411755009585161 ], [ 120.658386002730381, 31.41174025046077 ], [ 120.658412002730387, 31.411725250460773 ], [ 120.65843900273039, 31.411711250460773 ] ] ] } },
{ "type": "Feature", "properties": { "RoadId": 16, "LaneId": 1495, "maxx": 0, "minx": 0, "maxy": 0, "miny": 0, "LaneId1": 0 }, "geometry": { "type": "MultiLineString", "coordinates": [ [ [ 120.65773610488948, 31.412060903246601 ], [ 120.657795682647006, 31.412027994640685 ], [ 120.65789449958713, 31.411973574753144 ], [ 120.657975485787773, 31.41193161804679 ], [ 120.658013493471756, 31.411910966347381 ], [ 120.658081515913892, 31.41187421216561 ], [ 120.658160293409964, 31.411830987212248 ], [ 120.658240154545894, 31.411787534163707 ], [ 120.658348542703976, 31.411728339430727 ], [ 120.658374781750751, 31.411713580306337 ], [ 120.658400781750757, 31.411698580306339 ], [ 120.65842778175076, 31.411684580306339 ] ] ] } },
{ "type": "Feature", "properties": { "RoadId": 14, "LaneId": 1492, "maxx": 0, "minx": 0, "maxy": 0, "miny": 0, "LaneId1": 0 }, "geometry": { "type": "MultiLineString", "coordinates": [ [ [ 120.654379, 31.413858 ], [ 120.654406, 31.413844 ], [ 120.654433, 31.41383 ], [ 120.65446, 31.413816 ], [ 120.654487, 31.413802 ], [ 120.654514, 31.413788 ], [ 120.654541, 31.413774 ], [ 120.654568, 31.41376 ], [ 120.654594, 31.413745 ], [ 120.654621, 31.413731 ], [ 120.654648, 31.413717 ], [ 120.654675, 31.413703 ], [ 120.654702, 31.413689 ], [ 120.654729, 31.413674 ], [ 120.654756, 31.41366 ], [ 120.654782, 31.413646 ], [ 120.654809, 31.413632 ], [ 120.654836, 31.413618 ], [ 120.654863, 31.413604 ], [ 120.65489, 31.413589 ], [ 120.654917, 31.413575 ], [ 120.654944, 31.413561 ], [ 120.654971, 31.413547 ], [ 120.654998, 31.413533 ], [ 120.655024, 31.413519 ], [ 120.655051, 31.413505 ], [ 120.655078, 31.41349 ] ] ] } },
{ "type": "Feature", "properties": { "RoadId": 14, "LaneId": 1495, "maxx": 0, "minx": 0, "maxy": 0, "miny": 0, "LaneId1": 0 }, "geometry": { "type": "MultiLineString", "coordinates": [ [ [ 120.654363, 31.413833 ], [ 120.65439, 31.413819 ], [ 120.654417, 31.413805 ], [ 120.654443, 31.41379 ], [ 120.65447, 31.413776 ], [ 120.654497, 31.413762 ], [ 120.654524, 31.413748 ], [ 120.654551, 31.413733 ], [ 120.654577, 31.413719 ], [ 120.654604, 31.413705 ], [ 120.654631, 31.413691 ], [ 120.654658, 31.413677 ], [ 120.654685, 31.413663 ], [ 120.654712, 31.413648 ], [ 120.654739, 31.413634 ], [ 120.654766, 31.41362 ], [ 120.654793, 31.413606 ], [ 120.65482, 31.413592 ], [ 120.654846, 31.413578 ], [ 120.654873, 31.413564 ], [ 120.6549, 31.413549 ], [ 120.654927, 31.413535 ], [ 120.654954, 31.413521 ], [ 120.654981, 31.413507 ], [ 120.655008, 31.413493 ], [ 120.655034, 31.413478 ], [ 120.655061, 31.413464 ] ] ] } },
{ "type": "Feature", "properties": { "RoadId": 14, "LaneId": 1498, "maxx": 0, "minx": 0, "maxy": 0, "miny": 0, "LaneId1": 0 }, "geometry": { "type": "MultiLineString", "coordinates": [ [ [ 120.654354, 31.413802 ], [ 120.654381, 31.413788 ], [ 120.654408, 31.413774 ], [ 120.654434, 31.413759 ], [ 120.654461, 31.413745 ], [ 120.654488, 31.413731 ], [ 120.654515, 31.413717 ], [ 120.654542, 31.413703 ], [ 120.654569, 31.413689 ], [ 120.654596, 31.413674 ], [ 120.654623, 31.413661 ], [ 120.65465, 31.413647 ], [ 120.654677, 31.413633 ], [ 120.654704, 31.413618 ], [ 120.654731, 31.413604 ], [ 120.654758, 31.41359 ], [ 120.654784, 31.413576 ], [ 120.654811, 31.413562 ], [ 120.654838, 31.413548 ], [ 120.654865, 31.413534 ], [ 120.654892, 31.41352 ], [ 120.654919, 31.413505 ], [ 120.654945, 31.41349 ], [ 120.654971, 31.413475 ], [ 120.654998, 31.41346 ], [ 120.655024, 31.413446 ] ] ] } },
{ "type": "Feature", "properties": { "RoadId": 14, "LaneId": 1500, "maxx": 0, "minx": 0, "maxy": 0, "miny": 0, "LaneId1": 0 }, "geometry": { "type": "MultiLineString", "coordinates": [ [ [ 120.654388553295917, 31.413883458662625 ], [ 120.654558, 31.413799 ], [ 120.654585, 31.413785 ], [ 120.654612, 31.413771 ], [ 120.654639, 31.413756 ], [ 120.654665, 31.413742 ], [ 120.654692, 31.413728 ], [ 120.654719, 31.413713 ], [ 120.654746, 31.413699 ], [ 120.654772, 31.413685 ], [ 120.654799, 31.413671 ], [ 120.654826, 31.413657 ], [ 120.654853, 31.413643 ], [ 120.65488, 31.413629 ], [ 120.654907, 31.413614 ], [ 120.654934, 31.4136 ], [ 120.654961, 31.413586 ], [ 120.654988, 31.413572 ], [ 120.655014, 31.413558 ], [ 120.655041, 31.413543 ], [ 120.655068, 31.413529 ], [ 120.655095, 31.413515 ] ] ] } },
{ "type": "Feature", "properties": { "RoadId": 18, "LaneId": 1710, "maxx": 0, "minx": 0, "maxy": 0, "miny": 0, "LaneId1": 0 }, "geometry": { "type": "MultiLineString", "coordinates": [ [ [ 120.659015, 31.41175 ], [ 120.659028, 31.411775 ], [ 120.659041, 31.4118 ], [ 120.659054, 31.411824 ], [ 120.659067, 31.411849 ], [ 120.65908, 31.411873 ], [ 120.659093, 31.411898 ], [ 120.659106, 31.411923 ], [ 120.659119, 31.411947 ], [ 120.659132, 31.411972 ], [ 120.659145, 31.411997 ], [ 120.659157, 31.412022 ], [ 120.65917, 31.412046 ], [ 120.659183, 31.412071 ], [ 120.659195, 31.412096 ], [ 120.659208, 31.412121 ], [ 120.659221, 31.412146 ], [ 120.659234, 31.41217 ], [ 120.659246, 31.412195 ], [ 120.659259, 31.41222 ], [ 120.659272, 31.412244 ], [ 120.659285, 31.412269 ], [ 120.659297, 31.412294 ], [ 120.65931, 31.412319 ], [ 120.659322, 31.412344 ], [ 120.659335, 31.412369 ], [ 120.659347, 31.412393 ], [ 120.65936, 31.412418 ] ] ] } },
{ "type": "Feature", "properties": { "RoadId": 18, "LaneId": 1711, "maxx": 0, "minx": 0, "maxy": 0, "miny": 0, "LaneId1": 0 }, "geometry": { "type": "MultiLineString", "coordinates": [ [ [ 120.658988, 31.411773 ], [ 120.659001, 31.411797 ], [ 120.659014, 31.411822 ], [ 120.659027, 31.411846 ], [ 120.65904, 31.411871 ], [ 120.659053, 31.411896 ], [ 120.659066, 31.411921 ], [ 120.659078, 31.411945 ], [ 120.659091, 31.41197 ], [ 120.659104, 31.411995 ], [ 120.659116, 31.41202 ], [ 120.659129, 31.412045 ], [ 120.659142, 31.412069 ], [ 120.659155, 31.412094 ], [ 120.659167, 31.412119 ], [ 120.65918, 31.412144 ], [ 120.659193, 31.412168 ], [ 120.659205, 31.412193 ], [ 120.659218, 31.412218 ], [ 120.659231, 31.412243 ], [ 120.659243, 31.412267 ], [ 120.659256, 31.412292 ], [ 120.659268, 31.412317 ], [ 120.659281, 31.412342 ], [ 120.659293, 31.412367 ], [ 120.659306, 31.412392 ], [ 120.659318, 31.412416 ] ] ] } },
{ "type": "Feature", "properties": { "RoadId": 18, "LaneId": 1712, "maxx": 0, "minx": 0, "maxy": 0, "miny": 0, "LaneId1": 0 }, "geometry": { "type": "MultiLineString", "coordinates": [ [ [ 120.65896, 31.411795 ], [ 120.658974, 31.411819 ], [ 120.658987, 31.411844 ], [ 120.659, 31.411868 ], [ 120.659013, 31.411893 ], [ 120.659026, 31.411918 ], [ 120.659039, 31.411943 ], [ 120.659052, 31.411967 ], [ 120.659065, 31.411992 ], [ 120.659077, 31.412017 ], [ 120.65909, 31.412042 ], [ 120.659103, 31.412066 ], [ 120.659116, 31.412091 ], [ 120.659129, 31.412116 ], [ 120.659141, 31.412141 ], [ 120.659154, 31.412165 ], [ 120.659167, 31.41219 ], [ 120.659179, 31.412215 ], [ 120.659192, 31.41224 ], [ 120.659204, 31.412264 ], [ 120.659217, 31.412289 ], [ 120.659229, 31.412314 ], [ 120.659242, 31.412339 ], [ 120.659254, 31.412364 ], [ 120.659267, 31.412389 ], [ 120.659279, 31.412414 ], [ 120.659292, 31.412438 ] ] ] } },
{ "type": "Feature", "properties": { "RoadId": 18, "LaneId": 1732, "maxx": 0, "minx": 0, "maxy": 0, "miny": 0, "LaneId1": 0 }, "geometry": { "type": "MultiLineString", "coordinates": [ [ [ 120.659050097863741, 31.411740698770551 ], [ 120.659069026928833, 31.411776883679686 ], [ 120.659087845548854, 31.411813491776449 ], [ 120.659107252250749, 31.411849217750419 ], [ 120.659127, 31.411885 ], [ 120.65914, 31.41191 ], [ 120.659153, 31.411935 ], [ 120.659166, 31.411959 ], [ 120.659178, 31.411984 ], [ 120.659191, 31.412009 ], [ 120.659204, 31.412034 ], [ 120.659216, 31.412059 ], [ 120.659229, 31.412083 ], [ 120.659241, 31.412108 ], [ 120.659254, 31.412133 ], [ 120.659267, 31.412158 ], [ 120.65928, 31.412182 ], [ 120.659292, 31.412207 ], [ 120.659305, 31.412232 ], [ 120.659318, 31.412257 ], [ 120.659331, 31.412281 ], [ 120.659343, 31.412306 ], [ 120.659356, 31.412331 ], [ 120.659369, 31.412356 ], [ 120.659381, 31.412381 ], [ 120.659393, 31.412406 ] ] ] } },
{ "type": "Feature", "properties": { "RoadId": 20, "LaneId": 1710, "maxx": 0, "minx": 0, "maxy": 0, "miny": 0, "LaneId1": 0 }, "geometry": { "type": "MultiLineString", "coordinates": [ [ [ 120.660616, 31.4149 ], [ 120.660629, 31.414925 ], [ 120.660641, 31.41495 ], [ 120.660654, 31.414974 ], [ 120.660667, 31.414999 ], [ 120.66068, 31.415024 ], [ 120.660692, 31.415049 ], [ 120.660705, 31.415074 ], [ 120.660718, 31.4151 ], [ 120.66073, 31.415124 ], [ 120.660743, 31.415148 ], [ 120.660755, 31.415173 ], [ 120.660767, 31.415198 ], [ 120.66078, 31.415223 ], [ 120.660793, 31.415247 ], [ 120.660805, 31.415272 ], [ 120.660818, 31.415297 ], [ 120.660831, 31.415322 ], [ 120.660843, 31.415346 ], [ 120.660856, 31.415371 ], [ 120.660869, 31.415396 ], [ 120.660881, 31.415421 ], [ 120.660894, 31.415446 ], [ 120.660906, 31.41547 ], [ 120.660919, 31.415495 ], [ 120.660931, 31.41552 ], [ 120.660948882760664, 31.41555729544303 ] ] ] } },
{ "type": "Feature", "properties": { "RoadId": 20, "LaneId": 1711, "maxx": 0, "minx": 0, "maxy": 0, "miny": 0, "LaneId1": 0 }, "geometry": { "type": "MultiLineString", "coordinates": [ [ [ 120.660589, 31.414923 ], [ 120.660601, 31.414947 ], [ 120.660614, 31.414972 ], [ 120.660627, 31.414997 ], [ 120.660639, 31.415022 ], [ 120.660652, 31.415047 ], [ 120.660664, 31.415072 ], [ 120.660677, 31.415096 ], [ 120.660689, 31.415121 ], [ 120.660702, 31.415146 ], [ 120.660714, 31.415171 ], [ 120.660727, 31.415196 ], [ 120.66074, 31.41522 ], [ 120.660752, 31.415245 ], [ 120.660765, 31.41527 ], [ 120.660777, 31.415295 ], [ 120.66079, 31.41532 ], [ 120.660802, 31.415345 ], [ 120.660815, 31.415369 ], [ 120.660827, 31.415394 ], [ 120.66084, 31.415419 ], [ 120.660853, 31.415444 ], [ 120.660865, 31.415469 ], [ 120.660878, 31.415493 ], [ 120.66089, 31.415518 ], [ 120.660903, 31.415543 ], [ 120.660916, 31.415568 ] ] ] } },
{ "type": "Feature", "properties": { "RoadId": 20, "LaneId": 1712, "maxx": 0, "minx": 0, "maxy": 0, "miny": 0, "LaneId1": 0 }, "geometry": { "type": "MultiLineString", "coordinates": [ [ [ 120.660563, 31.414944 ], [ 120.660575, 31.414969 ], [ 120.660587, 31.414994 ], [ 120.6606, 31.415019 ], [ 120.660612, 31.415044 ], [ 120.660624, 31.415068 ], [ 120.660636, 31.415093 ], [ 120.660649, 31.415118 ], [ 120.660661, 31.415143 ], [ 120.660674, 31.415168 ], [ 120.660687, 31.415193 ], [ 120.660699, 31.415217 ], [ 120.660712, 31.415242 ], [ 120.660725, 31.415267 ], [ 120.660737, 31.415292 ], [ 120.66075, 31.415317 ], [ 120.660762, 31.415342 ], [ 120.660774, 31.415366 ], [ 120.660787, 31.415391 ], [ 120.660799, 31.415416 ], [ 120.660812, 31.415441 ], [ 120.660825, 31.415466 ], [ 120.660837, 31.415491 ], [ 120.660849, 31.415515 ], [ 120.660862, 31.41554 ], [ 120.660878954916726, 31.415576159698599 ] ] ] } },
{ "type": "Feature", "properties": { "RoadId": 20, "LaneId": 1732, "maxx": 0, "minx": 0, "maxy": 0, "miny": 0, "LaneId1": 0 }, "geometry": { "type": "MultiLineString", "coordinates": [ [ [ 120.660647, 31.414888 ], [ 120.660659, 31.414913 ], [ 120.660672, 31.414938 ], [ 120.660685, 31.414962 ], [ 120.660697, 31.414987 ], [ 120.66071, 31.415012 ], [ 120.660723, 31.415037 ], [ 120.660736, 31.415061 ], [ 120.660749, 31.415086 ], [ 120.660761, 31.415111 ], [ 120.660774, 31.415136 ], [ 120.660786, 31.41516 ], [ 120.660799, 31.415185 ], [ 120.660811, 31.41521 ], [ 120.660824, 31.415235 ], [ 120.660836, 31.41526 ], [ 120.660849, 31.415285 ], [ 120.660862, 31.415309 ], [ 120.660875, 31.415334 ], [ 120.660888, 31.415359 ], [ 120.6609, 31.415383 ], [ 120.660913, 31.415408 ], [ 120.660926, 31.415433 ], [ 120.660939, 31.415458 ], [ 120.660952, 31.415482 ], [ 120.660964, 31.415507 ], [ 120.66098222045369, 31.4155465623321 ] ] ] } },
{ "type": "Feature", "properties": { "RoadId": 20, "LaneId": 2247, "maxx": 0, "minx": 0, "maxy": 0, "miny": 0, "LaneId1": 0 }, "geometry": { "type": "MultiLineString", "coordinates": [ [ [ 120.660528339959768, 31.414955428116556 ], [ 120.660541349791202, 31.4149817730252 ], [ 120.660553383885272, 31.415004865475986 ], [ 120.660566, 31.415031 ], [ 120.660577, 31.415056 ], [ 120.660589, 31.415081 ], [ 120.660601, 31.415106 ], [ 120.660613, 31.415132 ], [ 120.660625, 31.415156 ], [ 120.660637, 31.415181 ], [ 120.66065, 31.415206 ], [ 120.660662, 31.415231 ], [ 120.660675, 31.415255 ], [ 120.660687, 31.41528 ], [ 120.660699, 31.415305 ], [ 120.66084171427427, 31.415587705923993 ] ] ] } },
{ "type": "Feature", "properties": { "RoadId": 22, "LaneId": 2290, "maxx": 0, "minx": 0, "maxy": 0, "miny": 0, "LaneId1": 0 }, "geometry": { "type": "MultiLineString", "coordinates": [ [ [ 120.661045, 31.415912 ], [ 120.661058, 31.415937 ], [ 120.661071, 31.415961 ], [ 120.661084, 31.415986 ], [ 120.661096, 31.416011 ], [ 120.66111, 31.416036 ], [ 120.661119, 31.41606 ], [ 120.661134, 31.416083 ], [ 120.661145, 31.416108 ], [ 120.661158, 31.416133 ], [ 120.661169, 31.416158 ], [ 120.661183, 31.416183 ], [ 120.661195, 31.416207 ], [ 120.661208, 31.416232 ], [ 120.661221, 31.416257 ], [ 120.661234, 31.416282 ], [ 120.661246, 31.416306 ], [ 120.661259, 31.416331 ], [ 120.661272, 31.416356 ], [ 120.661284, 31.416381 ], [ 120.661297, 31.416406 ], [ 120.661309, 31.41643 ], [ 120.661322, 31.416455 ], [ 120.661334, 31.41648 ], [ 120.661347, 31.416505 ], [ 120.66136, 31.41653 ], [ 120.661372, 31.416554 ] ] ] } },
{ "type": "Feature", "properties": { "RoadId": 22, "LaneId": 2296, "maxx": 0, "minx": 0, "maxy": 0, "miny": 0, "LaneId1": 0 }, "geometry": { "type": "MultiLineString", "coordinates": [ [ [ 120.661145, 31.415872 ], [ 120.661158, 31.415897 ], [ 120.661171, 31.415921 ], [ 120.661184, 31.415946 ], [ 120.661197, 31.415971 ], [ 120.66121, 31.415995 ], [ 120.661222, 31.41602 ], [ 120.661235, 31.416045 ], [ 120.661248, 31.41607 ], [ 120.661261, 31.416094 ], [ 120.661273, 31.416119 ], [ 120.661286, 31.416144 ], [ 120.661299, 31.416169 ], [ 120.661311, 31.416194 ], [ 120.661324, 31.416218 ], [ 120.661336, 31.416243 ], [ 120.661349, 31.416268 ], [ 120.661361, 31.416293 ], [ 120.661374, 31.416318 ], [ 120.661387, 31.416342 ], [ 120.661399, 31.416367 ], [ 120.661412, 31.416392 ], [ 120.661425, 31.416417 ], [ 120.661437, 31.416442 ], [ 120.66145, 31.416467 ], [ 120.661462, 31.416492 ], [ 120.661474, 31.416517 ] ] ] } },
{ "type": "Feature", "properties": { "RoadId": 22, "LaneId": 2298, "maxx": 0, "minx": 0, "maxy": 0, "miny": 0, "LaneId1": 0 }, "geometry": { "type": "MultiLineString", "coordinates": [ [ [ 120.66112, 31.415892 ], [ 120.661132, 31.415917 ], [ 120.661145, 31.415942 ], [ 120.661157, 31.415967 ], [ 120.66117, 31.415991 ], [ 120.661182, 31.416016 ], [ 120.661195, 31.416041 ], [ 120.661207, 31.416066 ], [ 120.66122, 31.416091 ], [ 120.661233, 31.416115 ], [ 120.661245, 31.41614 ], [ 120.661258, 31.416165 ], [ 120.66127, 31.41619 ], [ 120.661283, 31.416215 ], [ 120.661295, 31.41624 ], [ 120.661308, 31.416264 ], [ 120.66132, 31.416289 ], [ 120.661333, 31.416314 ], [ 120.661345, 31.416339 ], [ 120.661358, 31.416364 ], [ 120.66137, 31.416389 ], [ 120.661383, 31.416414 ], [ 120.661395, 31.416438 ], [ 120.661408, 31.416463 ], [ 120.66142, 31.416488 ], [ 120.661433, 31.416513 ] ] ] } },
{ "type": "Feature", "properties": { "RoadId": 22, "LaneId": 2299, "maxx": 0, "minx": 0, "maxy": 0, "miny": 0, "LaneId1": 0 }, "geometry": { "type": "MultiLineString", "coordinates": [ [ [ 120.661089, 31.415909 ], [ 120.661102, 31.415933 ], [ 120.661114, 31.415958 ], [ 120.661126, 31.415983 ], [ 120.661139, 31.416008 ], [ 120.661151, 31.416033 ], [ 120.661164, 31.416058 ], [ 120.661176, 31.416083 ], [ 120.661189, 31.416108 ], [ 120.661201, 31.416132 ], [ 120.661214, 31.416157 ], [ 120.661226, 31.416182 ], [ 120.661239, 31.416207 ], [ 120.661251, 31.416232 ], [ 120.661264, 31.416257 ], [ 120.661276, 31.416281 ], [ 120.661289, 31.416306 ], [ 120.661301, 31.416331 ], [ 120.661314, 31.416356 ], [ 120.661326, 31.416381 ], [ 120.661339, 31.416406 ], [ 120.661351, 31.41643 ], [ 120.661364, 31.416455 ], [ 120.661377, 31.41648 ], [ 120.661389, 31.416505 ], [ 120.661402, 31.41653 ] ] ] } },
{ "type": "Feature", "properties": { "RoadId": 24, "LaneId": 2296, "maxx": 0, "minx": 0, "maxy": 0, "miny": 0, "LaneId1": 0 }, "geometry": { "type": "MultiLineString", "coordinates": [ [ [ 120.661747, 31.417002 ], [ 120.661762, 31.417026 ], [ 120.661777, 31.41705 ], [ 120.661791, 31.417074 ], [ 120.661805, 31.417098 ], [ 120.661819, 31.417123 ], [ 120.661833, 31.417147 ], [ 120.661846, 31.417172 ], [ 120.661859, 31.417197 ], [ 120.661871, 31.417221 ], [ 120.661884, 31.417246 ], [ 120.661897, 31.417271 ], [ 120.661909, 31.417296 ], [ 120.661921, 31.41732 ], [ 120.661934, 31.417345 ], [ 120.661945, 31.41737 ], [ 120.661957, 31.417395 ], [ 120.661969, 31.41742 ], [ 120.661981, 31.417446 ], [ 120.661992, 31.417471 ], [ 120.662004, 31.417496 ], [ 120.662016, 31.417521 ], [ 120.662028, 31.417546 ], [ 120.662039, 31.417571 ], [ 120.662051, 31.417596 ], [ 120.662062, 31.417622 ], [ 120.662073, 31.417647 ], [ 120.662085, 31.417672 ], [ 120.662097, 31.417697 ] ] ] } },
{ "type": "Feature", "properties": { "RoadId": 24, "LaneId": 2298, "maxx": 0, "minx": 0, "maxy": 0, "miny": 0, "LaneId1": 0 }, "geometry": { "type": "MultiLineString", "coordinates": [ [ [ 120.661698, 31.417034 ], [ 120.661711, 31.417058 ], [ 120.661724, 31.417083 ], [ 120.661736, 31.417108 ], [ 120.661749, 31.417132 ], [ 120.661762, 31.417157 ], [ 120.661775, 31.417182 ], [ 120.661788, 31.417207 ], [ 120.661801, 31.417231 ], [ 120.661813, 31.417256 ], [ 120.661826, 31.417281 ], [ 120.661838, 31.417306 ], [ 120.661851, 31.417331 ], [ 120.661863, 31.417356 ], [ 120.661875, 31.41738 ], [ 120.661888, 31.417405 ], [ 120.6619, 31.41743 ], [ 120.661912, 31.417455 ], [ 120.661924, 31.41748 ], [ 120.661936, 31.417505 ], [ 120.661948, 31.417531 ], [ 120.661959, 31.417556 ], [ 120.661971, 31.417581 ], [ 120.661982, 31.417606 ], [ 120.661993, 31.417631 ], [ 120.662004, 31.417657 ], [ 120.662028536146323, 31.417711073036038 ] ] ] } },
{ "type": "Feature", "properties": { "RoadId": 24, "LaneId": 2299, "maxx": 0, "minx": 0, "maxy": 0, "miny": 0, "LaneId1": 0 }, "geometry": { "type": "MultiLineString", "coordinates": [ [ [ 120.661669, 31.417049 ], [ 120.661682, 31.417074 ], [ 120.661695, 31.417099 ], [ 120.661708, 31.417123 ], [ 120.661721, 31.417148 ], [ 120.661734, 31.417173 ], [ 120.661747, 31.417197 ], [ 120.66176, 31.417222 ], [ 120.661773, 31.417247 ], [ 120.661786, 31.417272 ], [ 120.661798, 31.417296 ], [ 120.661811, 31.417321 ], [ 120.661823, 31.417346 ], [ 120.661836, 31.417371 ], [ 120.661848, 31.417396 ], [ 120.66186, 31.417421 ], [ 120.661872, 31.417446 ], [ 120.661884, 31.417471 ], [ 120.661896, 31.417496 ], [ 120.661907, 31.417521 ], [ 120.661919, 31.417546 ], [ 120.66193, 31.417572 ], [ 120.661994222715933, 31.417716602214394 ] ] ] } },
{ "type": "Feature", "properties": { "RoadId": 24, "LaneId": 2435, "maxx": 0, "minx": 0, "maxy": 0, "miny": 0, "LaneId1": 0 }, "geometry": { "type": "MultiLineString", "coordinates": [ [ [ 120.661737, 31.417031 ], [ 120.66175, 31.417056 ], [ 120.661762, 31.417081 ], [ 120.661775, 31.417106 ], [ 120.661788, 31.41713 ], [ 120.6618, 31.417155 ], [ 120.661813, 31.41718 ], [ 120.661826, 31.417205 ], [ 120.661838, 31.41723 ], [ 120.661851, 31.417254 ], [ 120.661863, 31.417279 ], [ 120.661876, 31.417304 ], [ 120.661888, 31.417329 ], [ 120.6619, 31.417354 ], [ 120.661912, 31.417379 ], [ 120.661924, 31.417404 ], [ 120.661936, 31.417429 ], [ 120.661948, 31.417454 ], [ 120.66196, 31.417479 ], [ 120.661972, 31.417504 ], [ 120.661983, 31.417529 ], [ 120.661995, 31.417554 ], [ 120.662007, 31.41758 ], [ 120.662018, 31.417605 ], [ 120.662029, 31.41763 ], [ 120.66204, 31.417656 ], [ 120.662051, 31.417681 ], [ 120.662062, 31.417706 ] ] ] } },
{ "type": "Feature", "properties": { "RoadId": 26, "LaneId": 2444, "maxx": 0, "minx": 0, "maxy": 0, "miny": 0, "LaneId1": 0 }, "geometry": { "type": "MultiLineString", "coordinates": [ [ [ 120.662376, 31.417981 ], [ 120.662406, 31.417974 ], [ 120.662436, 31.417967 ], [ 120.662467, 31.41796 ], [ 120.662497, 31.417953 ], [ 120.662528, 31.417946 ], [ 120.662558, 31.41794 ], [ 120.662589, 31.417932 ], [ 120.662619, 31.417925 ], [ 120.66265, 31.417918 ], [ 120.66268, 31.417911 ], [ 120.662711, 31.417904 ], [ 120.662741, 31.417897 ], [ 120.662772, 31.41789 ], [ 120.662802, 31.417882 ], [ 120.662832, 31.417875 ], [ 120.662863, 31.417868 ], [ 120.662893, 31.41786 ], [ 120.662923, 31.417853 ], [ 120.662954, 31.417846 ], [ 120.662984, 31.417838 ], [ 120.663014, 31.417831 ], [ 120.663045, 31.417824 ], [ 120.663075, 31.417817 ], [ 120.663106, 31.41781 ], [ 120.663136, 31.417802 ], [ 120.663167, 31.417795 ] ] ] } },
{ "type": "Feature", "properties": { "RoadId": 26, "LaneId": 2445, "maxx": 0, "minx": 0, "maxy": 0, "miny": 0, "LaneId1": 0 }, "geometry": { "type": "MultiLineString", "coordinates": [ [ [ 120.66236809274659, 31.417925897877499 ], [ 120.662429, 31.417912 ], [ 120.66246, 31.417906 ], [ 120.66249, 31.417899 ], [ 120.662521, 31.417893 ], [ 120.662552, 31.417886 ], [ 120.662582, 31.417879 ], [ 120.663162180332421, 31.417738393682029 ] ] ] } },
{ "type": "Feature", "properties": { "RoadId": 26, "LaneId": 2446, "maxx": 0, "minx": 0, "maxy": 0, "miny": 0, "LaneId1": 0 }, "geometry": { "type": "MultiLineString", "coordinates": [ [ [ 120.662381, 31.41801 ], [ 120.662411, 31.418003 ], [ 120.662442, 31.417995 ], [ 120.662472, 31.417989 ], [ 120.662503, 31.417982 ], [ 120.662533, 31.417975 ], [ 120.662564, 31.417968 ], [ 120.662594, 31.417961 ], [ 120.662625, 31.417954 ], [ 120.662655, 31.417947 ], [ 120.662685, 31.417939 ], [ 120.662716, 31.417932 ], [ 120.662747, 31.417926 ], [ 120.662777, 31.417919 ], [ 120.662807, 31.417912 ], [ 120.662838, 31.417905 ], [ 120.662868, 31.417897 ], [ 120.662898, 31.417889 ], [ 120.662928, 31.417881 ], [ 120.662959, 31.417874 ], [ 120.662989, 31.417867 ], [ 120.663019, 31.417859 ], [ 120.66305, 31.417852 ], [ 120.66308, 31.417845 ], [ 120.663111, 31.417837 ], [ 120.663141, 31.41783 ], [ 120.663171, 31.417823 ] ] ] } },
{ "type": "Feature", "properties": { "RoadId": 26, "LaneId": 2447, "maxx": 0, "minx": 0, "maxy": 0, "miny": 0, "LaneId1": 0 }, "geometry": { "type": "MultiLineString", "coordinates": [ [ [ 120.662377, 31.417952 ], [ 120.662408, 31.417945 ], [ 120.662438, 31.417938 ], [ 120.662469, 31.417932 ], [ 120.6625, 31.417926 ], [ 120.66253, 31.417918 ], [ 120.662561, 31.417911 ], [ 120.662591, 31.417904 ], [ 120.662621, 31.417897 ], [ 120.662652, 31.41789 ], [ 120.662682, 31.417882 ], [ 120.662713, 31.417875 ], [ 120.662743, 31.417868 ], [ 120.662773, 31.41786 ], [ 120.662804, 31.417853 ], [ 120.662834, 31.417846 ], [ 120.662864, 31.417838 ], [ 120.662895, 31.417831 ], [ 120.662925, 31.417824 ], [ 120.662956, 31.417816 ], [ 120.662986, 31.417809 ], [ 120.663016, 31.417802 ], [ 120.663047, 31.417794 ], [ 120.663077, 31.417787 ], [ 120.663107, 31.41778 ], [ 120.663138, 31.417773 ], [ 120.663168, 31.417766 ] ] ] } },
{ "type": "Feature", "properties": { "RoadId": 28, "LaneId": 2444, "maxx": 0, "minx": 0, "maxy": 0, "miny": 0, "LaneId1": 0 }, "geometry": { "type": "MultiLineString", "coordinates": [ [ [ 120.665297093669864, 31.417295896790556 ], [ 120.665388, 31.417275 ], [ 120.665419, 31.417268 ], [ 120.665449, 31.417261 ], [ 120.665479, 31.417253 ], [ 120.66551, 31.417246 ], [ 120.66554, 31.417239 ], [ 120.665571, 31.417232 ], [ 120.665601, 31.417224 ], [ 120.665631, 31.417217 ], [ 120.665662, 31.41721 ], [ 120.665692, 31.417203 ], [ 120.665723, 31.417195 ] ] ] } },
{ "type": "Feature", "properties": { "RoadId": 28, "LaneId": 2446, "maxx": 0, "minx": 0, "maxy": 0, "miny": 0, "LaneId1": 0 }, "geometry": { "type": "MultiLineString", "coordinates": [ [ [ 120.665302297602437, 31.417326144648626 ], [ 120.665393, 31.417304 ], [ 120.665424, 31.417297 ], [ 120.665454, 31.417289 ], [ 120.665485, 31.417282 ], [ 120.665515, 31.417275 ], [ 120.665545, 31.417267 ], [ 120.665576, 31.41726 ], [ 120.665606, 31.417253 ], [ 120.665636, 31.417245 ], [ 120.665667, 31.417238 ], [ 120.665697, 31.417231 ], [ 120.665728, 31.417223 ] ] ] } },
{ "type": "Feature", "properties": { "RoadId": 28, "LaneId": 2447, "maxx": 0, "minx": 0, "maxy": 0, "miny": 0, "LaneId1": 0 }, "geometry": { "type": "MultiLineString", "coordinates": [ [ [ 120.665292865474655, 31.417268250898768 ], [ 120.66536, 31.417253 ], [ 120.66539, 31.417246 ], [ 120.66542, 31.417238 ], [ 120.66545, 31.417231 ], [ 120.665481, 31.417223 ], [ 120.665511, 31.417216 ], [ 120.665542, 31.41721 ], [ 120.665572, 31.417202 ], [ 120.665603, 31.417195 ], [ 120.665633, 31.417187 ], [ 120.665663, 31.41718 ], [ 120.665713083029786, 31.41716807519677 ] ] ] } },
{ "type": "Feature", "properties": { "RoadId": 28, "LaneId": 2764, "maxx": 0, "minx": 0, "maxy": 0, "miny": 0, "LaneId1": 0 }, "geometry": { "type": "MultiLineString", "coordinates": [ [ [ 120.665283433346872, 31.417232148616556 ], [ 120.66544, 31.417198 ], [ 120.66547, 31.41719 ], [ 120.6655, 31.417183 ], [ 120.665531, 31.417175 ], [ 120.665561, 31.417167 ], [ 120.665591, 31.41716 ], [ 120.665622, 31.417152 ], [ 120.665652, 31.417145 ], [ 120.66570527713094, 31.417134249635055 ] ] ] } },
{ "type": "Feature", "properties": { "RoadId": 30, "LaneId": 2785, "maxx": 0, "minx": 0, "maxy": 0, "miny": 0, "LaneId1": 0 }, "geometry": { "type": "MultiLineString", "coordinates": [ [ [ 120.666153140577805, 31.417127582096455 ], [ 120.666175, 31.417122 ], [ 120.666204, 31.417112 ], [ 120.666234, 31.417103 ], [ 120.666265, 31.417096 ], [ 120.666295, 31.417089 ], [ 120.666326, 31.417082 ], [ 120.666356, 31.417075 ], [ 120.666386, 31.417068 ], [ 120.666417, 31.417061 ], [ 120.666447, 31.417053 ], [ 120.666478, 31.417047 ], [ 120.666508, 31.41704 ], [ 120.666539, 31.417033 ], [ 120.666569, 31.417025 ], [ 120.666598727304262, 31.417017486397985 ], [ 120.666630113522586, 31.417010330990699 ], [ 120.666942512099766, 31.416936174951552 ] ] ] } },
{ "type": "Feature", "properties": { "RoadId": 30, "LaneId": 2786, "maxx": 0, "minx": 0, "maxy": 0, "miny": 0, "LaneId1": 0 }, "geometry": { "type": "MultiLineString", "coordinates": [ [ [ 120.666144, 31.417067 ], [ 120.666175, 31.41706 ], [ 120.666205, 31.417052 ], [ 120.666236, 31.417045 ], [ 120.666266, 31.417038 ], [ 120.666296, 31.41703 ], [ 120.666327, 31.417023 ], [ 120.666357, 31.417015 ], [ 120.666387, 31.417008 ], [ 120.666417, 31.417 ], [ 120.666448, 31.416993 ], [ 120.666478, 31.416985 ], [ 120.666508, 31.416977 ], [ 120.666538, 31.41697 ], [ 120.666569, 31.416963 ], [ 120.666599, 31.416956 ], [ 120.666629, 31.416948 ], [ 120.66666, 31.416942 ], [ 120.66669, 31.416934 ], [ 120.666721, 31.416927 ], [ 120.666751, 31.41692 ], [ 120.666781, 31.416912 ], [ 120.666812, 31.416905 ], [ 120.666842, 31.416897 ], [ 120.666872, 31.41689 ], [ 120.666903, 31.416882 ], [ 120.666933, 31.416875 ] ] ] } },
{ "type": "Feature", "properties": { "RoadId": 30, "LaneId": 2787, "maxx": 0, "minx": 0, "maxy": 0, "miny": 0, "LaneId1": 0 }, "geometry": { "type": "MultiLineString", "coordinates": [ [ [ 120.666147, 31.417094 ], [ 120.666177, 31.417087 ], [ 120.666208, 31.417079 ], [ 120.666238, 31.417072 ], [ 120.666268, 31.417065 ], [ 120.666299, 31.417057 ], [ 120.666329, 31.41705 ], [ 120.66636, 31.417043 ], [ 120.66639, 31.417035 ], [ 120.66642, 31.417028 ], [ 120.666451, 31.417021 ], [ 120.666481, 31.417013 ], [ 120.666512, 31.417006 ], [ 120.666542, 31.416999 ], [ 120.666572, 31.416992 ], [ 120.666603, 31.416985 ], [ 120.666633, 31.416977 ], [ 120.666664, 31.41697 ], [ 120.666694, 31.416963 ], [ 120.666724, 31.416956 ], [ 120.666755, 31.416948 ], [ 120.666785, 31.416941 ], [ 120.666815, 31.416934 ], [ 120.666846, 31.416926 ], [ 120.666876, 31.416919 ], [ 120.666907, 31.416912 ], [ 120.666937, 31.416904 ] ] ] } },
{ "type": "Feature", "properties": { "RoadId": 30, "LaneId": 2796, "maxx": 0, "minx": 0, "maxy": 0, "miny": 0, "LaneId1": 0 }, "geometry": { "type": "MultiLineString", "coordinates": [ [ [ 120.666137203534362, 31.417040904094566 ], [ 120.666261, 31.417007 ], [ 120.666291, 31.417 ], [ 120.666322, 31.416992 ], [ 120.666352, 31.416985 ], [ 120.666382, 31.416978 ], [ 120.666413, 31.416971 ], [ 120.666443, 31.416964 ], [ 120.666474, 31.416957 ], [ 120.666504, 31.41695 ], [ 120.666535, 31.416943 ], [ 120.666564901742561, 31.416936500197348 ], [ 120.66659287288013, 31.416929344790059 ], [ 120.666924948827329, 31.416844455639978 ] ] ] } },
{ "type": "Feature", "properties": { "RoadId": 34, "LaneId": 2892, "maxx": 0, "minx": 0, "maxy": 0, "miny": 0, "LaneId1": 0 }, "geometry": { "type": "MultiLineString", "coordinates": [ [ [ 120.675459804592307, 31.434713274199996 ], [ 120.67546, 31.434714 ], [ 120.675467, 31.43474 ], [ 120.675474, 31.434767 ], [ 120.675481, 31.434793 ], [ 120.675488, 31.434819 ], [ 120.675495, 31.434846 ], [ 120.675502, 31.434872 ], [ 120.675509, 31.434899 ], [ 120.675516, 31.434925 ], [ 120.675523, 31.434951 ], [ 120.67553, 31.434978 ], [ 120.675537, 31.435004 ], [ 120.675544, 31.435031 ], [ 120.675551, 31.435057 ], [ 120.675558, 31.435083 ], [ 120.675565, 31.43511 ], [ 120.675572, 31.435136 ], [ 120.675579, 31.435162 ], [ 120.675586, 31.435189 ], [ 120.675592, 31.435215 ], [ 120.675599, 31.435242 ], [ 120.675606, 31.435268 ], [ 120.675612, 31.435295 ], [ 120.675619, 31.435321 ], [ 120.675626, 31.435348 ], [ 120.675633, 31.435374 ], [ 120.675639, 31.4354 ], [ 120.675646, 31.435427 ], [ 120.675653, 31.435453 ], [ 120.67566, 31.43548 ], [ 120.675666, 31.435506 ], [ 120.675673, 31.435533 ], [ 120.67568, 31.435559 ], [ 120.675687, 31.435585 ], [ 120.675693, 31.435612 ], [ 120.6757, 31.435638 ], [ 120.675707, 31.435665 ], [ 120.675713, 31.435691 ], [ 120.67572, 31.435718 ], [ 120.675726, 31.435744 ], [ 120.675733, 31.435771 ], [ 120.675739, 31.435797 ] ] ] } },
{ "type": "Feature", "properties": { "RoadId": 32, "LaneId": 2786, "maxx": 0, "minx": 0, "maxy": 0, "miny": 0, "LaneId1": 0 }, "geometry": { "type": "MultiLineString", "coordinates": [ [ [ 120.66784, 31.416643 ], [ 120.66787, 31.416636 ], [ 120.6679, 31.416628 ], [ 120.667931, 31.416621 ], [ 120.667961, 31.416613 ], [ 120.667991, 31.416605 ], [ 120.668021, 31.416598 ], [ 120.668052, 31.416591 ], [ 120.668082, 31.416583 ], [ 120.668113, 31.416576 ], [ 120.668143, 31.416569 ], [ 120.668173, 31.416562 ], [ 120.668204, 31.416555 ], [ 120.668234, 31.416548 ], [ 120.668265, 31.416541 ], [ 120.668295, 31.416533 ], [ 120.668325, 31.416526 ], [ 120.668356, 31.416519 ], [ 120.668387, 31.416512 ], [ 120.668417, 31.416506 ], [ 120.668447, 31.416498 ], [ 120.668478, 31.416491 ], [ 120.668508, 31.416484 ], [ 120.668538, 31.416476 ], [ 120.668569, 31.416469 ], [ 120.668599, 31.416462 ], [ 120.66863, 31.416454 ] ] ] } },
{ "type": "Feature", "properties": { "RoadId": 32, "LaneId": 2787, "maxx": 0, "minx": 0, "maxy": 0, "miny": 0, "LaneId1": 0 }, "geometry": { "type": "MultiLineString", "coordinates": [ [ [ 120.667874, 31.416665 ], [ 120.667904, 31.416657 ], [ 120.667934, 31.41665 ], [ 120.667965, 31.416642 ], [ 120.667995, 31.416634 ], [ 120.668025, 31.416627 ], [ 120.668055, 31.41662 ], [ 120.668086, 31.416612 ], [ 120.668116, 31.416605 ], [ 120.668147, 31.416598 ], [ 120.668177, 31.41659 ], [ 120.668207, 31.416583 ], [ 120.668238, 31.416576 ], [ 120.668268, 31.416568 ], [ 120.668298, 31.416561 ], [ 120.668329, 31.416554 ], [ 120.668359, 31.416547 ], [ 120.66839, 31.416539 ], [ 120.66842, 31.416532 ], [ 120.66845, 31.416525 ], [ 120.668481, 31.416517 ], [ 120.668511, 31.41651 ], [ 120.668541, 31.416502 ], [ 120.668572, 31.416496 ], [ 120.668602, 31.416488 ], [ 120.668633, 31.416481 ] ] ] } },
{ "type": "Feature", "properties": { "RoadId": 32, "LaneId": 2812, "maxx": 0, "minx": 0, "maxy": 0, "miny": 0, "LaneId1": 0 }, "geometry": { "type": "MultiLineString", "coordinates": [ [ [ 120.667875, 31.416694 ], [ 120.667905, 31.416687 ], [ 120.667935, 31.416679 ], [ 120.667965, 31.416672 ], [ 120.667996, 31.416664 ], [ 120.668026, 31.416657 ], [ 120.668056, 31.416649 ], [ 120.668087, 31.416642 ], [ 120.668117, 31.416634 ], [ 120.668147, 31.416627 ], [ 120.668178, 31.41662 ], [ 120.668208, 31.416612 ], [ 120.668238, 31.416605 ], [ 120.668269, 31.416597 ], [ 120.668299, 31.41659 ], [ 120.66833, 31.416583 ], [ 120.66836, 31.416575 ], [ 120.66839, 31.416568 ], [ 120.66842, 31.41656 ], [ 120.668451, 31.416552 ], [ 120.668481, 31.416545 ], [ 120.668511, 31.416538 ], [ 120.668542, 31.416531 ], [ 120.668572, 31.416522 ], [ 120.668602, 31.416515 ], [ 120.668633, 31.416508 ] ] ] } },
{ "type": "Feature", "properties": { "RoadId": 32, "LaneId": 2855, "maxx": 0, "minx": 0, "maxy": 0, "miny": 0, "LaneId1": 0 }, "geometry": { "type": "MultiLineString", "coordinates": [ [ [ 120.66789, 31.416718 ], [ 120.667921, 31.416714 ], [ 120.66795, 31.416705 ], [ 120.667981, 31.4167 ], [ 120.668011, 31.416692 ], [ 120.668042, 31.416686 ], [ 120.668072, 31.416678 ], [ 120.668102, 31.41667 ], [ 120.668133, 31.416663 ], [ 120.668163, 31.416656 ], [ 120.668193, 31.416648 ], [ 120.668223, 31.41664 ], [ 120.668254, 31.416633 ], [ 120.668284, 31.416626 ], [ 120.668315, 31.41662 ], [ 120.668344646681973, 31.41661288064055 ], [ 120.668376, 31.416606 ], [ 120.668405142398129, 31.416598244580189 ], [ 120.668435, 31.41659 ], [ 120.668465, 31.416581 ], [ 120.668495, 31.416572 ], [ 120.668525, 31.416564 ], [ 120.668556, 31.416558 ], [ 120.668585, 31.416549 ], [ 120.668616, 31.416542 ], [ 120.668646, 31.416535 ] ] ] } },
{ "type": "Feature", "properties": { "RoadId": 33, "LaneId": 2891, "maxx": 0, "minx": 0, "maxy": 0, "miny": 0, "LaneId1": 0 }, "geometry": { "type": "MultiLineString", "coordinates": [ [ [ 120.669341, 31.416599 ], [ 120.669352, 31.416624 ], [ 120.669362, 31.41665 ], [ 120.669372, 31.416676 ], [ 120.669381, 31.416702 ], [ 120.66939, 31.416727 ], [ 120.669399, 31.416753 ], [ 120.669408, 31.416779 ], [ 120.669416, 31.416805 ], [ 120.669425, 31.416831 ], [ 120.669434, 31.416857 ], [ 120.669442, 31.416883 ], [ 120.66945, 31.41691 ], [ 120.669459, 31.416936 ], [ 120.669467, 31.416962 ], [ 120.669477, 31.416987 ], [ 120.669485, 31.417014 ], [ 120.669495, 31.417039 ], [ 120.669503, 31.417065 ], [ 120.669513, 31.417091 ], [ 120.669522, 31.417117 ], [ 120.669531, 31.417143 ], [ 120.66954, 31.417169 ], [ 120.66955, 31.417195 ], [ 120.669559, 31.41722 ], [ 120.669568, 31.417246 ], [ 120.669578, 31.417272 ], [ 120.669586, 31.417298 ], [ 120.669595, 31.417324 ], [ 120.669604, 31.41735 ], [ 120.669614, 31.417376 ], [ 120.669623, 31.417402 ], [ 120.669632, 31.417428 ], [ 120.669641, 31.417453 ], [ 120.66965, 31.417479 ], [ 120.669659, 31.417505 ], [ 120.669668, 31.417531 ], [ 120.669677, 31.417557 ], [ 120.669686, 31.417583 ], [ 120.669695, 31.417609 ], [ 120.669704, 31.417635 ], [ 120.669714, 31.417661 ], [ 120.669714097218645, 31.417661280853878 ] ] ] } },
{ "type": "Feature", "properties": { "RoadId": 33, "LaneId": 2892, "maxx": 0, "minx": 0, "maxy": 0, "miny": 0, "LaneId1": 0 }, "geometry": { "type": "MultiLineString", "coordinates": [ [ [ 120.669307, 31.416613 ], [ 120.669316, 31.416639 ], [ 120.669325, 31.416664 ], [ 120.669334, 31.41669 ], [ 120.669343, 31.416716 ], [ 120.669352, 31.416742 ], [ 120.669361, 31.416768 ], [ 120.66937, 31.416794 ], [ 120.669379, 31.41682 ], [ 120.669388, 31.416846 ], [ 120.669397, 31.416872 ], [ 120.669405, 31.416898 ], [ 120.669414, 31.416924 ], [ 120.669423, 31.41695 ], [ 120.669432, 31.416976 ], [ 120.669441, 31.417002 ], [ 120.66945, 31.417028 ], [ 120.669459, 31.417054 ], [ 120.669468, 31.41708 ], [ 120.669477, 31.417106 ], [ 120.669486, 31.417131 ], [ 120.669496, 31.417157 ], [ 120.669505, 31.417183 ], [ 120.669514, 31.417209 ], [ 120.669523, 31.417235 ], [ 120.669532, 31.417261 ], [ 120.669541, 31.417287 ], [ 120.66955, 31.417313 ], [ 120.669559, 31.417339 ], [ 120.669568, 31.417365 ], [ 120.669577, 31.417391 ], [ 120.669586, 31.417416 ], [ 120.669595, 31.417442 ], [ 120.669604, 31.417468 ], [ 120.669614, 31.417494 ], [ 120.669623, 31.41752 ], [ 120.669632, 31.417546 ], [ 120.669641, 31.417572 ], [ 120.66965, 31.417598 ], [ 120.669659, 31.417624 ], [ 120.669668, 31.41765 ], [ 120.669675613933464, 31.41767199580779 ] ] ] } },
{ "type": "Feature", "properties": { "RoadId": 33, "LaneId": 2893, "maxx": 0, "minx": 0, "maxy": 0, "miny": 0, "LaneId1": 0 }, "geometry": { "type": "MultiLineString", "coordinates": [ [ [ 120.669272, 31.416627 ], [ 120.669281, 31.416653 ], [ 120.66929, 31.416678 ], [ 120.669299, 31.416704 ], [ 120.669308, 31.41673 ], [ 120.669317, 31.416756 ], [ 120.669326, 31.416782 ], [ 120.669335, 31.416808 ], [ 120.669343, 31.416834 ], [ 120.669352, 31.41686 ], [ 120.669361, 31.416886 ], [ 120.66937, 31.416912 ], [ 120.669379, 31.416938 ], [ 120.669388, 31.416964 ], [ 120.669396, 31.41699 ], [ 120.669406, 31.417016 ], [ 120.669415, 31.417042 ], [ 120.669424, 31.417068 ], [ 120.669433, 31.417094 ], [ 120.669442, 31.41712 ], [ 120.669451, 31.417145 ], [ 120.66946, 31.417171 ], [ 120.669469, 31.417197 ], [ 120.669478, 31.417223 ], [ 120.669488, 31.417249 ], [ 120.669497, 31.417275 ], [ 120.669506, 31.417301 ], [ 120.669515, 31.417327 ], [ 120.669524, 31.417353 ], [ 120.669533, 31.417379 ], [ 120.669542, 31.417405 ], [ 120.669551, 31.417431 ], [ 120.66956, 31.417456 ], [ 120.669569, 31.417482 ], [ 120.669578, 31.417508 ], [ 120.669587, 31.417534 ], [ 120.669596, 31.41756 ], [ 120.669605, 31.417586 ], [ 120.669614, 31.417612 ], [ 120.669624, 31.417638 ], [ 120.669633, 31.417664 ], [ 120.669639270557482, 31.417682114943847 ] ] ] } },
{ "type": "Feature", "properties": { "RoadId": 33, "LaneId": 2894, "maxx": 0, "minx": 0, "maxy": 0, "miny": 0, "LaneId1": 0 }, "geometry": { "type": "MultiLineString", "coordinates": [ [ [ 120.66924, 31.41664 ], [ 120.66925, 31.416665 ], [ 120.66926, 31.416691 ], [ 120.669269, 31.416717 ], [ 120.669278, 31.416743 ], [ 120.669286, 31.416769 ], [ 120.669295, 31.416795 ], [ 120.669303, 31.416821 ], [ 120.669312, 31.416847 ], [ 120.66932, 31.416873 ], [ 120.669328, 31.416899 ], [ 120.669337, 31.416925 ], [ 120.669346, 31.416951 ], [ 120.669354, 31.416977 ], [ 120.669363, 31.417003 ], [ 120.669372, 31.417029 ], [ 120.669381, 31.417055 ], [ 120.66939, 31.417081 ], [ 120.6694, 31.417107 ], [ 120.669408, 31.417133 ], [ 120.669417, 31.417158 ], [ 120.669426, 31.417184 ], [ 120.669435, 31.41721 ], [ 120.669444, 31.417236 ], [ 120.669453, 31.417262 ], [ 120.669462, 31.417288 ], [ 120.669471, 31.417314 ], [ 120.66948, 31.41734 ], [ 120.669489, 31.417366 ], [ 120.669498, 31.417392 ], [ 120.669508, 31.417418 ], [ 120.669516, 31.417444 ], [ 120.669526, 31.41747 ], [ 120.669535, 31.417496 ], [ 120.669544, 31.417521 ], [ 120.669553, 31.417547 ], [ 120.669562, 31.417573 ], [ 120.669571, 31.417599 ], [ 120.66958, 31.417625 ], [ 120.669589, 31.417651 ], [ 120.669598, 31.417677 ], [ 120.669603769101172, 31.417691999663056 ] ] ] } },
{ "type": "Feature", "properties": { "RoadId": 34, "LaneId": 4638, "maxx": 0, "minx": 0, "maxy": 0, "miny": 0, "LaneId1": 0 }, "geometry": { "type": "MultiLineString", "coordinates": [ [ [ 120.67550379429413, 31.434706954191459 ], [ 120.675510949701419, 31.434738828278459 ], [ 120.675516804125564, 31.434764847941317 ], [ 120.675522008058138, 31.434788590883674 ], [ 120.675529488711206, 31.434820464970674 ], [ 120.67553469264378, 31.4348471351251 ], [ 120.675542, 31.434874 ], [ 120.67555, 31.4349 ], [ 120.675558, 31.434927 ], [ 120.675565, 31.434953 ], [ 120.675573, 31.434979 ], [ 120.67558, 31.435005 ], [ 120.675586, 31.435032 ], [ 120.675593, 31.435058 ], [ 120.675599, 31.435084 ], [ 120.675607, 31.43511 ], [ 120.675613, 31.435137 ], [ 120.67562, 31.435163 ], [ 120.675626, 31.435189 ], [ 120.675632, 31.435216 ], [ 120.675639, 31.435242 ], [ 120.675645, 31.435269 ], [ 120.675652, 31.435295 ], [ 120.675658, 31.435322 ], [ 120.675665, 31.435348 ], [ 120.675672, 31.435375 ], [ 120.675678, 31.435401 ], [ 120.675686, 31.435427 ], [ 120.675693, 31.435454 ], [ 120.6757, 31.43548 ], [ 120.675707, 31.435507 ], [ 120.675714, 31.435533 ], [ 120.675721, 31.435559 ], [ 120.675727, 31.435586 ], [ 120.675735, 31.435612 ], [ 120.675741, 31.435639 ], [ 120.675748, 31.435665 ], [ 120.675754, 31.435692 ], [ 120.67576, 31.435718 ], [ 120.675767, 31.435745 ], [ 120.675773, 31.435771 ], [ 120.67578, 31.435797 ] ] ] } },
{ "type": "Feature", "properties": { "RoadId": 35, "LaneId": 4664, "maxx": 0, "minx": 0, "maxy": 0, "miny": 0, "LaneId1": 0 }, "geometry": { "type": "MultiLineString", "coordinates": [ [ [ 120.675899, 31.436459 ], [ 120.675905, 31.436485 ], [ 120.675911, 31.436512 ], [ 120.675917, 31.436539 ], [ 120.675923, 31.436565 ], [ 120.67593, 31.436592 ], [ 120.675936, 31.436618 ], [ 120.675942, 31.436645 ], [ 120.675948, 31.436671 ], [ 120.675954, 31.436698 ], [ 120.675961, 31.436724 ], [ 120.675966, 31.436751 ], [ 120.675972, 31.436777 ], [ 120.675978, 31.436804 ], [ 120.675984, 31.43683 ], [ 120.67599, 31.436857 ], [ 120.675996, 31.436884 ], [ 120.676002, 31.43691 ], [ 120.676008, 31.436937 ], [ 120.676014, 31.436963 ], [ 120.67602, 31.43699 ], [ 120.676027, 31.437016 ], [ 120.676033, 31.437043 ], [ 120.676038, 31.43707 ], [ 120.676045, 31.437096 ], [ 120.676051, 31.437123 ] ] ] } },
{ "type": "Feature", "properties": { "RoadId": 35, "LaneId": 4670, "maxx": 0, "minx": 0, "maxy": 0, "miny": 0, "LaneId1": 0 }, "geometry": { "type": "MultiLineString", "coordinates": [ [ [ 120.675862, 31.436466 ], [ 120.675868, 31.436492 ], [ 120.675874, 31.436519 ], [ 120.67588, 31.436545 ], [ 120.675886, 31.436572 ], [ 120.675893, 31.436598 ], [ 120.675899, 31.436625 ], [ 120.675905, 31.436651 ], [ 120.675911, 31.436678 ], [ 120.675917, 31.436704 ], [ 120.675923, 31.436731 ], [ 120.675929, 31.436757 ], [ 120.675935, 31.436784 ], [ 120.675941, 31.436811 ], [ 120.675947, 31.436837 ], [ 120.675953, 31.436864 ], [ 120.675959, 31.43689 ], [ 120.675965, 31.436917 ], [ 120.675971, 31.436943 ], [ 120.675977, 31.43697 ], [ 120.675984, 31.436996 ], [ 120.67599, 31.437023 ], [ 120.675996, 31.43705 ], [ 120.676002, 31.437076 ], [ 120.676007, 31.437103 ], [ 120.676014, 31.437129 ] ] ] } },
{ "type": "Feature", "properties": { "RoadId": 35, "LaneId": 4672, "maxx": 0, "minx": 0, "maxy": 0, "miny": 0, "LaneId1": 0 }, "geometry": { "type": "MultiLineString", "coordinates": [ [ [ 120.67582, 31.436457 ], [ 120.675826, 31.436483 ], [ 120.675832, 31.43651 ], [ 120.675838, 31.436536 ], [ 120.675844, 31.436563 ], [ 120.67585, 31.43659 ], [ 120.675856, 31.436616 ], [ 120.675862, 31.436643 ], [ 120.675869, 31.436669 ], [ 120.675875, 31.436696 ], [ 120.675881, 31.436722 ], [ 120.675887, 31.436749 ], [ 120.675893, 31.436775 ], [ 120.675899, 31.436802 ], [ 120.675905, 31.436829 ], [ 120.675911, 31.436855 ], [ 120.675917, 31.436882 ], [ 120.675923, 31.436908 ], [ 120.675929, 31.436935 ], [ 120.675935, 31.436961 ], [ 120.675941, 31.436988 ], [ 120.675947, 31.437014 ], [ 120.675953, 31.437041 ], [ 120.675959, 31.437068 ], [ 120.675965, 31.437094 ], [ 120.675971, 31.437121 ], [ 120.675977, 31.437147 ] ] ] } },
{ "type": "Feature", "properties": { "RoadId": 36, "LaneId": 5978, "maxx": 0, "minx": 0, "maxy": 0, "miny": 0, "LaneId1": 0 }, "geometry": { "type": "MultiLineString", "coordinates": [ [ [ 120.680372, 31.455201 ], [ 120.680382, 31.455226 ], [ 120.680392, 31.455252 ], [ 120.680401, 31.455278 ], [ 120.680411, 31.455303 ], [ 120.68042, 31.455329 ], [ 120.68043, 31.455355 ], [ 120.68044, 31.45538 ], [ 120.680449, 31.455406 ], [ 120.680458, 31.455432 ], [ 120.680468, 31.455458 ], [ 120.680477, 31.455484 ], [ 120.680486, 31.455509 ], [ 120.680496, 31.455535 ], [ 120.680506, 31.455561 ], [ 120.680515, 31.455587 ], [ 120.680526, 31.455612 ], [ 120.680536, 31.455638 ], [ 120.680546, 31.455664 ], [ 120.680555, 31.455689 ], [ 120.680566, 31.455715 ], [ 120.680576, 31.455741 ], [ 120.680586, 31.455766 ], [ 120.680596, 31.455792 ], [ 120.680606, 31.455817 ], [ 120.680616, 31.455843 ], [ 120.680626, 31.455869 ], [ 120.680637, 31.455894 ], [ 120.680648, 31.455919 ] ] ] } },
{ "type": "Feature", "properties": { "RoadId": 36, "LaneId": 5979, "maxx": 0, "minx": 0, "maxy": 0, "miny": 0, "LaneId1": 0 }, "geometry": { "type": "MultiLineString", "coordinates": [ [ [ 120.680332, 31.455201 ], [ 120.680342, 31.455227 ], [ 120.680352, 31.455253 ], [ 120.680361, 31.455278 ], [ 120.680371, 31.455304 ], [ 120.68038, 31.45533 ], [ 120.68039, 31.455356 ], [ 120.6804, 31.455381 ], [ 120.68041, 31.455407 ], [ 120.68042, 31.455433 ], [ 120.680429, 31.455459 ], [ 120.680439, 31.455484 ], [ 120.680448, 31.45551 ], [ 120.680458, 31.455536 ], [ 120.680467, 31.455562 ], [ 120.680477, 31.455587 ], [ 120.680487, 31.455613 ], [ 120.680497, 31.455639 ], [ 120.680507, 31.455664 ], [ 120.680517, 31.45569 ], [ 120.680526, 31.455716 ], [ 120.680536, 31.455742 ], [ 120.680545, 31.455767 ], [ 120.680555, 31.455793 ], [ 120.680566, 31.455819 ], [ 120.680576, 31.455844 ], [ 120.680586, 31.45587 ], [ 120.680596, 31.455895 ], [ 120.680606, 31.455921 ] ] ] } },
{ "type": "Feature", "properties": { "RoadId": 36, "LaneId": 5980, "maxx": 0, "minx": 0, "maxy": 0, "miny": 0, "LaneId1": 0 }, "geometry": { "type": "MultiLineString", "coordinates": [ [ [ 120.680297, 31.45522 ], [ 120.680306, 31.455245 ], [ 120.680316, 31.455271 ], [ 120.680324, 31.455297 ], [ 120.680335, 31.455323 ], [ 120.680344, 31.455349 ], [ 120.680353, 31.455375 ], [ 120.680361, 31.455401 ], [ 120.680369, 31.455427 ], [ 120.680378, 31.455453 ], [ 120.680385, 31.455479 ], [ 120.680394, 31.455505 ], [ 120.680401, 31.455531 ], [ 120.680409, 31.455557 ], [ 120.680416, 31.455584 ], [ 120.680423, 31.45561 ], [ 120.68043, 31.455636 ], [ 120.680437, 31.455663 ], [ 120.680445, 31.455689 ], [ 120.680453, 31.455715 ], [ 120.680462, 31.455741 ], [ 120.68047, 31.455767 ], [ 120.680479, 31.455793 ], [ 120.680489, 31.455819 ], [ 120.680498, 31.455845 ], [ 120.680507, 31.455871 ], [ 120.680518, 31.455896 ], [ 120.680526, 31.455922 ], [ 120.680536, 31.455948 ] ] ] } },
{ "type": "Feature", "properties": { "RoadId": 36, "LaneId": 6288, "maxx": 0, "minx": 0, "maxy": 0, "miny": 0, "LaneId1": 0 }, "geometry": { "type": "MultiLineString", "coordinates": [ [ [ 120.680296616192294, 31.455219555404991 ], [ 120.68044, 31.455594 ], [ 120.68045, 31.45562 ], [ 120.680459, 31.455646 ], [ 120.680469, 31.455671 ], [ 120.680479, 31.455697 ], [ 120.680489, 31.455723 ], [ 120.680499, 31.455748 ], [ 120.680509, 31.455774 ], [ 120.680519, 31.4558 ], [ 120.680529, 31.455825 ], [ 120.680539, 31.455851 ], [ 120.68055, 31.455876 ], [ 120.68056, 31.455902 ], [ 120.68057, 31.455928 ] ] ] } },
{ "type": "Feature", "properties": { "RoadId": 37, "LaneId": 6293, "maxx": 0, "minx": 0, "maxy": 0, "miny": 0, "LaneId1": 0 }, "geometry": { "type": "MultiLineString", "coordinates": [ [ [ 120.680179365086573, 31.45624863307096 ], [ 120.680122748850039, 31.456250279336313 ], [ 120.680091748850046, 31.456251279336314 ], [ 120.680059748850042, 31.456252279336315 ], [ 120.680028748850035, 31.456253279336313 ], [ 120.679996748850044, 31.456253279336313 ], [ 120.67996474885004, 31.456255279336315 ], [ 120.679933748850047, 31.456255279336315 ], [ 120.679901748850043, 31.456256279336312 ], [ 120.679870748850036, 31.456257279336313 ], [ 120.679838748850045, 31.456258279336314 ], [ 120.679806748850041, 31.456258279336314 ], [ 120.679776748850045, 31.456259279336315 ], [ 120.679744748850041, 31.456258279336314 ], [ 120.679713748850034, 31.456259279336315 ], [ 120.679682748850041, 31.456259279336315 ], [ 120.679650748850037, 31.456260279336313 ], [ 120.679618748850046, 31.456260279336313 ], [ 120.679587748850039, 31.456261279336314 ], [ 120.679555748850035, 31.456262279336315 ], [ 120.679524748850042, 31.456262279336315 ], [ 120.679492748850038, 31.456263279336312 ], [ 120.679461748850045, 31.456264279336313 ], [ 120.67942974885004, 31.456265279336314 ], [ 120.679397748850036, 31.456266279336315 ], [ 120.679365748850046, 31.456266279336315 ], [ 120.679317870311593, 31.456265708474742 ] ] ] } },
{ "type": "Feature", "properties": { "RoadId": 37, "LaneId": 6293, "maxx": 0, "minx": 0, "maxy": 0, "miny": 0, "LaneId1": 0 }, "geometry": { "type": "MultiLineString", "coordinates": [ [ [ 120.68017952770947, 31.456280832403746 ], [ 120.68012470032474, 31.456282478669099 ], [ 120.680093700324747, 31.4562834786691 ], [ 120.680061700324742, 31.456284478669101 ], [ 120.680030700324735, 31.456285478669098 ], [ 120.679998700324745, 31.456285478669098 ], [ 120.679966700324741, 31.4562874786691 ], [ 120.679935700324748, 31.4562874786691 ], [ 120.679903700324743, 31.456288478669098 ], [ 120.679872700324736, 31.456289478669099 ], [ 120.679840700324746, 31.4562904786691 ], [ 120.679808700324742, 31.4562904786691 ], [ 120.679778700324746, 31.456291478669101 ], [ 120.679746700324742, 31.4562904786691 ], [ 120.679715700324735, 31.456291478669101 ], [ 120.679684700324742, 31.456291478669101 ], [ 120.679652700324738, 31.456292478669099 ], [ 120.679620700324747, 31.456292478669099 ], [ 120.67958970032474, 31.4562934786691 ], [ 120.679557700324736, 31.456294478669101 ], [ 120.679526700324743, 31.456294478669101 ], [ 120.679494700324739, 31.456295478669098 ], [ 120.679463700324746, 31.456296478669099 ], [ 120.679431700324741, 31.4562974786691 ], [ 120.679399700324737, 31.456298478669101 ], [ 120.679367700324747, 31.456298478669101 ], [ 120.679319821786294, 31.456297907807528 ] ] ] } },
{ "type": "Feature", "properties": { "RoadId": 40, "LaneId": 6543, "maxx": 0, "minx": 0, "maxy": 0, "miny": 0, "LaneId1": 0 }, "geometry": { "type": "MultiLineString", "coordinates": [ [ [ 120.675281, 31.456403 ], [ 120.67525, 31.456404 ], [ 120.675219, 31.456405 ], [ 120.675187, 31.456406 ], [ 120.675156, 31.456407 ], [ 120.675124, 31.456407 ], [ 120.675093, 31.456408 ], [ 120.675061, 31.456409 ], [ 120.67503, 31.456409 ], [ 120.674998, 31.45641 ], [ 120.674966, 31.456411 ], [ 120.674935, 31.456412 ], [ 120.674903, 31.456412 ], [ 120.674872, 31.456413 ], [ 120.67484, 31.456414 ], [ 120.674809, 31.456414 ], [ 120.674777, 31.456415 ], [ 120.674746, 31.456416 ], [ 120.674714, 31.456417 ] ] ] } },
{ "type": "Feature", "properties": { "RoadId": 40, "LaneId": 6833, "maxx": 0, "minx": 0, "maxy": 0, "miny": 0, "LaneId1": 0 }, "geometry": { "type": "MultiLineString", "coordinates": [ [ [ 120.675274, 31.456374 ], [ 120.675242, 31.456375 ], [ 120.675211, 31.456376 ], [ 120.675179, 31.456376 ], [ 120.675148, 31.456377 ], [ 120.675116, 31.456378 ], [ 120.675085, 31.456379 ], [ 120.675053, 31.456379 ], [ 120.675021, 31.45638 ], [ 120.67499, 31.456381 ], [ 120.674958, 31.456381 ], [ 120.674927, 31.456382 ], [ 120.674895, 31.456383 ], [ 120.674864, 31.456384 ], [ 120.674832, 31.456384 ], [ 120.674801, 31.456385 ], [ 120.674769, 31.456386 ], [ 120.674737, 31.456387 ], [ 120.674706, 31.456388 ] ] ] } },
{ "type": "Feature", "properties": { "RoadId": 42, "LaneId": 6929, "maxx": 0, "minx": 0, "maxy": 0, "miny": 0, "LaneId1": 0 }, "geometry": { "type": "MultiLineString", "coordinates": [ [ [ 120.674162, 31.456436 ], [ 120.67413, 31.456435 ], [ 120.674099, 31.456434 ], [ 120.674067, 31.456433 ], [ 120.674036, 31.456432 ], [ 120.674004, 31.456432 ], [ 120.673973, 31.456432 ], [ 120.673941, 31.456432 ], [ 120.673909, 31.456433 ], [ 120.673878, 31.456433 ], [ 120.673846, 31.456434 ], [ 120.673815, 31.456435 ], [ 120.673783, 31.456436 ], [ 120.673752, 31.456438 ], [ 120.67372, 31.45644 ], [ 120.673689, 31.456443 ], [ 120.673657, 31.456445 ], [ 120.673626, 31.456449 ], [ 120.673595, 31.456452 ], [ 120.673563, 31.456455 ], [ 120.673532, 31.456459 ], [ 120.673501, 31.456462 ], [ 120.67347, 31.456466 ], [ 120.673438, 31.45647 ], [ 120.673407, 31.456474 ], [ 120.673376, 31.456477 ] ] ] } },
{ "type": "Feature", "properties": { "RoadId": 42, "LaneId": 6934, "maxx": 0, "minx": 0, "maxy": 0, "miny": 0, "LaneId1": 0 }, "geometry": { "type": "MultiLineString", "coordinates": [ [ [ 120.674173, 31.456404 ], [ 120.674141, 31.456403 ], [ 120.67411, 31.456402 ], [ 120.674078, 31.456402 ], [ 120.674047, 31.456401 ], [ 120.674015, 31.456401 ], [ 120.673984, 31.4564 ], [ 120.673952, 31.4564 ], [ 120.67392, 31.4564 ], [ 120.673889, 31.4564 ], [ 120.673857, 31.456401 ], [ 120.673826, 31.456402 ], [ 120.673794, 31.456403 ], [ 120.673763, 31.456405 ], [ 120.673731, 31.456406 ], [ 120.6737, 31.456409 ], [ 120.673668, 31.456412 ], [ 120.673637, 31.456415 ], [ 120.673606, 31.456418 ], [ 120.673574, 31.456422 ], [ 120.673543, 31.456425 ], [ 120.673512, 31.456429 ], [ 120.673481, 31.456433 ], [ 120.673449, 31.456436 ], [ 120.673418, 31.45644 ], [ 120.673387, 31.456444 ], [ 120.673356, 31.456448 ] ] ] } },
{ "type": "Feature", "properties": { "RoadId": 43, "LaneId": 6929, "maxx": 0, "minx": 0, "maxy": 0, "miny": 0, "LaneId1": 0 }, "geometry": { "type": "MultiLineString", "coordinates": [ [ [ 120.671855187069738, 31.456898311527947 ], [ 120.671764, 31.456931 ], [ 120.671734, 31.456942 ], [ 120.671705, 31.456952 ], [ 120.671676, 31.456963 ], [ 120.671647, 31.456973 ], [ 120.671618, 31.456983 ], [ 120.671589, 31.456993 ], [ 120.671559, 31.457004 ], [ 120.67153, 31.457014 ], [ 120.671501, 31.457024 ], [ 120.671413503292769, 31.457055079996664 ] ] ] } },
{ "type": "Feature", "properties": { "RoadId": 43, "LaneId": 6934, "maxx": 0, "minx": 0, "maxy": 0, "miny": 0, "LaneId1": 0 }, "geometry": { "type": "MultiLineString", "coordinates": [ [ [ 120.67184380346724, 31.456864160720446 ], [ 120.671745, 31.456899 ], [ 120.671716, 31.45691 ], [ 120.671686, 31.45692 ], [ 120.671657, 31.45693 ], [ 120.671628, 31.456941 ], [ 120.671599, 31.456951 ], [ 120.67157, 31.456961 ], [ 120.671541, 31.456972 ], [ 120.671511, 31.456982 ], [ 120.671482, 31.456992 ], [ 120.671399517723984, 31.457021254434952 ] ] ] } },
{ "type": "Feature", "properties": { "RoadId": 44, "LaneId": 7192, "maxx": 0, "minx": 0, "maxy": 0, "miny": 0, "LaneId1": 0 }, "geometry": { "type": "MultiLineString", "coordinates": [ [ [ 120.671821, 31.456944 ] ] ] } },
{ "type": "Feature", "properties": { "RoadId": 38, "LaneId": 6293, "maxx": 0, "minx": 0, "maxy": 0, "miny": 0, "LaneId1": 0 }, "geometry": { "type": "MultiLineString", "coordinates": [ [ [ 120.679310958217826, 31.456264992184295 ], [ 120.679287908402031, 31.456265735726742 ], [ 120.679255908402041, 31.456266735726743 ], [ 120.679223908402037, 31.456266735726743 ], [ 120.679193908402041, 31.456267735726744 ], [ 120.679161908402037, 31.456266735726743 ], [ 120.67913090840203, 31.456267735726744 ], [ 120.679099908402037, 31.456267735726744 ], [ 120.679067908402033, 31.456268735726741 ], [ 120.679035908402042, 31.456268735726741 ], [ 120.679004908402035, 31.456269735726742 ], [ 120.678972908402031, 31.456270735726743 ], [ 120.678941908402038, 31.456270735726743 ], [ 120.678909908402034, 31.456271735726741 ], [ 120.678878908402041, 31.456272735726742 ], [ 120.678846908402036, 31.456273735726743 ], [ 120.678814908402032, 31.456274735726744 ], [ 120.678782908402042, 31.456274735726744 ], [ 120.678735029863589, 31.456274164865171 ] ] ] } },
{ "type": "Feature", "properties": { "RoadId": 44, "LaneId": 7241, "maxx": 0, "minx": 0, "maxy": 0, "miny": 0, "LaneId1": 0 }, "geometry": { "type": "MultiLineString", "coordinates": [ [ [ 120.671411, 31.456966 ] ] ] } },
{ "type": "Feature", "properties": { "RoadId": 50, "LaneId": 7499, "maxx": 0, "minx": 0, "maxy": 0, "miny": 0, "LaneId1": 0 }, "geometry": { "type": "MultiLineString", "coordinates": [ [ [ 120.667938456390416, 31.458316524578571 ], [ 120.667909456390419, 31.458327524578571 ], [ 120.667880456390421, 31.458337524578571 ], [ 120.667851456390423, 31.458347524578571 ], [ 120.667822456390425, 31.458358524578571 ], [ 120.667793456390413, 31.458368524578571 ], [ 120.667763456390418, 31.458378524578571 ], [ 120.66773445639042, 31.458389524578571 ], [ 120.667705456390422, 31.458399524578571 ], [ 120.667676456390424, 31.45840952457857 ], [ 120.667647456390412, 31.458420524578571 ], [ 120.667618456390414, 31.458430524578571 ], [ 120.667588456390419, 31.45844052457857 ], [ 120.667559456390421, 31.458451524578571 ], [ 120.667530456390423, 31.458461524578571 ], [ 120.667501456390411, 31.458472524578571 ], [ 120.667472456390414, 31.458482524578571 ], [ 120.667443456390416, 31.45849252457857 ], [ 120.66741345639042, 31.45850252457857 ], [ 120.667384456390423, 31.458512524578573 ], [ 120.667355456390425, 31.45852352457857 ], [ 120.667326456390413, 31.45853352457857 ], [ 120.667296456390417, 31.458543524578573 ], [ 120.66726745639042, 31.458553524578573 ], [ 120.667238456390422, 31.458563524578572 ], [ 120.667208456390412, 31.458573524578572 ] ] ] } },
{ "type": "Feature", "properties": { "RoadId": 46, "LaneId": 7245, "maxx": 0, "minx": 0, "maxy": 0, "miny": 0, "LaneId1": 0 }, "geometry": { "type": "MultiLineString", "coordinates": [ [ [ 120.67072, 31.457312 ], [ 120.670691, 31.457322 ], [ 120.670662, 31.457333 ], [ 120.670632, 31.457343 ], [ 120.670603, 31.457353 ], [ 120.670574, 31.457364 ], [ 120.670545, 31.457374 ], [ 120.670516, 31.457384 ], [ 120.670487, 31.457394 ], [ 120.670457, 31.457405 ], [ 120.670428, 31.457415 ], [ 120.67041028266668, 31.457420981505596 ] ] ] } },
{ "type": "Feature", "properties": { "RoadId": 46, "LaneId": 7271, "maxx": 0, "minx": 0, "maxy": 0, "miny": 0, "LaneId1": 0 }, "geometry": { "type": "MultiLineString", "coordinates": [ [ [ 120.670697, 31.457288 ], [ 120.670668, 31.457299 ], [ 120.670639, 31.457309 ], [ 120.67061, 31.457319 ], [ 120.670581, 31.45733 ], [ 120.670551, 31.45734 ], [ 120.670522, 31.45735 ], [ 120.670493, 31.457361 ], [ 120.670464, 31.457371 ], [ 120.670435, 31.457381 ], [ 120.670406, 31.457391 ] ] ] } },
{ "type": "Feature", "properties": { "RoadId": 47, "LaneId": 7308, "maxx": 0, "minx": 0, "maxy": 0, "miny": 0, "LaneId1": 0 }, "geometry": { "type": "MultiLineString", "coordinates": [ [ [ 120.670004945105973, 31.457569334239523 ], [ 120.669976648722624, 31.457579416858881 ], [ 120.66994379889826, 31.457591288330057 ], [ 120.669896963505124, 31.457608038488019 ], [ 120.669853502537038, 31.457624138154415 ], [ 120.669795242885641, 31.457644791261806 ], [ 120.669739951102045, 31.457665119123416 ], [ 120.669693928823364, 31.457681544035594 ], [ 120.669643515726605, 31.457698944685124 ], [ 120.669608063935954, 31.457712117139444 ] ] ] } },
{ "type": "Feature", "properties": { "RoadId": 47, "LaneId": 7308, "maxx": 0, "minx": 0, "maxy": 0, "miny": 0, "LaneId1": 0 }, "geometry": { "type": "MultiLineString", "coordinates": [ [ [ 120.669995919535452, 31.457538842447107 ], [ 120.669967623152104, 31.457548925066465 ], [ 120.669934773327739, 31.457560796537642 ], [ 120.669887937934604, 31.457577546695603 ], [ 120.669844476966517, 31.457593646362 ], [ 120.669786217315121, 31.457614299469391 ], [ 120.669730925531525, 31.457634627331 ], [ 120.669684903252843, 31.457651052243179 ], [ 120.669634490156085, 31.457668452892708 ], [ 120.669599038365433, 31.457681625347028 ] ] ] } },
{ "type": "Feature", "properties": { "RoadId": 48, "LaneId": 7307, "maxx": 0, "minx": 0, "maxy": 0, "miny": 0, "LaneId1": 0 }, "geometry": { "type": "MultiLineString", "coordinates": [ [ [ 120.668622, 31.458041 ], [ 120.668593, 31.458051 ], [ 120.668564, 31.458061 ], [ 120.668535, 31.458072 ], [ 120.668505, 31.458082 ], [ 120.668476, 31.458093 ], [ 120.668447, 31.458103 ], [ 120.668418, 31.458113 ], [ 120.668389, 31.458123 ], [ 120.668359, 31.458134 ], [ 120.66833, 31.458144 ], [ 120.668301, 31.458154 ], [ 120.668272, 31.458164 ], [ 120.668243, 31.458175 ], [ 120.668213, 31.458185 ], [ 120.668184, 31.458195 ] ] ] } },
{ "type": "Feature", "properties": { "RoadId": 48, "LaneId": 7308, "maxx": 0, "minx": 0, "maxy": 0, "miny": 0, "LaneId1": 0 }, "geometry": { "type": "MultiLineString", "coordinates": [ [ [ 120.668618, 31.458005 ], [ 120.668589, 31.458015 ], [ 120.66856, 31.458025 ], [ 120.66853, 31.458036 ], [ 120.668501, 31.458045 ], [ 120.668472, 31.458056 ], [ 120.668443, 31.458066 ], [ 120.668413, 31.458076 ], [ 120.668384, 31.458086 ], [ 120.668355, 31.458096 ], [ 120.668326, 31.458107 ], [ 120.668297, 31.458117 ], [ 120.668267, 31.458127 ], [ 120.668238, 31.458137 ], [ 120.668209, 31.458148 ], [ 120.66818, 31.458158 ] ] ] } },
{ "type": "Feature", "properties": { "RoadId": 50, "LaneId": 7499, "maxx": 0, "minx": 0, "maxy": 0, "miny": 0, "LaneId1": 0 }, "geometry": { "type": "MultiLineString", "coordinates": [ [ [ 120.66793, 31.458284 ], [ 120.667901, 31.458295 ], [ 120.667872, 31.458305 ], [ 120.667843, 31.458315 ], [ 120.667814, 31.458326 ], [ 120.667785, 31.458336 ], [ 120.667755, 31.458346 ], [ 120.667726, 31.458357 ], [ 120.667697, 31.458367 ], [ 120.667668, 31.458377 ], [ 120.667639, 31.458388 ], [ 120.66761, 31.458398 ], [ 120.66758, 31.458408 ], [ 120.667551, 31.458419 ], [ 120.667522, 31.458429 ], [ 120.667493, 31.45844 ], [ 120.667464, 31.45845 ], [ 120.667435, 31.45846 ], [ 120.667405, 31.45847 ], [ 120.667376, 31.45848 ], [ 120.667347, 31.458491 ], [ 120.667318, 31.458501 ], [ 120.667288, 31.458511 ], [ 120.667259, 31.458521 ], [ 120.66723, 31.458531 ], [ 120.6672, 31.458541 ] ] ] } },
{ "type": "Feature", "properties": { "RoadId": 50, "LaneId": 7500, "maxx": 0, "minx": 0, "maxy": 0, "miny": 0, "LaneId1": 0 }, "geometry": { "type": "MultiLineString", "coordinates": [ [ [ 120.667928, 31.458247 ], [ 120.667899, 31.458257 ], [ 120.667869, 31.458268 ], [ 120.66784, 31.458278 ], [ 120.667811, 31.458288 ], [ 120.667782, 31.458298 ], [ 120.667753, 31.458309 ], [ 120.667723, 31.458319 ], [ 120.667694, 31.458329 ], [ 120.667665, 31.458339 ], [ 120.667636, 31.45835 ], [ 120.667606, 31.45836 ], [ 120.667577, 31.45837 ], [ 120.667548, 31.45838 ], [ 120.667519, 31.458391 ], [ 120.66749, 31.458401 ], [ 120.667461, 31.458411 ], [ 120.667431, 31.458422 ], [ 120.667402, 31.458432 ], [ 120.667373, 31.458443 ], [ 120.667344, 31.458453 ], [ 120.667315, 31.458463 ], [ 120.667286, 31.458474 ], [ 120.667190349387667, 31.45850693652827 ] ] ] } },
{ "type": "Feature", "properties": { "RoadId": 52, "LaneId": 7499, "maxx": 0, "minx": 0, "maxy": 0, "miny": 0, "LaneId1": 0 }, "geometry": { "type": "MultiLineString", "coordinates": [ [ [ 120.666477654559628, 31.458806447241194 ], [ 120.666476, 31.458807 ], [ 120.666447, 31.458817 ], [ 120.666418, 31.458827 ], [ 120.666389, 31.458837 ], [ 120.666359, 31.458847 ], [ 120.66633, 31.458857 ], [ 120.666301, 31.458868 ], [ 120.666272, 31.458878 ], [ 120.666243, 31.458888 ], [ 120.666213, 31.458898 ], [ 120.666184, 31.458909 ], [ 120.666155, 31.458919 ], [ 120.666126, 31.45893 ], [ 120.666102239611504, 31.458937887194342 ] ] ] } },
{ "type": "Feature", "properties": { "RoadId": 52, "LaneId": 7584, "maxx": 0, "minx": 0, "maxy": 0, "miny": 0, "LaneId1": 0 }, "geometry": { "type": "MultiLineString", "coordinates": [ [ [ 120.666466, 31.458751 ], [ 120.666436, 31.458761 ], [ 120.666407, 31.458772 ], [ 120.666378, 31.458782 ], [ 120.666349, 31.458792 ], [ 120.66632, 31.458802 ], [ 120.66629, 31.458813 ], [ 120.666261, 31.458823 ], [ 120.666232, 31.458833 ], [ 120.666203, 31.458843 ], [ 120.666173, 31.458853 ], [ 120.666144, 31.458863 ], [ 120.666115, 31.458874 ], [ 120.666086, 31.458884 ] ] ] } },
{ "type": "Feature", "properties": { "RoadId": 52, "LaneId": 7640, "maxx": 0, "minx": 0, "maxy": 0, "miny": 0, "LaneId1": 0 }, "geometry": { "type": "MultiLineString", "coordinates": [ [ [ 120.666468, 31.458779 ], [ 120.666438, 31.45879 ], [ 120.666409, 31.4588 ], [ 120.66638, 31.45881 ], [ 120.666351, 31.458821 ], [ 120.666322, 31.458831 ], [ 120.666292, 31.458841 ], [ 120.666263, 31.458851 ], [ 120.666234, 31.458862 ], [ 120.666205, 31.458872 ], [ 120.666176, 31.458882 ], [ 120.666146, 31.458893 ], [ 120.666094108466865, 31.458911217039912 ] ] ] } },
{ "type": "Feature", "properties": { "RoadId": 54, "LaneId": 7784, "maxx": 0, "minx": 0, "maxy": 0, "miny": 0, "LaneId1": 0 }, "geometry": { "type": "MultiLineString", "coordinates": [ [ [ 120.6656, 31.458478 ], [ 120.665594, 31.458452 ], [ 120.665588, 31.458425 ], [ 120.665582, 31.458399 ], [ 120.665576, 31.458372 ], [ 120.665569, 31.458346 ], [ 120.665563, 31.458319 ], [ 120.665557, 31.458293 ], [ 120.66555, 31.458266 ], [ 120.665544, 31.45824 ], [ 120.665538, 31.458213 ], [ 120.665532, 31.458187 ], [ 120.665525, 31.45816 ], [ 120.665519, 31.458134 ], [ 120.665513, 31.458107 ], [ 120.665508, 31.458081 ], [ 120.665501, 31.458054 ], [ 120.665496, 31.458027 ], [ 120.665489, 31.458001 ], [ 120.665483, 31.457974 ], [ 120.665477, 31.457948 ], [ 120.665471, 31.457921 ], [ 120.665465, 31.457895 ], [ 120.665459, 31.457868 ], [ 120.665454, 31.457841 ], [ 120.665448, 31.457815 ] ] ] } },
{ "type": "Feature", "properties": { "RoadId": 54, "LaneId": 7785, "maxx": 0, "minx": 0, "maxy": 0, "miny": 0, "LaneId1": 0 }, "geometry": { "type": "MultiLineString", "coordinates": [ [ [ 120.665667, 31.458468 ], [ 120.665662, 31.458442 ], [ 120.665656, 31.458415 ], [ 120.66565, 31.458388 ], [ 120.665644, 31.458362 ], [ 120.665639, 31.458335 ], [ 120.665633, 31.458308 ], [ 120.665627, 31.458282 ], [ 120.665621, 31.458255 ], [ 120.665615, 31.458229 ], [ 120.665609, 31.458202 ], [ 120.665603, 31.458176 ], [ 120.665597, 31.458149 ], [ 120.665591, 31.458122 ], [ 120.665585, 31.458096 ], [ 120.665579, 31.458069 ], [ 120.665573, 31.458043 ], [ 120.665567, 31.458016 ], [ 120.665561, 31.45799 ], [ 120.665555, 31.457963 ], [ 120.665548, 31.457937 ], [ 120.665542, 31.45791 ], [ 120.665535, 31.457884 ], [ 120.665529, 31.457857 ], [ 120.665523, 31.457831 ], [ 120.665517, 31.457804 ] ] ] } },
{ "type": "Feature", "properties": { "RoadId": 54, "LaneId": 7786, "maxx": 0, "minx": 0, "maxy": 0, "miny": 0, "LaneId1": 0 }, "geometry": { "type": "MultiLineString", "coordinates": [ [ [ 120.665704, 31.458462 ], [ 120.665699, 31.458436 ], [ 120.665693, 31.458409 ], [ 120.665687, 31.458383 ], [ 120.665682, 31.458356 ], [ 120.665677, 31.458329 ], [ 120.665671, 31.458303 ], [ 120.665665, 31.458276 ], [ 120.665659, 31.458249 ], [ 120.665654, 31.458223 ], [ 120.665648, 31.458196 ], [ 120.665642, 31.45817 ], [ 120.665636, 31.458143 ], [ 120.665629, 31.458117 ], [ 120.665623, 31.45809 ], [ 120.665617, 31.458064 ], [ 120.665611, 31.458037 ], [ 120.665605, 31.45801 ], [ 120.665598, 31.457984 ], [ 120.665592, 31.457957 ], [ 120.665586, 31.457931 ], [ 120.66558, 31.457904 ], [ 120.665572, 31.457878 ], [ 120.665566, 31.457852 ], [ 120.665559, 31.457825 ], [ 120.665552, 31.457799 ] ] ] } },
{ "type": "Feature", "properties": { "RoadId": 54, "LaneId": 7814, "maxx": 0, "minx": 0, "maxy": 0, "miny": 0, "LaneId1": 0 }, "geometry": { "type": "MultiLineString", "coordinates": [ [ [ 120.665633, 31.458482 ], [ 120.665627, 31.458455 ], [ 120.665622, 31.458429 ], [ 120.665616, 31.458402 ], [ 120.66561, 31.458375 ], [ 120.665604, 31.458349 ], [ 120.665598, 31.458322 ], [ 120.665592, 31.458296 ], [ 120.665586, 31.458269 ], [ 120.66558, 31.458243 ], [ 120.665574, 31.458216 ], [ 120.665568, 31.458189 ], [ 120.665561, 31.458163 ], [ 120.665556, 31.458136 ], [ 120.665549, 31.45811 ], [ 120.665544, 31.458083 ], [ 120.665538, 31.458057 ], [ 120.665531, 31.45803 ], [ 120.665526, 31.458004 ], [ 120.66552, 31.457977 ], [ 120.665513, 31.45795 ], [ 120.665507, 31.457924 ], [ 120.665501, 31.457897 ], [ 120.665496, 31.457871 ], [ 120.66549, 31.457844 ], [ 120.665484, 31.457818 ], [ 120.665478, 31.457791 ] ] ] } },
{ "type": "Feature", "properties": { "RoadId": 56, "LaneId": 7785, "maxx": 0, "minx": 0, "maxy": 0, "miny": 0, "LaneId1": 0 }, "geometry": { "type": "MultiLineString", "coordinates": [ [ [ 120.665265, 31.456772 ], [ 120.665258, 31.456745 ], [ 120.665251, 31.456719 ], [ 120.665243, 31.456692 ], [ 120.665237, 31.456666 ], [ 120.665229, 31.45664 ], [ 120.665222, 31.456613 ], [ 120.665215, 31.456587 ], [ 120.665208, 31.456561 ], [ 120.665201, 31.456534 ], [ 120.665193, 31.456508 ] ] ] } },
{ "type": "Feature", "properties": { "RoadId": 56, "LaneId": 7786, "maxx": 0, "minx": 0, "maxy": 0, "miny": 0, "LaneId1": 0 }, "geometry": { "type": "MultiLineString", "coordinates": [ [ [ 120.665297, 31.456739 ], [ 120.665291, 31.456713 ], [ 120.665284, 31.456686 ], [ 120.665277, 31.45666 ], [ 120.66527, 31.456634 ], [ 120.665263, 31.456607 ], [ 120.665257, 31.456581 ], [ 120.66525, 31.456554 ], [ 120.665244, 31.456528 ], [ 120.665236, 31.456502 ] ] ] } },
{ "type": "Feature", "properties": { "RoadId": 56, "LaneId": 7814, "maxx": 0, "minx": 0, "maxy": 0, "miny": 0, "LaneId1": 0 }, "geometry": { "type": "MultiLineString", "coordinates": [ [ [ 120.665225, 31.456759 ], [ 120.665218, 31.456732 ], [ 120.665211, 31.456706 ], [ 120.665203, 31.45668 ], [ 120.665196, 31.456653 ], [ 120.665189, 31.456627 ], [ 120.665182, 31.456601 ], [ 120.665175, 31.456574 ], [ 120.665168, 31.456548 ], [ 120.665161, 31.456522 ] ] ] } },
{ "type": "Feature", "properties": { "RoadId": 58, "LaneId": 8245, "maxx": 0, "minx": 0, "maxy": 0, "miny": 0, "LaneId1": 0 }, "geometry": { "type": "MultiLineString", "coordinates": [ [ [ 120.664964, 31.455574 ], [ 120.664955, 31.455548 ], [ 120.664948, 31.455522 ], [ 120.66494, 31.455496 ], [ 120.664932, 31.455469 ], [ 120.664924, 31.455443 ], [ 120.664916, 31.455417 ], [ 120.664908, 31.455391 ], [ 120.664901, 31.455365 ], [ 120.664892, 31.455339 ], [ 120.664884, 31.455312 ], [ 120.664876, 31.455286 ], [ 120.664869103377868, 31.455263585978084 ] ] ] } },
{ "type": "Feature", "properties": { "RoadId": 58, "LaneId": 8289, "maxx": 0, "minx": 0, "maxy": 0, "miny": 0, "LaneId1": 0 }, "geometry": { "type": "MultiLineString", "coordinates": [ [ [ 120.664894, 31.45559 ], [ 120.664887, 31.455564 ], [ 120.664879, 31.455537 ], [ 120.664871, 31.455511 ], [ 120.664862, 31.455485 ], [ 120.664854, 31.455459 ], [ 120.664847, 31.455433 ], [ 120.664839, 31.455407 ], [ 120.664831, 31.45538 ], [ 120.664822, 31.455354 ], [ 120.664815, 31.455328 ], [ 120.664806, 31.455302 ], [ 120.664799576689774, 31.45528112424175 ] ] ] } },
{ "type": "Feature", "properties": { "RoadId": 58, "LaneId": 8306, "maxx": 0, "minx": 0, "maxy": 0, "miny": 0, "LaneId1": 0 }, "geometry": { "type": "MultiLineString", "coordinates": [ [ [ 120.664824, 31.455621 ] ] ] } },
{ "type": "Feature", "properties": { "RoadId": 58, "LaneId": 8289, "maxx": 0, "minx": 0, "maxy": 0, "miny": 0, "LaneId1": 0 }, "geometry": { "type": "MultiLineString", "coordinates": [ [ [ 120.66493124064246, 31.455583495084287 ], [ 120.664924240642449, 31.455557495084285 ], [ 120.664916240642455, 31.455530495084286 ], [ 120.664908240642461, 31.455504495084288 ], [ 120.664899240642455, 31.455478495084286 ], [ 120.664891240642461, 31.455452495084288 ], [ 120.664884240642451, 31.455426495084286 ], [ 120.664876240642457, 31.455400495084287 ], [ 120.664868240642463, 31.455373495084288 ], [ 120.664859240642457, 31.455347495084286 ], [ 120.66485224064246, 31.455321495084288 ], [ 120.664843240642455, 31.455295495084286 ], [ 120.664835992400157, 31.455271938296789 ] ] ] } },
{ "type": "Feature", "properties": { "RoadId": 59, "LaneId": 8289, "maxx": 0, "minx": 0, "maxy": 0, "miny": 0, "LaneId1": 0 }, "geometry": { "type": "MultiLineString", "coordinates": [ [ [ 120.664797468568878, 31.455149531630955 ], [ 120.664789524578566, 31.455122720663681 ], [ 120.664781524578572, 31.455096720663679 ], [ 120.664773524578578, 31.455070720663681 ], [ 120.66476552457857, 31.455044720663679 ], [ 120.664757524578576, 31.455018720663681 ], [ 120.664749524578568, 31.454992720663679 ], [ 120.664741524578574, 31.454965720663679 ], [ 120.664733524578565, 31.454939720663678 ], [ 120.664725524578571, 31.454913720663679 ] ] ] } },
{ "type": "Feature", "properties": { "RoadId": 59, "LaneId": 8245, "maxx": 0, "minx": 0, "maxy": 0, "miny": 0, "LaneId1": 0 }, "geometry": { "type": "MultiLineString", "coordinates": [ [ [ 120.664833609181898, 31.455141177054109 ], [ 120.664826609181901, 31.455115177054108 ], [ 120.664818609181893, 31.455088177054108 ], [ 120.664811609181896, 31.455062177054106 ], [ 120.664803609181888, 31.455036177054108 ], [ 120.664795609181894, 31.45501017705411 ], [ 120.664786609181888, 31.454984177054108 ], [ 120.664778609181894, 31.45495817705411 ], [ 120.6647706091819, 31.454931177054107 ], [ 120.664762609181892, 31.454905177054108 ] ] ] } },
{ "type": "Feature", "properties": { "RoadId": 59, "LaneId": 8289, "maxx": 0, "minx": 0, "maxy": 0, "miny": 0, "LaneId1": 0 }, "geometry": { "type": "MultiLineString", "coordinates": [ [ [ 120.664761255564613, 31.45515958665062 ], [ 120.664760121313222, 31.455155900333608 ], [ 120.664752121313214, 31.455128900333609 ], [ 120.66474412131322, 31.455102900333607 ], [ 120.664736121313226, 31.455076900333609 ], [ 120.664728121313217, 31.455050900333607 ], [ 120.664720121313223, 31.455024900333608 ], [ 120.664712121313215, 31.454998900333607 ], [ 120.664704121313221, 31.454971900333607 ], [ 120.664696121313213, 31.454945900333605 ], [ 120.664688121313219, 31.454919900333607 ] ] ] } },
{ "type": "Feature", "properties": { "RoadId": 61, "LaneId": 8507, "maxx": 0, "minx": 0, "maxy": 0, "miny": 0, "LaneId1": 0 }, "geometry": { "type": "MultiLineString", "coordinates": [ [ [ 120.664592, 31.454593 ], [ 120.664583, 31.454567 ], [ 120.664575, 31.454541 ], [ 120.664567, 31.454515 ], [ 120.664558, 31.454489 ], [ 120.66455, 31.454463 ], [ 120.664542, 31.454437 ], [ 120.664534, 31.45441 ], [ 120.664526, 31.454384 ], [ 120.664518, 31.454358 ], [ 120.66451, 31.454332 ], [ 120.664502, 31.454306 ], [ 120.664494, 31.45428 ], [ 120.664486, 31.454253 ], [ 120.664478, 31.454227 ], [ 120.66447, 31.454201 ], [ 120.664461, 31.454175 ], [ 120.664454, 31.454149 ], [ 120.664446, 31.454123 ], [ 120.664437, 31.454096 ], [ 120.664429, 31.45407 ], [ 120.664421, 31.454044 ], [ 120.664413, 31.454018 ], [ 120.664405, 31.453992 ], [ 120.664397, 31.453966 ], [ 120.664389, 31.453939 ] ] ] } },
{ "type": "Feature", "properties": { "RoadId": 61, "LaneId": 8508, "maxx": 0, "minx": 0, "maxy": 0, "miny": 0, "LaneId1": 0 }, "geometry": { "type": "MultiLineString", "coordinates": [ [ [ 120.664658554880106, 31.454579024485618 ], [ 120.664654, 31.454564 ], [ 120.664647, 31.454538 ], [ 120.66464, 31.454511 ], [ 120.664632, 31.454485 ], [ 120.664624, 31.454459 ], [ 120.664616, 31.454433 ], [ 120.664609, 31.454406 ], [ 120.664601, 31.45438 ], [ 120.664594, 31.454354 ], [ 120.664587, 31.454327 ], [ 120.664579, 31.454301 ], [ 120.664572, 31.454275 ], [ 120.664564, 31.454249 ], [ 120.664556, 31.454223 ], [ 120.664548, 31.454197 ], [ 120.66454, 31.454171 ], [ 120.664532, 31.454145 ], [ 120.664523, 31.454119 ], [ 120.664515, 31.454092 ], [ 120.664507, 31.454066 ], [ 120.664499, 31.45404 ], [ 120.664491, 31.454014 ], [ 120.664483, 31.453988 ], [ 120.664475, 31.453962 ], [ 120.664466, 31.453936 ], [ 120.664458, 31.453909 ] ] ] } },
{ "type": "Feature", "properties": { "RoadId": 61, "LaneId": 8520, "maxx": 0, "minx": 0, "maxy": 0, "miny": 0, "LaneId1": 0 }, "geometry": { "type": "MultiLineString", "coordinates": [ [ [ 120.664625, 31.454581 ], [ 120.664616, 31.454555 ], [ 120.664608, 31.454529 ], [ 120.6646, 31.454503 ], [ 120.664592, 31.454477 ], [ 120.664584, 31.45445 ], [ 120.664575, 31.454424 ], [ 120.664567, 31.454398 ], [ 120.66456, 31.454372 ], [ 120.664552, 31.454346 ], [ 120.664544, 31.454319 ], [ 120.664536, 31.454293 ], [ 120.664528, 31.454267 ], [ 120.66452, 31.454241 ], [ 120.664512, 31.454215 ], [ 120.664504, 31.454189 ], [ 120.664496, 31.454162 ], [ 120.664488, 31.454136 ], [ 120.66448, 31.45411 ], [ 120.664472, 31.454084 ], [ 120.664464, 31.454058 ], [ 120.664456, 31.454032 ], [ 120.664448, 31.454005 ], [ 120.66444, 31.453979 ], [ 120.664432, 31.453953 ], [ 120.664424, 31.453927 ] ] ] } },
{ "type": "Feature", "properties": { "RoadId": 63, "LaneId": 8507, "maxx": 0, "minx": 0, "maxy": 0, "miny": 0, "LaneId1": 0 }, "geometry": { "type": "MultiLineString", "coordinates": [ [ [ 120.664041279034535, 31.452814769376698 ], [ 120.664033717070026, 31.452788587090946 ], [ 120.664025585925373, 31.45276281136243 ], [ 120.664018211148175, 31.452736325245787 ], [ 120.66400924232461, 31.452710528102372 ], [ 120.664001111179957, 31.452682394341906 ], [ 120.663993793149785, 31.452657675662191 ], [ 120.663986211148185, 31.452631325245786 ], [ 120.663978211148176, 31.452605325245784 ], [ 120.663970211148182, 31.452579325245786 ], [ 120.663962211148188, 31.452553325245788 ], [ 120.66395421114818, 31.452526325245785 ], [ 120.663946211148186, 31.452500325245786 ], [ 120.663938211148178, 31.452474325245785 ], [ 120.663930211148184, 31.452448325245786 ] ] ] } },
{ "type": "Feature", "properties": { "RoadId": 63, "LaneId": 8520, "maxx": 0, "minx": 0, "maxy": 0, "miny": 0, "LaneId1": 0 }, "geometry": { "type": "MultiLineString", "coordinates": [ [ [ 120.664075673776367, 31.45281135429595 ], [ 120.664073397055859, 31.452802410036842 ], [ 120.66406624164857, 31.452775252013733 ], [ 120.66405811050393, 31.452749720219558 ], [ 120.664050467227966, 31.452723212688021 ], [ 120.664042498706223, 31.452697843516734 ], [ 120.664035, 31.452672 ], [ 120.664026, 31.452646 ], [ 120.664018, 31.45262 ], [ 120.664009, 31.452594 ], [ 120.664001, 31.452568 ], [ 120.663991, 31.452542 ], [ 120.663983, 31.452516 ], [ 120.663974, 31.45249 ], [ 120.663966, 31.452463 ], [ 120.663958, 31.452437 ] ] ] } },
{ "type": "Feature", "properties": { "RoadId": 63, "LaneId": 8905, "maxx": 0, "minx": 0, "maxy": 0, "miny": 0, "LaneId1": 0 }, "geometry": { "type": "MultiLineString", "coordinates": [ [ [ 120.664105515077154, 31.452806312986269 ], [ 120.66409510721202, 31.452770535949842 ], [ 120.664086976067367, 31.452742727435162 ], [ 120.664079983282974, 31.452718496624126 ], [ 120.664072665252775, 31.452691013355231 ], [ 120.664064208862342, 31.452666132052624 ], [ 120.664055427226145, 31.452639787143983 ], [ 120.664047458704403, 31.452613767481125 ], [ 120.664039002313956, 31.452586446835127 ], [ 120.66403070854642, 31.452559776680697 ], [ 120.66402143904152, 31.452533919640732 ], [ 120.664012626228924, 31.45250851213132 ], [ 120.664004626228916, 31.452482512131322 ], [ 120.663996626228922, 31.452455512131323 ], [ 120.663989626228926, 31.452429512131321 ] ] ] } },
{ "type": "Feature", "properties": { "RoadId": 65, "LaneId": 8999, "maxx": 0, "minx": 0, "maxy": 0, "miny": 0, "LaneId1": 0 }, "geometry": { "type": "MultiLineString", "coordinates": [ [ [ 120.663882, 31.452166 ], [ 120.663875, 31.45214 ], [ 120.663867, 31.452114 ], [ 120.663859, 31.452087 ], [ 120.663851, 31.452061 ], [ 120.663843, 31.452035 ], [ 120.663834, 31.452009 ], [ 120.663827, 31.451983 ], [ 120.663819, 31.451957 ], [ 120.663811, 31.451931 ], [ 120.663803, 31.451905 ], [ 120.663795, 31.451878 ], [ 120.663787, 31.451852 ], [ 120.663779, 31.451826 ], [ 120.663771, 31.4518 ], [ 120.663763, 31.451774 ], [ 120.663755, 31.451748 ], [ 120.663747, 31.451722 ], [ 120.663741044919774, 31.451701901604228 ] ] ] } },
{ "type": "Feature", "properties": { "RoadId": 65, "LaneId": 9001, "maxx": 0, "minx": 0, "maxy": 0, "miny": 0, "LaneId1": 0 }, "geometry": { "type": "MultiLineString", "coordinates": [ [ [ 120.663921, 31.45216 ], [ 120.663913, 31.452134 ], [ 120.663904, 31.452107 ], [ 120.663896, 31.452081 ], [ 120.663888, 31.452055 ], [ 120.66388, 31.452029 ], [ 120.663872, 31.452003 ], [ 120.663864, 31.451977 ], [ 120.663856, 31.451951 ], [ 120.663848, 31.451924 ], [ 120.66384, 31.451898 ], [ 120.663832, 31.451872 ], [ 120.663824, 31.451846 ], [ 120.663815, 31.45182 ], [ 120.663807, 31.451794 ], [ 120.663799, 31.451768 ], [ 120.663792, 31.451742 ], [ 120.663784, 31.451715 ], [ 120.66377684688787, 31.451691752385592 ] ] ] } },
{ "type": "Feature", "properties": { "RoadId": 65, "LaneId": 9010, "maxx": 0, "minx": 0, "maxy": 0, "miny": 0, "LaneId1": 0 }, "geometry": { "type": "MultiLineString", "coordinates": [ [ [ 120.66385, 31.452185 ], [ 120.663842, 31.452159 ], [ 120.663834, 31.452133 ], [ 120.663827, 31.452107 ], [ 120.663819, 31.452081 ], [ 120.663811, 31.452054 ], [ 120.663803, 31.452028 ], [ 120.663795, 31.452002 ], [ 120.663787, 31.451976 ], [ 120.663779, 31.45195 ], [ 120.663771, 31.451923 ], [ 120.663763, 31.451897 ], [ 120.663755, 31.451871 ], [ 120.663747, 31.451845 ], [ 120.66374, 31.451819 ], [ 120.663731, 31.451792 ], [ 120.663723, 31.451766 ], [ 120.663715, 31.45174 ], [ 120.663707, 31.451714 ], [ 120.663706307405874, 31.451711749069101 ] ] ] } },
{ "type": "Feature", "properties": { "RoadId": 66, "LaneId": 8999, "maxx": 0, "minx": 0, "maxy": 0, "miny": 0, "LaneId1": 0 }, "geometry": { "type": "MultiLineString", "coordinates": [ [ [ 120.663725811412661, 31.451652137091155 ], [ 120.663723, 31.451643 ], [ 120.663715, 31.451617 ], [ 120.663707, 31.451591 ], [ 120.663699, 31.451564 ], [ 120.663691, 31.451538 ], [ 120.663683, 31.451512 ], [ 120.663675, 31.451486 ], [ 120.663666, 31.45146 ], [ 120.663659, 31.451434 ], [ 120.66365, 31.451408 ], [ 120.663621041151316, 31.451316402697618 ], [ 120.663611283777684, 31.45128688664256 ] ] ] } },
{ "type": "Feature", "properties": { "RoadId": 66, "LaneId": 9001, "maxx": 0, "minx": 0, "maxy": 0, "miny": 0, "LaneId1": 0 }, "geometry": { "type": "MultiLineString", "coordinates": [ [ [ 120.663761741827045, 31.45164266093791 ], [ 120.66376, 31.451637 ], [ 120.663752, 31.451611 ], [ 120.663744, 31.451584 ], [ 120.663736, 31.451558 ], [ 120.663728, 31.451532 ], [ 120.66372, 31.451506 ], [ 120.663711, 31.45148 ], [ 120.663703, 31.451454 ], [ 120.663695, 31.451427 ], [ 120.663687, 31.451401 ], [ 120.663679, 31.451375 ], [ 120.663659257531151, 31.451309084667439 ], [ 120.663649662780401, 31.451277454514774 ] ] ] } },
{ "type": "Feature", "properties": { "RoadId": 66, "LaneId": 9010, "maxx": 0, "minx": 0, "maxy": 0, "miny": 0, "LaneId1": 0 }, "geometry": { "type": "MultiLineString", "coordinates": [ [ [ 120.663690812606106, 31.451661367545626 ], [ 120.663683, 31.451635 ], [ 120.663675, 31.451609 ], [ 120.663667, 31.451583 ], [ 120.663659, 31.451557 ], [ 120.663651, 31.451531 ], [ 120.663643, 31.451505 ], [ 120.663635, 31.451479 ], [ 120.663626, 31.451452 ], [ 120.663618, 31.451426 ], [ 120.66361, 31.4514 ], [ 120.663602, 31.451374 ], [ 120.663585508049252, 31.451323883350693 ], [ 120.663575506741253, 31.451295017787203 ] ] ] } },
{ "type": "Feature", "properties": { "RoadId": 68, "LaneId": 9200, "maxx": 0, "minx": 0, "maxy": 0, "miny": 0, "LaneId1": 0 }, "geometry": { "type": "MultiLineString", "coordinates": [ [ [ 120.663133, 31.44959 ], [ 120.663125, 31.449564 ], [ 120.663117, 31.449538 ], [ 120.663109, 31.449512 ], [ 120.663101, 31.449486 ], [ 120.663093, 31.449459 ], [ 120.663085, 31.449433 ], [ 120.663077, 31.449407 ], [ 120.66307, 31.449381 ], [ 120.663063, 31.449354 ], [ 120.663056, 31.449328 ], [ 120.663048, 31.449302 ], [ 120.663041, 31.449275 ], [ 120.663033, 31.449249 ], [ 120.663025, 31.449223 ], [ 120.663016, 31.449197 ], [ 120.663006, 31.449171 ], [ 120.662998, 31.449146 ], [ 120.662988, 31.44912 ], [ 120.66298, 31.449094 ], [ 120.662971, 31.449068 ], [ 120.662961, 31.44904 ], [ 120.662956, 31.449012 ], [ 120.662949, 31.449007 ], [ 120.662943, 31.44898 ], [ 120.662937, 31.448954 ], [ 120.662928, 31.448928 ] ] ] } },
{ "type": "Feature", "properties": { "RoadId": 68, "LaneId": 9203, "maxx": 0, "minx": 0, "maxy": 0, "miny": 0, "LaneId1": 0 }, "geometry": { "type": "MultiLineString", "coordinates": [ [ [ 120.66306, 31.449601 ], [ 120.663052, 31.449574 ], [ 120.663044, 31.449548 ], [ 120.663035, 31.449522 ], [ 120.663027, 31.449496 ], [ 120.663019, 31.44947 ], [ 120.663011, 31.449444 ], [ 120.663003, 31.449418 ], [ 120.662994, 31.449392 ], [ 120.662986, 31.449365 ], [ 120.662977, 31.449339 ], [ 120.662969, 31.449313 ], [ 120.662961, 31.449287 ], [ 120.662953, 31.449261 ], [ 120.662946, 31.449235 ], [ 120.662939, 31.449208 ], [ 120.662931, 31.449182 ], [ 120.662923, 31.449156 ], [ 120.662915, 31.44913 ], [ 120.662907, 31.449103 ], [ 120.662899, 31.449077 ], [ 120.662892, 31.449051 ], [ 120.662883, 31.449025 ], [ 120.662876, 31.448999 ], [ 120.662867, 31.448973 ], [ 120.662859, 31.448946 ], [ 120.662851, 31.44892 ] ] ] } },
{ "type": "Feature", "properties": { "RoadId": 68, "LaneId": 9204, "maxx": 0, "minx": 0, "maxy": 0, "miny": 0, "LaneId1": 0 }, "geometry": { "type": "MultiLineString", "coordinates": [ [ [ 120.663094, 31.449591 ], [ 120.663086, 31.449565 ], [ 120.663078, 31.449539 ], [ 120.66307, 31.449513 ], [ 120.663062, 31.449486 ], [ 120.663054, 31.44946 ], [ 120.663046, 31.449434 ], [ 120.663037, 31.449408 ], [ 120.66303, 31.449382 ], [ 120.663023, 31.449355 ], [ 120.663015, 31.449329 ], [ 120.663008, 31.449303 ], [ 120.663, 31.449277 ], [ 120.662992, 31.44925 ], [ 120.662983, 31.449224 ], [ 120.662974, 31.449199 ], [ 120.662966, 31.449172 ], [ 120.662958, 31.449146 ], [ 120.662949, 31.44912 ], [ 120.662941, 31.449094 ], [ 120.662933, 31.449068 ], [ 120.662924, 31.449042 ], [ 120.662917, 31.449016 ], [ 120.662908, 31.44899 ], [ 120.662901, 31.448964 ], [ 120.662893, 31.448937 ], [ 120.662884, 31.448911 ] ] ] } },
{ "type": "Feature", "properties": { "RoadId": 70, "LaneId": 9200, "maxx": 0, "minx": 0, "maxy": 0, "miny": 0, "LaneId1": 0 }, "geometry": { "type": "MultiLineString", "coordinates": [ [ [ 120.662897, 31.448824 ], [ 120.662889, 31.448798 ], [ 120.66288, 31.448772 ], [ 120.662872, 31.448746 ], [ 120.662864, 31.44872 ], [ 120.662856, 31.448693 ], [ 120.662847, 31.448668 ], [ 120.662839, 31.448641 ], [ 120.662832, 31.448615 ], [ 120.662824, 31.448589 ], [ 120.662817, 31.448562 ], [ 120.662809, 31.448536 ], [ 120.662801, 31.44851 ] ] ] } },
{ "type": "Feature", "properties": { "RoadId": 70, "LaneId": 9203, "maxx": 0, "minx": 0, "maxy": 0, "miny": 0, "LaneId1": 0 }, "geometry": { "type": "MultiLineString", "coordinates": [ [ [ 120.662827, 31.448842 ], [ 120.662819, 31.448816 ], [ 120.662811, 31.44879 ], [ 120.662803, 31.448763 ], [ 120.662795, 31.448737 ], [ 120.662787, 31.448711 ], [ 120.662779, 31.448685 ], [ 120.662771, 31.448659 ], [ 120.662763, 31.448633 ], [ 120.662755, 31.448606 ], [ 120.662747, 31.44858 ], [ 120.662739, 31.448554 ], [ 120.662731, 31.448528 ] ] ] } },
{ "type": "Feature", "properties": { "RoadId": 70, "LaneId": 9204, "maxx": 0, "minx": 0, "maxy": 0, "miny": 0, "LaneId1": 0 }, "geometry": { "type": "MultiLineString", "coordinates": [ [ [ 120.662861, 31.448833 ], [ 120.662853, 31.448807 ], [ 120.662845, 31.44878 ], [ 120.662836, 31.448754 ], [ 120.662828, 31.448728 ], [ 120.66282, 31.448702 ], [ 120.662812, 31.448676 ], [ 120.662804, 31.44865 ], [ 120.662796, 31.448623 ], [ 120.662788, 31.448597 ], [ 120.66278, 31.448571 ], [ 120.662772, 31.448545 ], [ 120.662764, 31.448519 ] ] ] } },
{ "type": "Feature", "properties": { "RoadId": 67, "LaneId": 9010, "maxx": 0, "minx": 0, "maxy": 0, "miny": 0, "LaneId1": 0 }, "geometry": { "type": "MultiLineString", "coordinates": [ [ [ 120.663588913652021, 31.451204690888861 ], [ 120.663582273472827, 31.451183110306452 ], [ 120.663574273472818, 31.451157110306454 ], [ 120.663566273472824, 31.451131110306452 ], [ 120.663558273472816, 31.451105110306454 ], [ 120.663550273472822, 31.451079110306452 ], [ 120.663541273472816, 31.451052110306453 ], [ 120.663533273472822, 31.451026110306454 ], [ 120.663525273472828, 31.451000110306452 ], [ 120.66351727347282, 31.450974110306454 ], [ 120.663500781522075, 31.450923993657145 ] ] ] } },
{ "type": "Feature", "properties": { "RoadId": 67, "LaneId": 9010, "maxx": 0, "minx": 0, "maxy": 0, "miny": 0, "LaneId1": 0 }, "geometry": { "type": "MultiLineString", "coordinates": [ [ [ 120.663624869910265, 31.451195190740364 ], [ 120.663620001983972, 31.451179369979918 ], [ 120.663612001983964, 31.45115336997992 ], [ 120.66360400198397, 31.451127369979918 ], [ 120.663596001983962, 31.45110136997992 ], [ 120.663588001983968, 31.451075369979918 ], [ 120.663579001983962, 31.451048369979919 ], [ 120.663571001983968, 31.451022369979921 ], [ 120.663563001983974, 31.450996369979919 ], [ 120.663555001983966, 31.45097036997992 ], [ 120.66353851003322, 31.450920253330612 ] ] ] } },
{ "type": "Feature", "properties": { "RoadId": 72, "LaneId": 9659, "maxx": 0, "minx": 0, "maxy": 0, "miny": 0, "LaneId1": 0 }, "geometry": { "type": "MultiLineString", "coordinates": [ [ [ 120.66268, 31.448129 ], [ 120.662673, 31.448103 ], [ 120.662665, 31.448076 ], [ 120.662658, 31.44805 ], [ 120.66265, 31.448024 ], [ 120.662642, 31.447997 ], [ 120.662634, 31.447971 ], [ 120.662626, 31.447945 ], [ 120.662618, 31.447919 ], [ 120.662612, 31.447893 ], [ 120.662601, 31.447868 ], [ 120.662595, 31.447842 ], [ 120.662586, 31.447816 ], [ 120.662578, 31.44779 ], [ 120.662571, 31.447764 ], [ 120.662562, 31.447738 ], [ 120.662555, 31.447712 ], [ 120.662546, 31.447686 ], [ 120.662538, 31.44766 ], [ 120.662531, 31.447634 ], [ 120.662523, 31.447607 ], [ 120.662515, 31.447581 ], [ 120.662508, 31.447555 ], [ 120.6625, 31.447529 ], [ 120.662492, 31.447502 ], [ 120.662484, 31.447476 ], [ 120.662477, 31.44745 ] ] ] } },
{ "type": "Feature", "properties": { "RoadId": 72, "LaneId": 9661, "maxx": 0, "minx": 0, "maxy": 0, "miny": 0, "LaneId1": 0 }, "geometry": { "type": "MultiLineString", "coordinates": [ [ [ 120.662612, 31.448146 ], [ 120.662604, 31.44812 ], [ 120.662596, 31.448093 ], [ 120.662589, 31.448067 ], [ 120.662581, 31.448041 ], [ 120.662573, 31.448015 ], [ 120.662566, 31.447988 ], [ 120.662558, 31.447962 ], [ 120.66255, 31.447936 ], [ 120.662542, 31.44791 ], [ 120.662534, 31.447884 ], [ 120.662526, 31.447858 ], [ 120.662518, 31.447831 ], [ 120.66251, 31.447805 ], [ 120.662502, 31.447779 ], [ 120.662494, 31.447753 ], [ 120.662486, 31.447727 ], [ 120.662478, 31.4477 ], [ 120.66247, 31.447674 ], [ 120.662462, 31.447648 ], [ 120.662454, 31.447622 ], [ 120.662446, 31.447596 ], [ 120.662438, 31.44757 ], [ 120.662429, 31.447544 ], [ 120.662421, 31.447517 ], [ 120.662413, 31.447491 ], [ 120.662405, 31.447465 ] ] ] } },
{ "type": "Feature", "properties": { "RoadId": 72, "LaneId": 9672, "maxx": 0, "minx": 0, "maxy": 0, "miny": 0, "LaneId1": 0 }, "geometry": { "type": "MultiLineString", "coordinates": [ [ [ 120.662644815925418, 31.448138995305488 ], [ 120.662628, 31.448081 ], [ 120.662621, 31.448055 ], [ 120.662613, 31.448028 ], [ 120.662605, 31.448002 ], [ 120.662597, 31.447976 ], [ 120.662589, 31.44795 ], [ 120.662581, 31.447924 ], [ 120.662573, 31.447898 ], [ 120.662565, 31.447871 ], [ 120.662557, 31.447845 ], [ 120.662549, 31.447819 ], [ 120.662541, 31.447793 ], [ 120.662533, 31.447767 ], [ 120.662525, 31.44774 ], [ 120.662517, 31.447714 ], [ 120.662509, 31.447688 ], [ 120.662501, 31.447662 ], [ 120.662493, 31.447636 ], [ 120.662485, 31.44761 ], [ 120.662477, 31.447583 ], [ 120.662469, 31.447557 ], [ 120.662461, 31.447531 ], [ 120.662453, 31.447505 ], [ 120.662446, 31.447479 ], [ 120.662437, 31.447453 ] ] ] } },
{ "type": "Feature", "properties": { "RoadId": 74, "LaneId": 9659, "maxx": 0, "minx": 0, "maxy": 0, "miny": 0, "LaneId1": 0 }, "geometry": { "type": "MultiLineString", "coordinates": [ [ [ 120.662007578119542, 31.445940282974284 ], [ 120.661961799775213, 31.445777172212743 ], [ 120.661954, 31.445751 ], [ 120.661946, 31.445725 ], [ 120.661938, 31.445699 ], [ 120.66193, 31.445673 ], [ 120.661922, 31.445647 ], [ 120.661914, 31.44562 ], [ 120.661906, 31.445594 ], [ 120.661898, 31.445568 ] ] ] } },
{ "type": "Feature", "properties": { "RoadId": 74, "LaneId": 9661, "maxx": 0, "minx": 0, "maxy": 0, "miny": 0, "LaneId1": 0 }, "geometry": { "type": "MultiLineString", "coordinates": [ [ [ 120.66194074011058, 31.445958171492506 ], [ 120.661898539469888, 31.445816770887163 ], [ 120.661891, 31.44579 ], [ 120.661883, 31.445764 ], [ 120.661875, 31.445738 ], [ 120.661867, 31.445712 ], [ 120.66186, 31.445686 ], [ 120.661851, 31.44566 ], [ 120.661844, 31.445633 ], [ 120.661836, 31.445607 ], [ 120.661828, 31.445581 ] ] ] } },
{ "type": "Feature", "properties": { "RoadId": 74, "LaneId": 9672, "maxx": 0, "minx": 0, "maxy": 0, "miny": 0, "LaneId1": 0 }, "geometry": { "type": "MultiLineString", "coordinates": [ [ [ 120.661971882394568, 31.445946218709881 ], [ 120.661930901425563, 31.445803923678618 ], [ 120.661924, 31.445778 ], [ 120.661916, 31.445752 ], [ 120.661908, 31.445726 ], [ 120.6619, 31.445699 ], [ 120.661892, 31.445673 ], [ 120.661884, 31.445647 ], [ 120.661875, 31.445621 ], [ 120.661868, 31.445595 ], [ 120.661859, 31.445569 ] ] ] } },
{ "type": "Feature", "properties": { "RoadId": 75, "LaneId": 9661, "maxx": 0, "minx": 0, "maxy": 0, "miny": 0, "LaneId1": 0 }, "geometry": { "type": "MultiLineString", "coordinates": [ [ [ 120.661772588039369, 31.445415498899038 ], [ 120.661730387398677, 31.445274098293694 ], [ 120.661722847928786, 31.445247327406531 ], [ 120.661714847928792, 31.445221327406532 ], [ 120.661706847928784, 31.44519532740653 ], [ 120.66169884792879, 31.445169327406532 ], [ 120.661691847928793, 31.44514332740653 ], [ 120.661682847928788, 31.445117327406532 ], [ 120.661675847928791, 31.445090327406533 ], [ 120.661667847928783, 31.445064327406531 ], [ 120.661659847928789, 31.445038327406532 ] ] ] } },
{ "type": "Feature", "properties": { "RoadId": 75, "LaneId": 9661, "maxx": 0, "minx": 0, "maxy": 0, "miny": 0, "LaneId1": 0 }, "geometry": { "type": "MultiLineString", "coordinates": [ [ [ 120.661809259501695, 31.445408993983321 ], [ 120.661767058861003, 31.445267593377977 ], [ 120.661759519391111, 31.445240822490813 ], [ 120.661751519391117, 31.445214822490815 ], [ 120.661743519391109, 31.445188822490813 ], [ 120.661735519391115, 31.445162822490815 ], [ 120.661728519391119, 31.445136822490813 ], [ 120.661719519391113, 31.445110822490815 ], [ 120.661712519391116, 31.445083822490815 ], [ 120.661704519391108, 31.445057822490813 ], [ 120.661696519391114, 31.445031822490815 ] ] ] } },
{ "type": "Feature", "properties": { "RoadId": 75, "LaneId": 9661, "maxx": 0, "minx": 0, "maxy": 0, "miny": 0, "LaneId1": 0 }, "geometry": { "type": "MultiLineString", "coordinates": [ [ [ 120.661843491620644, 31.445402489067607 ], [ 120.661801290979952, 31.445261088462264 ], [ 120.661793751510061, 31.4452343175751 ], [ 120.661785751510067, 31.445208317575101 ], [ 120.661777751510058, 31.4451823175751 ], [ 120.661769751510064, 31.445156317575101 ], [ 120.661762751510068, 31.445130317575099 ], [ 120.661753751510062, 31.445104317575101 ], [ 120.661746751510066, 31.445077317575102 ], [ 120.661738751510057, 31.4450513175751 ], [ 120.661730751510063, 31.445025317575102 ] ] ] } },
{ "type": "Feature", "properties": { "RoadId": 78, "LaneId": 9906, "maxx": 0, "minx": 0, "maxy": 0, "miny": 0, "LaneId1": 0 }, "geometry": { "type": "MultiLineString", "coordinates": [ [ [ 120.660898, 31.4423 ], [ 120.66089, 31.442273 ], [ 120.660882, 31.442247 ], [ 120.660874, 31.442221 ], [ 120.660866, 31.442195 ], [ 120.660857, 31.442169 ], [ 120.660849, 31.442143 ], [ 120.660841, 31.442117 ], [ 120.660834, 31.44209 ], [ 120.660826, 31.442064 ], [ 120.660818, 31.442038 ] ] ] } },
{ "type": "Feature", "properties": { "RoadId": 78, "LaneId": 9913, "maxx": 0, "minx": 0, "maxy": 0, "miny": 0, "LaneId1": 0 }, "geometry": { "type": "MultiLineString", "coordinates": [ [ [ 120.660863, 31.442316 ], [ 120.660855, 31.44229 ], [ 120.660847, 31.442264 ], [ 120.660839, 31.442238 ], [ 120.660831, 31.442211 ], [ 120.660823, 31.442185 ], [ 120.660815, 31.442159 ], [ 120.660807, 31.442133 ], [ 120.660799, 31.442107 ], [ 120.660791, 31.442081 ], [ 120.660783, 31.442054 ] ] ] } },
{ "type": "Feature", "properties": { "RoadId": 78, "LaneId": 9916, "maxx": 0, "minx": 0, "maxy": 0, "miny": 0, "LaneId1": 0 }, "geometry": { "type": "MultiLineString", "coordinates": [ [ [ 120.660822, 31.442304 ], [ 120.660814, 31.442278 ], [ 120.660806, 31.442252 ], [ 120.660798, 31.442226 ], [ 120.66079, 31.442199 ], [ 120.660782, 31.442173 ], [ 120.660774, 31.442147 ], [ 120.660766, 31.442121 ], [ 120.660758, 31.442095 ], [ 120.66075, 31.442069 ] ] ] } },
{ "type": "Feature", "properties": { "RoadId": 79, "LaneId": 10465, "maxx": 0, "minx": 0, "maxy": 0, "miny": 0, "LaneId1": 0 }, "geometry": { "type": "MultiLineString", "coordinates": [ [ [ 120.660545435689684, 31.441488237347919 ], [ 120.660474951474711, 31.441289764589179 ], [ 120.660466951474717, 31.441263764589181 ], [ 120.660458951474709, 31.441237764589179 ], [ 120.660451951474712, 31.441210764589179 ], [ 120.660443951474718, 31.441184764589181 ], [ 120.660434951474713, 31.441158764589179 ], [ 120.660426951474719, 31.441132764589181 ], [ 120.660418951474711, 31.441106764589179 ], [ 120.660410951474717, 31.441080764589181 ], [ 120.660402951474708, 31.441054764589179 ], [ 120.660393951474717, 31.441028764589181 ], [ 120.66038695147472, 31.441001764589181 ], [ 120.660377951474715, 31.440975764589179 ], [ 120.660369951474721, 31.440949764589181 ], [ 120.660361951474712, 31.440923764589179 ], [ 120.660353951474718, 31.440897764589181 ], [ 120.66034595147471, 31.440871764589179 ], [ 120.660337951474716, 31.440845764589181 ], [ 120.660329951474722, 31.440818764589181 ], [ 120.660320951474716, 31.44079276458918 ], [ 120.66031395147472, 31.440766764589181 ], [ 120.660305951474712, 31.440740764589179 ], [ 120.660297951474718, 31.440714764589181 ], [ 120.660289951474709, 31.440687764589178 ], [ 120.660281951474715, 31.44066176458918 ], [ 120.660273951474721, 31.440635764589178 ] ] ] } },
{ "type": "Feature", "properties": { "RoadId": 79, "LaneId": 10469, "maxx": 0, "minx": 0, "maxy": 0, "miny": 0, "LaneId1": 0 }, "geometry": { "type": "MultiLineString", "coordinates": [ [ [ 120.660611460584178, 31.44147262555018 ], [ 120.660546162622879, 31.441266089834965 ], [ 120.660538162622885, 31.441240089834967 ], [ 120.660530162622877, 31.441214089834965 ], [ 120.660522162622883, 31.441188089834966 ], [ 120.660514162622889, 31.441162089834965 ], [ 120.66050616262288, 31.441135089834965 ], [ 120.660498162622886, 31.441109089834967 ], [ 120.660490162622878, 31.441082089834964 ], [ 120.660482162622884, 31.441057089834967 ], [ 120.660473162622878, 31.441031089834965 ], [ 120.660466162622882, 31.441005089834967 ], [ 120.660458162622888, 31.440978089834967 ], [ 120.66045016262288, 31.440952089834965 ], [ 120.660443162622883, 31.440926089834967 ], [ 120.660435162622889, 31.440900089834965 ], [ 120.660426162622883, 31.440874089834967 ], [ 120.660418162622889, 31.440848089834965 ], [ 120.660410162622881, 31.440821089834966 ], [ 120.660402162622887, 31.440795089834964 ], [ 120.660394162622879, 31.440769089834966 ], [ 120.660386162622885, 31.440743089834967 ], [ 120.660377162622879, 31.440717089834965 ], [ 120.660368162622888, 31.440691089834967 ], [ 120.660359162622882, 31.440665089834965 ], [ 120.660351162622888, 31.440639089834967 ] ] ] } },
{ "type": "Feature", "properties": { "RoadId": 82, "LaneId": 11451, "maxx": 0, "minx": 0, "maxy": 0, "miny": 0, "LaneId1": 0 }, "geometry": { "type": "MultiLineString", "coordinates": [ [ [ 120.658741, 31.435659 ], [ 120.658733, 31.435633 ], [ 120.658725, 31.435606 ], [ 120.658718, 31.43558 ], [ 120.65871, 31.435554 ], [ 120.658702, 31.435528 ], [ 120.658694, 31.435501 ], [ 120.658687, 31.435475 ], [ 120.658679, 31.435449 ], [ 120.658671, 31.435423 ], [ 120.658663, 31.435397 ], [ 120.658654, 31.435371 ], [ 120.658649, 31.435344 ], [ 120.65864, 31.435318 ], [ 120.658632, 31.435292 ], [ 120.658624, 31.435266 ], [ 120.658616, 31.435239 ], [ 120.658607, 31.435213 ], [ 120.658599, 31.435187 ], [ 120.658591, 31.435161 ], [ 120.65858596409133, 31.435144633296826 ] ] ] } },
{ "type": "Feature", "properties": { "RoadId": 82, "LaneId": 11456, "maxx": 0, "minx": 0, "maxy": 0, "miny": 0, "LaneId1": 0 }, "geometry": { "type": "MultiLineString", "coordinates": [ [ [ 120.658805, 31.435632 ], [ 120.658798, 31.435606 ], [ 120.65879, 31.43558 ], [ 120.658782, 31.435554 ], [ 120.658774, 31.435527 ], [ 120.658766, 31.435501 ], [ 120.658759, 31.435475 ], [ 120.658751, 31.435449 ], [ 120.658743, 31.435422 ], [ 120.658735, 31.435396 ], [ 120.658728, 31.43537 ], [ 120.65872, 31.435344 ], [ 120.658712, 31.435318 ], [ 120.658704, 31.435291 ], [ 120.658696, 31.435265 ], [ 120.658688, 31.435239 ], [ 120.65868, 31.435213 ], [ 120.658672, 31.435187 ], [ 120.658664, 31.435161 ], [ 120.658655, 31.435134 ], [ 120.658652846623028, 31.435127001524847 ] ] ] } },
{ "type": "Feature", "properties": { "RoadId": 82, "LaneId": 11517, "maxx": 0, "minx": 0, "maxy": 0, "miny": 0, "LaneId1": 0 }, "geometry": { "type": "MultiLineString", "coordinates": [ [ [ 120.658769, 31.435634 ], [ 120.658762, 31.435607 ], [ 120.658754, 31.435581 ], [ 120.658746, 31.435555 ], [ 120.658738, 31.435529 ], [ 120.65873, 31.435503 ], [ 120.658723, 31.435476 ], [ 120.658715, 31.43545 ], [ 120.658707, 31.435424 ], [ 120.658699, 31.435398 ], [ 120.658691, 31.435371 ], [ 120.658684, 31.435345 ], [ 120.658676, 31.435319 ], [ 120.658668, 31.435293 ], [ 120.65866, 31.435267 ], [ 120.658652, 31.43524 ], [ 120.658644, 31.435214 ], [ 120.658636, 31.435188 ], [ 120.658628, 31.435162 ], [ 120.65862, 31.435136 ], [ 120.658619903418582, 31.435135686110407 ] ] ] } },
{ "type": "Feature", "properties": { "RoadId": 82, "LaneId": 11837, "maxx": 0, "minx": 0, "maxy": 0, "miny": 0, "LaneId1": 0 }, "geometry": { "type": "MultiLineString", "coordinates": [ [ [ 120.658841, 31.435634 ], [ 120.658833, 31.435608 ], [ 120.658825, 31.435582 ], [ 120.658817, 31.435556 ], [ 120.65881, 31.43553 ], [ 120.658802, 31.435503 ], [ 120.658794, 31.435477 ], [ 120.658786, 31.435451 ], [ 120.658778, 31.435425 ], [ 120.65877, 31.435399 ], [ 120.658763, 31.435372 ], [ 120.658755, 31.435346 ], [ 120.658746, 31.43532 ], [ 120.658738, 31.435294 ], [ 120.65873, 31.435268 ], [ 120.658723, 31.435241 ], [ 120.658715, 31.435215 ], [ 120.658707, 31.435189 ], [ 120.658699, 31.435163 ], [ 120.658691, 31.435137 ], [ 120.658685487864773, 31.435118396543594 ] ] ] } },
{ "type": "Feature", "properties": { "RoadId": 84, "LaneId": 11852, "maxx": 0, "minx": 0, "maxy": 0, "miny": 0, "LaneId1": 0 }, "geometry": { "type": "MultiLineString", "coordinates": [ [ [ 120.658519, 31.43461 ], [ 120.65851, 31.434584 ], [ 120.658502, 31.434558 ], [ 120.658493, 31.434532 ], [ 120.658485, 31.434506 ], [ 120.658476, 31.43448 ], [ 120.658467, 31.434454 ], [ 120.658458, 31.434428 ], [ 120.658449, 31.434402 ], [ 120.658441, 31.434376 ], [ 120.658431, 31.434351 ], [ 120.658423, 31.434325 ], [ 120.658414, 31.434299 ], [ 120.658404, 31.434273 ], [ 120.658396, 31.434247 ], [ 120.658386, 31.434221 ], [ 120.658377, 31.434195 ], [ 120.658368, 31.434169 ], [ 120.658359, 31.434143 ], [ 120.65835, 31.434117 ], [ 120.658341, 31.434091 ], [ 120.658332, 31.434065 ], [ 120.658323, 31.43404 ], [ 120.658314, 31.434014 ], [ 120.658304, 31.433988 ], [ 120.658295, 31.433962 ] ] ] } },
{ "type": "Feature", "properties": { "RoadId": 84, "LaneId": 11853, "maxx": 0, "minx": 0, "maxy": 0, "miny": 0, "LaneId1": 0 }, "geometry": { "type": "MultiLineString", "coordinates": [ [ [ 120.658426, 31.434648 ], [ 120.658417, 31.434622 ], [ 120.658408, 31.434596 ], [ 120.658399, 31.43457 ], [ 120.65839, 31.434544 ], [ 120.658382, 31.434518 ], [ 120.658373, 31.434492 ], [ 120.658364, 31.434466 ], [ 120.658355, 31.43444 ], [ 120.658346, 31.434414 ], [ 120.658337, 31.434388 ], [ 120.658329, 31.434362 ], [ 120.65832, 31.434336 ], [ 120.658311, 31.434311 ], [ 120.658302, 31.434285 ], [ 120.658293, 31.434259 ], [ 120.658283, 31.434233 ], [ 120.658274, 31.434207 ], [ 120.658265, 31.434181 ], [ 120.658256, 31.434155 ], [ 120.658247, 31.434129 ], [ 120.658237, 31.434103 ], [ 120.658228, 31.434078 ], [ 120.658219, 31.434052 ], [ 120.65821, 31.434026 ], [ 120.658201, 31.434 ], [ 120.658191, 31.433974 ] ] ] } },
{ "type": "Feature", "properties": { "RoadId": 84, "LaneId": 11857, "maxx": 0, "minx": 0, "maxy": 0, "miny": 0, "LaneId1": 0 }, "geometry": { "type": "MultiLineString", "coordinates": [ [ [ 120.65846, 31.434642 ], [ 120.658451, 31.434616 ], [ 120.658442, 31.43459 ], [ 120.658433, 31.434564 ], [ 120.658425, 31.434538 ], [ 120.658416, 31.434512 ], [ 120.658407, 31.434486 ], [ 120.658398, 31.43446 ], [ 120.658389, 31.434434 ], [ 120.65838, 31.434408 ], [ 120.658371, 31.434382 ], [ 120.658362, 31.434357 ], [ 120.658354, 31.434331 ], [ 120.658345, 31.434305 ], [ 120.658336, 31.434279 ], [ 120.658327, 31.434253 ], [ 120.658318, 31.434227 ], [ 120.658308, 31.434201 ], [ 120.658299, 31.434175 ], [ 120.65829, 31.434149 ], [ 120.658281, 31.434123 ], [ 120.658272, 31.434097 ], [ 120.658263, 31.434071 ], [ 120.658253, 31.434046 ], [ 120.658244, 31.43402 ], [ 120.658235, 31.433994 ], [ 120.658226, 31.433968 ] ] ] } },
{ "type": "Feature", "properties": { "RoadId": 84, "LaneId": 11859, "maxx": 0, "minx": 0, "maxy": 0, "miny": 0, "LaneId1": 0 }, "geometry": { "type": "MultiLineString", "coordinates": [ [ [ 120.658491, 31.434629 ], [ 120.658483, 31.434603 ], [ 120.658474, 31.434577 ], [ 120.658465, 31.434551 ], [ 120.658457, 31.434525 ], [ 120.658448, 31.434499 ], [ 120.658439, 31.434473 ], [ 120.65843, 31.434447 ], [ 120.658421, 31.434421 ], [ 120.658412, 31.434395 ], [ 120.658404, 31.434369 ], [ 120.658395, 31.434343 ], [ 120.658386, 31.434317 ], [ 120.658377, 31.434291 ], [ 120.658368, 31.434266 ], [ 120.658359, 31.43424 ], [ 120.65835, 31.434214 ], [ 120.658341, 31.434188 ], [ 120.658331, 31.434162 ], [ 120.658322, 31.434136 ], [ 120.658313, 31.43411 ], [ 120.658304, 31.434084 ], [ 120.658295, 31.434058 ], [ 120.658286, 31.434032 ], [ 120.658276, 31.434007 ], [ 120.658267, 31.433981 ], [ 120.658258, 31.433955 ] ] ] } },
{ "type": "Feature", "properties": { "RoadId": 86, "LaneId": 11852, "maxx": 0, "minx": 0, "maxy": 0, "miny": 0, "LaneId1": 0 }, "geometry": { "type": "MultiLineString", "coordinates": [ [ [ 120.653447, 31.423976 ], [ 120.653434, 31.423952 ], [ 120.653421, 31.423927 ], [ 120.653408, 31.423902 ], [ 120.653394, 31.423878 ], [ 120.653381, 31.423853 ], [ 120.653368, 31.423829 ], [ 120.653355, 31.423804 ], [ 120.653342, 31.423779 ], [ 120.653329, 31.423755 ], [ 120.653316, 31.42373 ], [ 120.653304, 31.423705 ], [ 120.653291, 31.423681 ], [ 120.653278, 31.423656 ], [ 120.653265, 31.423631 ], [ 120.653251, 31.423607 ], [ 120.653238, 31.423582 ], [ 120.653225, 31.423558 ], [ 120.653212, 31.423533 ], [ 120.653199, 31.423508 ], [ 120.653186, 31.423484 ] ] ] } },
{ "type": "Feature", "properties": { "RoadId": 86, "LaneId": 11853, "maxx": 0, "minx": 0, "maxy": 0, "miny": 0, "LaneId1": 0 }, "geometry": { "type": "MultiLineString", "coordinates": [ [ [ 120.653349, 31.424006 ], [ 120.653336, 31.423982 ], [ 120.653323, 31.423957 ], [ 120.653309, 31.423933 ], [ 120.653297, 31.423908 ], [ 120.653284, 31.423883 ], [ 120.65327, 31.423859 ], [ 120.653257, 31.423834 ], [ 120.653244, 31.42381 ], [ 120.653231, 31.423785 ], [ 120.653217, 31.42376 ], [ 120.653204, 31.423736 ], [ 120.653192, 31.423711 ], [ 120.653179, 31.423686 ], [ 120.653166, 31.423662 ], [ 120.653153, 31.423637 ], [ 120.65314, 31.423613 ], [ 120.653127, 31.423588 ], [ 120.653113, 31.423563 ], [ 120.6531, 31.423539 ], [ 120.65309365312379, 31.423526794468842 ] ] ] } },
{ "type": "Feature", "properties": { "RoadId": 86, "LaneId": 11857, "maxx": 0, "minx": 0, "maxy": 0, "miny": 0, "LaneId1": 0 }, "geometry": { "type": "MultiLineString", "coordinates": [ [ [ 120.653388, 31.424008 ], [ 120.653375, 31.423983 ], [ 120.653362, 31.423958 ], [ 120.653349, 31.423934 ], [ 120.653335, 31.423909 ], [ 120.653322, 31.423885 ], [ 120.653309, 31.42386 ], [ 120.653296, 31.423835 ], [ 120.653283, 31.423811 ], [ 120.65327, 31.423786 ], [ 120.653257, 31.423762 ], [ 120.653244, 31.423737 ], [ 120.653231, 31.423712 ], [ 120.653218, 31.423688 ], [ 120.653205, 31.423663 ], [ 120.653192, 31.423638 ], [ 120.653179, 31.423614 ], [ 120.653166, 31.423589 ], [ 120.653152, 31.423565 ], [ 120.653139, 31.42354 ], [ 120.653126, 31.423515 ], [ 120.653124539737263, 31.423512304130323 ] ] ] } },
{ "type": "Feature", "properties": { "RoadId": 86, "LaneId": 11859, "maxx": 0, "minx": 0, "maxy": 0, "miny": 0, "LaneId1": 0 }, "geometry": { "type": "MultiLineString", "coordinates": [ [ [ 120.65342, 31.423995 ], [ 120.653407, 31.42397 ], [ 120.653394, 31.423945 ], [ 120.653381, 31.423921 ], [ 120.653368, 31.423896 ], [ 120.653354, 31.423872 ], [ 120.653341, 31.423847 ], [ 120.653328, 31.423822 ], [ 120.653315, 31.423798 ], [ 120.653302, 31.423773 ], [ 120.653289, 31.423748 ], [ 120.653276, 31.423724 ], [ 120.653263, 31.423699 ], [ 120.65325, 31.423675 ], [ 120.653237, 31.42365 ], [ 120.653224, 31.423625 ], [ 120.653211, 31.423601 ], [ 120.653197, 31.423576 ], [ 120.653184, 31.423552 ], [ 120.653171, 31.423527 ], [ 120.653158, 31.423502 ], [ 120.65315567044189, 31.423497699277338 ] ] ] } },
{ "type": "Feature", "properties": { "RoadId": 88, "LaneId": 13034, "maxx": 0, "minx": 0, "maxy": 0, "miny": 0, "LaneId1": 0 }, "geometry": { "type": "MultiLineString", "coordinates": [ [ [ 120.652872, 31.423106 ], [ 120.65286, 31.423081 ], [ 120.652847, 31.423056 ], [ 120.652834, 31.423032 ], [ 120.65282, 31.423007 ], [ 120.652807, 31.422983 ], [ 120.652793, 31.422958 ], [ 120.65278, 31.422934 ], [ 120.652766, 31.422909 ], [ 120.652753, 31.422885 ], [ 120.652739, 31.422861 ], [ 120.652727, 31.422836 ], [ 120.652713, 31.422811 ], [ 120.6527, 31.422787 ], [ 120.652687, 31.422762 ], [ 120.652674, 31.422738 ], [ 120.652661, 31.422713 ], [ 120.652648, 31.422688 ], [ 120.652634, 31.422664 ], [ 120.652622, 31.422639 ], [ 120.652608, 31.422615 ], [ 120.652594, 31.42259 ], [ 120.652581, 31.422566 ], [ 120.652568, 31.422541 ], [ 120.652554, 31.422517 ], [ 120.652541, 31.422492 ] ] ] } },
{ "type": "Feature", "properties": { "RoadId": 88, "LaneId": 13037, "maxx": 0, "minx": 0, "maxy": 0, "miny": 0, "LaneId1": 0 }, "geometry": { "type": "MultiLineString", "coordinates": [ [ [ 120.652901766828194, 31.423092723375134 ], [ 120.65289, 31.423071 ], [ 120.652877, 31.423046 ], [ 120.652864, 31.423021 ], [ 120.652851, 31.422997 ], [ 120.652837, 31.422972 ], [ 120.652824, 31.422948 ], [ 120.652811, 31.422923 ], [ 120.652798, 31.422898 ], [ 120.652785, 31.422874 ], [ 120.652772, 31.422849 ], [ 120.652758, 31.422825 ], [ 120.652745, 31.4228 ], [ 120.652732, 31.422775 ], [ 120.652719, 31.422751 ], [ 120.652706, 31.422726 ], [ 120.652693, 31.422702 ], [ 120.65268, 31.422677 ], [ 120.652667, 31.422652 ], [ 120.652653, 31.422628 ], [ 120.65264, 31.422603 ], [ 120.652627, 31.422579 ], [ 120.652614, 31.422554 ], [ 120.652601, 31.422529 ], [ 120.652588, 31.422505 ], [ 120.652575, 31.42248 ] ] ] } },
{ "type": "Feature", "properties": { "RoadId": 88, "LaneId": 13039, "maxx": 0, "minx": 0, "maxy": 0, "miny": 0, "LaneId1": 0 }, "geometry": { "type": "MultiLineString", "coordinates": [ [ [ 120.652931257481498, 31.423079418233645 ], [ 120.65293, 31.423077 ], [ 120.652917, 31.423053 ], [ 120.652904, 31.423028 ], [ 120.652891, 31.423003 ], [ 120.652878, 31.422979 ], [ 120.652865, 31.422954 ], [ 120.652852, 31.422929 ], [ 120.652839, 31.422905 ], [ 120.652826, 31.42288 ], [ 120.652813, 31.422855 ], [ 120.6528, 31.422831 ], [ 120.652787, 31.422806 ], [ 120.652774, 31.422781 ], [ 120.652761, 31.422757 ], [ 120.652748, 31.422732 ], [ 120.652735, 31.422708 ], [ 120.652722, 31.422683 ], [ 120.652709, 31.422658 ], [ 120.652696, 31.422634 ], [ 120.652683, 31.422609 ], [ 120.65267, 31.422584 ], [ 120.652657, 31.42256 ], [ 120.652644, 31.422535 ], [ 120.652631, 31.42251 ], [ 120.652618, 31.422486 ], [ 120.652605, 31.422461 ] ] ] } },
{ "type": "Feature", "properties": { "RoadId": 88, "LaneId": 13067, "maxx": 0, "minx": 0, "maxy": 0, "miny": 0, "LaneId1": 0 }, "geometry": { "type": "MultiLineString", "coordinates": [ [ [ 120.652959890852131, 31.423069975059832 ], [ 120.652877, 31.422906 ], [ 120.652865, 31.422881 ], [ 120.652852, 31.422857 ], [ 120.652839, 31.422832 ], [ 120.652825, 31.422808 ], [ 120.652812, 31.422783 ], [ 120.652799, 31.422758 ], [ 120.652786, 31.422734 ], [ 120.652773, 31.422709 ], [ 120.65276, 31.422684 ], [ 120.652747, 31.42266 ], [ 120.652734, 31.422635 ], [ 120.652721, 31.422611 ], [ 120.652708, 31.422586 ], [ 120.652695, 31.422561 ], [ 120.652682, 31.422537 ], [ 120.652669, 31.422512 ], [ 120.652656, 31.422487 ], [ 120.652643, 31.422462 ] ] ] } },
{ "type": "Feature", "properties": { "RoadId": 90, "LaneId": 13034, "maxx": 0, "minx": 0, "maxy": 0, "miny": 0, "LaneId1": 0 }, "geometry": { "type": "MultiLineString", "coordinates": [ [ [ 120.652475, 31.42237 ], [ 120.652461, 31.422345 ], [ 120.652448, 31.422321 ], [ 120.652435, 31.422296 ], [ 120.652422, 31.422272 ], [ 120.652408, 31.422247 ], [ 120.652395, 31.422223 ], [ 120.652382, 31.422198 ], [ 120.652369, 31.422173 ], [ 120.652356, 31.422149 ], [ 120.652342, 31.422125 ], [ 120.652329, 31.4221 ], [ 120.652317, 31.422075 ], [ 120.652303, 31.422051 ], [ 120.652291, 31.422026 ], [ 120.652277, 31.422001 ] ] ] } },
{ "type": "Feature", "properties": { "RoadId": 90, "LaneId": 13037, "maxx": 0, "minx": 0, "maxy": 0, "miny": 0, "LaneId1": 0 }, "geometry": { "type": "MultiLineString", "coordinates": [ [ [ 120.652509, 31.422357 ], [ 120.652496, 31.422333 ], [ 120.652483, 31.422308 ], [ 120.652469, 31.422283 ], [ 120.652456, 31.422259 ], [ 120.652443, 31.422234 ], [ 120.65243, 31.42221 ], [ 120.652417, 31.422185 ], [ 120.652404, 31.42216 ], [ 120.652391, 31.422136 ], [ 120.652377, 31.422111 ], [ 120.652365, 31.422087 ], [ 120.652352, 31.422062 ], [ 120.652339, 31.422037 ], [ 120.652325, 31.422013 ], [ 120.652312, 31.421988 ] ] ] } },
{ "type": "Feature", "properties": { "RoadId": 90, "LaneId": 13039, "maxx": 0, "minx": 0, "maxy": 0, "miny": 0, "LaneId1": 0 }, "geometry": { "type": "MultiLineString", "coordinates": [ [ [ 120.65254, 31.422338 ], [ 120.652526, 31.422313 ], [ 120.652513, 31.422289 ], [ 120.6525, 31.422264 ], [ 120.652487, 31.422239 ], [ 120.652474, 31.422215 ], [ 120.652461, 31.42219 ], [ 120.652448, 31.422165 ], [ 120.652435, 31.422141 ], [ 120.652422, 31.422116 ], [ 120.652408, 31.422092 ], [ 120.652395, 31.422067 ], [ 120.652382, 31.422043 ], [ 120.652369, 31.422018 ], [ 120.652356, 31.421993 ], [ 120.652343, 31.421969 ] ] ] } },
{ "type": "Feature", "properties": { "RoadId": 90, "LaneId": 13067, "maxx": 0, "minx": 0, "maxy": 0, "miny": 0, "LaneId1": 0 }, "geometry": { "type": "MultiLineString", "coordinates": [ [ [ 120.652566, 31.422315 ], [ 120.652553, 31.42229 ], [ 120.65254, 31.422265 ], [ 120.652527, 31.422241 ], [ 120.652514, 31.422216 ], [ 120.652501, 31.422191 ], [ 120.652489, 31.422167 ], [ 120.652475, 31.422142 ], [ 120.652462, 31.422117 ], [ 120.652449, 31.422093 ], [ 120.652436, 31.422068 ], [ 120.652424, 31.422043 ], [ 120.65241, 31.422019 ], [ 120.652398, 31.421994 ], [ 120.652384, 31.42197 ], [ 120.652373765935877, 31.421951724885492 ] ] ] } },
{ "type": "Feature", "properties": { "RoadId": 92, "LaneId": 13070, "maxx": 0, "minx": 0, "maxy": 0, "miny": 0, "LaneId1": 0 }, "geometry": { "type": "MultiLineString", "coordinates": [ [ [ 120.651987254605643, 31.421434874241619 ], [ 120.651979, 31.421419 ], [ 120.651967, 31.421394 ], [ 120.651955, 31.42137 ], [ 120.651942, 31.421345 ], [ 120.65193, 31.42132 ], [ 120.651918, 31.421295 ], [ 120.651905, 31.42127 ], [ 120.651893, 31.421245 ], [ 120.651881, 31.42122 ], [ 120.651868, 31.421195 ], [ 120.651856, 31.42117 ], [ 120.651843, 31.421146 ], [ 120.65183, 31.421121 ], [ 120.651818, 31.421096 ], [ 120.651805, 31.421071 ], [ 120.651792, 31.421047 ], [ 120.65178, 31.421022 ], [ 120.651767, 31.420997 ], [ 120.651755, 31.420972 ], [ 120.65174383388991, 31.420950526711376 ] ] ] } },
{ "type": "Feature", "properties": { "RoadId": 92, "LaneId": 13071, "maxx": 0, "minx": 0, "maxy": 0, "miny": 0, "LaneId1": 0 }, "geometry": { "type": "MultiLineString", "coordinates": [ [ [ 120.652078229268611, 31.421397056285791 ], [ 120.652073, 31.421387 ], [ 120.652061, 31.421363 ], [ 120.652048, 31.421338 ], [ 120.652035, 31.421313 ], [ 120.652022, 31.421288 ], [ 120.652009, 31.421264 ], [ 120.651997, 31.421239 ], [ 120.651984, 31.421214 ], [ 120.651972, 31.421189 ], [ 120.65196, 31.421164 ], [ 120.651947, 31.42114 ], [ 120.651934, 31.421115 ], [ 120.651922, 31.42109 ], [ 120.65191, 31.421065 ], [ 120.651898, 31.42104 ], [ 120.651885, 31.421015 ], [ 120.651873, 31.42099 ], [ 120.65186, 31.420965 ], [ 120.651848, 31.420941 ], [ 120.651835, 31.420916 ], [ 120.651831208765287, 31.420908709164014 ] ] ] } },
{ "type": "Feature", "properties": { "RoadId": 92, "LaneId": 13073, "maxx": 0, "minx": 0, "maxy": 0, "miny": 0, "LaneId1": 0 }, "geometry": { "type": "MultiLineString", "coordinates": [ [ [ 120.652018170780607, 31.421422022459588 ], [ 120.65201, 31.421405 ], [ 120.651997, 31.42138 ], [ 120.651985, 31.421355 ], [ 120.651972, 31.42133 ], [ 120.65196, 31.421305 ], [ 120.651947, 31.421281 ], [ 120.651935, 31.421256 ], [ 120.651922, 31.421231 ], [ 120.65191, 31.421206 ], [ 120.651897, 31.421181 ], [ 120.651885, 31.421156 ], [ 120.651872, 31.421132 ], [ 120.65186, 31.421107 ], [ 120.651847, 31.421082 ], [ 120.651834, 31.421057 ], [ 120.651821, 31.421032 ], [ 120.651809, 31.421008 ], [ 120.651796, 31.420983 ], [ 120.651784, 31.420958 ], [ 120.651772884114237, 31.420936623296623 ] ] ] } },
{ "type": "Feature", "properties": { "RoadId": 92, "LaneId": 13075, "maxx": 0, "minx": 0, "maxy": 0, "miny": 0, "LaneId1": 0 }, "geometry": { "type": "MultiLineString", "coordinates": [ [ [ 120.652049877800977, 31.421408841924954 ], [ 120.652038, 31.421386 ], [ 120.652025, 31.421361 ], [ 120.652013, 31.421337 ], [ 120.652, 31.421312 ], [ 120.651987, 31.421287 ], [ 120.651975, 31.421262 ], [ 120.651962, 31.421238 ], [ 120.651949, 31.421213 ], [ 120.651937, 31.421188 ], [ 120.651924, 31.421163 ], [ 120.651912, 31.421138 ], [ 120.651899, 31.421113 ], [ 120.651887, 31.421089 ], [ 120.651874, 31.421064 ], [ 120.651862, 31.421039 ], [ 120.651849, 31.421014 ], [ 120.651836, 31.420989 ], [ 120.651824, 31.420965 ], [ 120.651811, 31.42094 ], [ 120.651802561473147, 31.420922419735739 ] ] ] } },
{ "type": "Feature", "properties": { "RoadId": 93, "LaneId": 13070, "maxx": 0, "minx": 0, "maxy": 0, "miny": 0, "LaneId1": 0 }, "geometry": { "type": "MultiLineString", "coordinates": [ [ [ 120.651438, 31.420353 ] ] ] } },
{ "type": "Feature", "properties": { "RoadId": 93, "LaneId": 13071, "maxx": 0, "minx": 0, "maxy": 0, "miny": 0, "LaneId1": 0 }, "geometry": { "type": "MultiLineString", "coordinates": [ [ [ 120.651534, 31.42032 ] ] ] } },
{ "type": "Feature", "properties": { "RoadId": 93, "LaneId": 13073, "maxx": 0, "minx": 0, "maxy": 0, "miny": 0, "LaneId1": 0 }, "geometry": { "type": "MultiLineString", "coordinates": [ [ [ 120.651468, 31.420338 ] ] ] } },
{ "type": "Feature", "properties": { "RoadId": 93, "LaneId": 13075, "maxx": 0, "minx": 0, "maxy": 0, "miny": 0, "LaneId1": 0 }, "geometry": { "type": "MultiLineString", "coordinates": [ [ [ 120.651497, 31.420319 ] ] ] } },
{ "type": "Feature", "properties": { "RoadId": 93, "LaneId": 13145, "maxx": 0, "minx": 0, "maxy": 0, "miny": 0, "LaneId1": 0 }, "geometry": { "type": "MultiLineString", "coordinates": [ [ [ 120.651515, 31.420277 ] ] ] } },
{ "type": "Feature", "properties": { "RoadId": 95, "LaneId": 13145, "maxx": 0, "minx": 0, "maxy": 0, "miny": 0, "LaneId1": 0 }, "geometry": { "type": "MultiLineString", "coordinates": [ [ [ 120.651310516010852, 31.41986612907229 ], [ 120.651297516010857, 31.419841129072289 ], [ 120.651285516010859, 31.419816129072288 ], [ 120.651272516010849, 31.419791129072291 ], [ 120.651260516010851, 31.41976612907229 ], [ 120.651247516010855, 31.41974212907229 ], [ 120.651234516010859, 31.419717129072289 ], [ 120.65122151601085, 31.419692129072288 ], [ 120.651208516010854, 31.419667129072291 ], [ 120.651196516010856, 31.419643129072288 ], [ 120.65118351601086, 31.41961812907229 ], [ 120.651171516010848, 31.41959312907229 ], [ 120.651158516010852, 31.419568129072289 ], [ 120.651145516010857, 31.419543129072288 ], [ 120.651133516010859, 31.419519129072288 ], [ 120.651121516010861, 31.419494129072291 ], [ 120.651107516010853, 31.41946912907229 ], [ 120.651095516010855, 31.419444129072289 ], [ 120.65108251601086, 31.419420129072289 ], [ 120.651070516010861, 31.419395129072289 ], [ 120.651057516010852, 31.419370129072288 ], [ 120.651044516010856, 31.41934512907229 ], [ 120.651032516010858, 31.41932012907229 ], [ 120.651019516010848, 31.41929612907229 ], [ 120.65100751601085, 31.419271129072289 ], [ 120.650994516010854, 31.419246129072288 ] ] ] } },
{ "type": "Feature", "properties": { "RoadId": 95, "LaneId": 13156, "maxx": 0, "minx": 0, "maxy": 0, "miny": 0, "LaneId1": 0 }, "geometry": { "type": "MultiLineString", "coordinates": [ [ [ 120.651283516010849, 31.419895129072291 ], [ 120.651270516010854, 31.41987012907229 ], [ 120.651257516010858, 31.419845129072289 ], [ 120.65124551601086, 31.419820129072288 ], [ 120.651233516010848, 31.419795129072291 ], [ 120.651220516010852, 31.419771129072288 ], [ 120.651207516010857, 31.419746129072291 ], [ 120.651194516010861, 31.41972112907229 ], [ 120.651182516010849, 31.419696129072289 ], [ 120.651170516010851, 31.419671129072288 ], [ 120.651157516010855, 31.419647129072288 ], [ 120.651144516010859, 31.419622129072291 ], [ 120.65113151601085, 31.41959712907229 ], [ 120.651119516010851, 31.419572129072289 ], [ 120.651106516010856, 31.41954812907229 ], [ 120.65109351601086, 31.419523129072289 ], [ 120.651081516010848, 31.419498129072288 ], [ 120.651068516010852, 31.419473129072291 ], [ 120.651056516010854, 31.41944812907229 ], [ 120.651043516010859, 31.41942412907229 ], [ 120.651030516010849, 31.419399129072289 ], [ 120.651018516010851, 31.419374129072288 ], [ 120.651005516010855, 31.419349129072291 ], [ 120.650992516010859, 31.41932412907229 ], [ 120.650980516010861, 31.41930012907229 ], [ 120.650967516010851, 31.41927512907229 ], [ 120.650955516010853, 31.419250129072289 ] ] ] } },
{ "type": "Feature", "properties": { "RoadId": 95, "LaneId": 13158, "maxx": 0, "minx": 0, "maxy": 0, "miny": 0, "LaneId1": 0 }, "geometry": { "type": "MultiLineString", "coordinates": [ [ [ 120.651250516010847, 31.419907129072289 ], [ 120.651237516010852, 31.419882129072288 ], [ 120.651224516010856, 31.419858129072288 ], [ 120.651212516010858, 31.419833129072291 ], [ 120.651199516010848, 31.41980812907229 ], [ 120.65118751601085, 31.41978312907229 ], [ 120.651174516010855, 31.419758129072289 ], [ 120.651162516010857, 31.419733129072288 ], [ 120.651149516010861, 31.419709129072288 ], [ 120.651137516010849, 31.419684129072291 ], [ 120.651124516010853, 31.41965912907229 ], [ 120.651111516010857, 31.419634129072289 ], [ 120.651099516010859, 31.419609129072288 ], [ 120.651086516010849, 31.419585129072289 ], [ 120.651073516010854, 31.419560129072291 ], [ 120.651061516010856, 31.41953512907229 ], [ 120.65104851601086, 31.41951012907229 ], [ 120.651036516010848, 31.419485129072289 ], [ 120.651023516010852, 31.419461129072289 ], [ 120.651011516010854, 31.419436129072288 ], [ 120.650998516010858, 31.419411129072291 ], [ 120.65098651601086, 31.41938612907229 ], [ 120.650973516010851, 31.419361129072289 ], [ 120.650960516010855, 31.419336129072288 ], [ 120.650948516010857, 31.419312129072289 ], [ 120.650935516010861, 31.419287129072288 ], [ 120.650923516010849, 31.41926212907229 ] ] ] } },
{ "type": "Feature", "properties": { "RoadId": 95, "LaneId": 13160, "maxx": 0, "minx": 0, "maxy": 0, "miny": 0, "LaneId1": 0 }, "geometry": { "type": "MultiLineString", "coordinates": [ [ [ 120.651216516010848, 31.41991512907229 ], [ 120.651203516010852, 31.419890129072289 ], [ 120.651190516010857, 31.41986612907229 ], [ 120.651178516010859, 31.419841129072289 ], [ 120.651166516010861, 31.419816129072288 ], [ 120.651153516010851, 31.419791129072291 ], [ 120.651140516010855, 31.41976612907229 ], [ 120.651128516010857, 31.419741129072289 ], [ 120.651115516010861, 31.419716129072288 ], [ 120.651102516010852, 31.419692129072288 ], [ 120.651088516010859, 31.419668129072289 ], [ 120.651075516010849, 31.419643129072288 ], [ 120.651062516010853, 31.41961812907229 ], [ 120.651050516010855, 31.41959312907229 ], [ 120.651038516010857, 31.419568129072289 ], [ 120.651027516010856, 31.419543129072288 ], [ 120.651014516010861, 31.419518129072291 ], [ 120.651002516010848, 31.41949312907229 ], [ 120.65099051601085, 31.419468129072289 ], [ 120.650978516010852, 31.419443129072288 ], [ 120.650966516010854, 31.419418129072291 ], [ 120.650953516010858, 31.419394129072291 ], [ 120.65094151601086, 31.41936912907229 ], [ 120.650929516010848, 31.419344129072289 ], [ 120.65091751601085, 31.419319129072289 ], [ 120.650904516010854, 31.419294129072288 ], [ 120.650892516010856, 31.419269129072291 ] ] ] } },
{ "type": "Feature", "properties": { "RoadId": 97, "LaneId": 13156, "maxx": 0, "minx": 0, "maxy": 0, "miny": 0, "LaneId1": 0 }, "geometry": { "type": "MultiLineString", "coordinates": [ [ [ 120.649883, 31.417136 ], [ 120.64987, 31.417111 ], [ 120.649857, 31.417087 ], [ 120.649845, 31.417062 ], [ 120.649832, 31.417037 ], [ 120.64982, 31.417012 ], [ 120.649807, 31.416987 ], [ 120.649795, 31.416963 ], [ 120.649782, 31.416938 ], [ 120.64977, 31.416913 ], [ 120.649756, 31.416889 ], [ 120.649744, 31.416864 ], [ 120.649732, 31.416839 ], [ 120.649719, 31.416814 ], [ 120.649707691984943, 31.416790441635278 ] ] ] } },
{ "type": "Feature", "properties": { "RoadId": 97, "LaneId": 13158, "maxx": 0, "minx": 0, "maxy": 0, "miny": 0, "LaneId1": 0 }, "geometry": { "type": "MultiLineString", "coordinates": [ [ [ 120.649851, 31.417148 ], [ 120.649839, 31.417123 ], [ 120.649826, 31.417099 ], [ 120.649814, 31.417074 ], [ 120.649801, 31.417049 ], [ 120.649788, 31.417024 ], [ 120.649776, 31.416999 ], [ 120.649764, 31.416974 ], [ 120.649751, 31.41695 ], [ 120.649738, 31.416925 ], [ 120.649725, 31.4169 ], [ 120.649713, 31.416875 ], [ 120.6497, 31.416851 ], [ 120.649688, 31.416826 ], [ 120.649677407722535, 31.416803932755286 ] ] ] } },
{ "type": "Feature", "properties": { "RoadId": 97, "LaneId": 13160, "maxx": 0, "minx": 0, "maxy": 0, "miny": 0, "LaneId1": 0 }, "geometry": { "type": "MultiLineString", "coordinates": [ [ [ 120.649813, 31.417149 ], [ 120.6498, 31.417124 ], [ 120.649788, 31.4171 ], [ 120.649775, 31.417075 ], [ 120.649762, 31.41705 ], [ 120.64975, 31.417025 ], [ 120.649737, 31.417 ], [ 120.649725, 31.416976 ], [ 120.649712, 31.416951 ], [ 120.6497, 31.416926 ], [ 120.649687, 31.416901 ], [ 120.649675, 31.416876 ], [ 120.649662, 31.416851 ], [ 120.649645961541395, 31.416818751058361 ] ] ] } },
{ "type": "Feature", "properties": { "RoadId": 97, "LaneId": 13494, "maxx": 0, "minx": 0, "maxy": 0, "miny": 0, "LaneId1": 0 }, "geometry": { "type": "MultiLineString", "coordinates": [ [ [ 120.649784, 31.417166 ], [ 120.649771, 31.417141 ], [ 120.649759, 31.417116 ], [ 120.649746, 31.417092 ], [ 120.649733, 31.417067 ], [ 120.649721, 31.417042 ], [ 120.649708, 31.417017 ], [ 120.649696, 31.416992 ], [ 120.649683, 31.416967 ], [ 120.649671, 31.416943 ], [ 120.649657, 31.416918 ], [ 120.649645, 31.416893 ], [ 120.649632, 31.416869 ], [ 120.649614250077278, 31.416835013347647 ] ] ] } },
{ "type": "Feature", "properties": { "RoadId": 99, "LaneId": 14124, "maxx": 0, "minx": 0, "maxy": 0, "miny": 0, "LaneId1": 0 }, "geometry": { "type": "MultiLineString", "coordinates": [ [ [ 120.649383663699282, 31.416234382706829 ], [ 120.649383, 31.416233 ], [ 120.649371, 31.416208 ], [ 120.649359, 31.416183 ], [ 120.649346, 31.416158 ], [ 120.649334, 31.416133 ], [ 120.649322, 31.416108 ], [ 120.649309, 31.416083 ], [ 120.649297, 31.416058 ], [ 120.649284, 31.416034 ], [ 120.649272, 31.416009 ], [ 120.649259, 31.415984 ], [ 120.649246, 31.415959 ], [ 120.649233, 31.415935 ], [ 120.649221, 31.41591 ], [ 120.649208, 31.415885 ], [ 120.649196, 31.41586 ], [ 120.649183, 31.415835 ], [ 120.649171, 31.415811 ], [ 120.649158, 31.415786 ], [ 120.649145, 31.415761 ], [ 120.649133, 31.415736 ], [ 120.64912, 31.415711 ], [ 120.649107, 31.415687 ], [ 120.649095, 31.415662 ], [ 120.649082, 31.415637 ] ] ] } },
{ "type": "Feature", "properties": { "RoadId": 99, "LaneId": 14125, "maxx": 0, "minx": 0, "maxy": 0, "miny": 0, "LaneId1": 0 }, "geometry": { "type": "MultiLineString", "coordinates": [ [ [ 120.649353883163499, 31.416245852237498 ], [ 120.649342, 31.416223 ], [ 120.64933, 31.416199 ], [ 120.649318, 31.416174 ], [ 120.649305, 31.416149 ], [ 120.649293, 31.416124 ], [ 120.64928, 31.416099 ], [ 120.649268, 31.416074 ], [ 120.649255, 31.416049 ], [ 120.649243, 31.416025 ], [ 120.64923, 31.416 ], [ 120.649217, 31.415975 ], [ 120.649204, 31.41595 ], [ 120.649192, 31.415925 ], [ 120.649179, 31.415901 ], [ 120.649167, 31.415876 ], [ 120.649154, 31.415851 ], [ 120.649142, 31.415826 ], [ 120.649129, 31.415801 ], [ 120.649116, 31.415777 ], [ 120.649104, 31.415752 ], [ 120.649091, 31.415727 ], [ 120.649078, 31.415702 ], [ 120.649066, 31.415677 ], [ 120.649053, 31.415653 ] ] ] } },
{ "type": "Feature", "properties": { "RoadId": 99, "LaneId": 14126, "maxx": 0, "minx": 0, "maxy": 0, "miny": 0, "LaneId1": 0 }, "geometry": { "type": "MultiLineString", "coordinates": [ [ [ 120.649320923920087, 31.416258546000165 ], [ 120.649317, 31.416251 ], [ 120.649305, 31.416226 ], [ 120.649293, 31.416201 ], [ 120.64928, 31.416176 ], [ 120.649268, 31.416151 ], [ 120.649255, 31.416126 ], [ 120.649243, 31.416102 ], [ 120.64923, 31.416077 ], [ 120.649218, 31.416052 ], [ 120.649206, 31.416027 ], [ 120.649193, 31.416002 ], [ 120.64918, 31.415977 ], [ 120.649168, 31.415953 ], [ 120.649155, 31.415928 ], [ 120.649143, 31.415903 ], [ 120.64913, 31.415878 ], [ 120.649117, 31.415853 ], [ 120.649105, 31.415829 ], [ 120.649092, 31.415804 ], [ 120.649079, 31.415779 ], [ 120.649067, 31.415754 ], [ 120.649054, 31.415729 ], [ 120.649041, 31.415705 ], [ 120.649029, 31.41568 ], [ 120.649016, 31.415655 ] ] ] } },
{ "type": "Feature", "properties": { "RoadId": 101, "LaneId": 14124, "maxx": 0, "minx": 0, "maxy": 0, "miny": 0, "LaneId1": 0 }, "geometry": { "type": "MultiLineString", "coordinates": [ [ [ 120.64883, 31.415141 ], [ 120.648817, 31.415116 ], [ 120.648804, 31.415091 ], [ 120.648792, 31.415067 ], [ 120.648779, 31.415042 ], [ 120.648767, 31.415017 ], [ 120.648754, 31.414992 ], [ 120.648742, 31.414967 ], [ 120.648729, 31.414942 ], [ 120.648717, 31.414918 ], [ 120.648704, 31.414893 ], [ 120.648692, 31.414868 ], [ 120.648679, 31.414843 ], [ 120.648666, 31.414818 ], [ 120.648654, 31.414794 ], [ 120.648641, 31.414769 ], [ 120.648628, 31.414744 ], [ 120.648616, 31.414719 ], [ 120.648604, 31.414694 ], [ 120.648591, 31.41467 ], [ 120.648578, 31.414645 ], [ 120.648566, 31.41462 ], [ 120.648554, 31.414595 ], [ 120.648539150132621, 31.414564228583206 ] ] ] } },
{ "type": "Feature", "properties": { "RoadId": 101, "LaneId": 14125, "maxx": 0, "minx": 0, "maxy": 0, "miny": 0, "LaneId1": 0 }, "geometry": { "type": "MultiLineString", "coordinates": [ [ [ 120.648801, 31.415157 ], [ 120.648788, 31.415132 ], [ 120.648776, 31.415107 ], [ 120.648763, 31.415082 ], [ 120.64875, 31.415057 ], [ 120.648738, 31.415033 ], [ 120.648725, 31.415008 ], [ 120.648713, 31.414983 ], [ 120.6487, 31.414958 ], [ 120.648687, 31.414933 ], [ 120.648675, 31.414909 ], [ 120.648663, 31.414884 ], [ 120.64865, 31.414859 ], [ 120.648638, 31.414834 ], [ 120.648625, 31.414809 ], [ 120.648612, 31.414784 ], [ 120.6486, 31.41476 ], [ 120.648587, 31.414735 ], [ 120.648575, 31.41471 ], [ 120.648562, 31.414685 ], [ 120.64855, 31.41466 ], [ 120.648537, 31.414636 ], [ 120.648524, 31.414611 ], [ 120.648512, 31.414586 ], [ 120.64850643089035, 31.414575290173754 ] ] ] } },
{ "type": "Feature", "properties": { "RoadId": 101, "LaneId": 14126, "maxx": 0, "minx": 0, "maxy": 0, "miny": 0, "LaneId1": 0 }, "geometry": { "type": "MultiLineString", "coordinates": [ [ [ 120.648764, 31.415159 ], [ 120.648751, 31.415134 ], [ 120.648738, 31.41511 ], [ 120.648726, 31.415085 ], [ 120.648713, 31.41506 ], [ 120.648701, 31.415035 ], [ 120.648688, 31.41501 ], [ 120.648675, 31.414986 ], [ 120.648663, 31.414961 ], [ 120.64865, 31.414936 ], [ 120.648638, 31.414911 ], [ 120.648625, 31.414886 ], [ 120.648613, 31.414861 ], [ 120.6486, 31.414837 ], [ 120.648587, 31.414812 ], [ 120.648575, 31.414787 ], [ 120.648562, 31.414762 ], [ 120.64855, 31.414737 ], [ 120.648537, 31.414712 ], [ 120.648525, 31.414688 ], [ 120.648512, 31.414663 ], [ 120.6485, 31.414638 ], [ 120.648487, 31.414613 ], [ 120.648475, 31.414588 ] ] ] } },
{ "type": "Feature", "properties": { "RoadId": 103, "LaneId": 14371, "maxx": 0, "minx": 0, "maxy": 0, "miny": 0, "LaneId1": 0 }, "geometry": { "type": "MultiLineString", "coordinates": [ [ [ 120.648295968603705, 31.414459238501781 ], [ 120.648281, 31.414467 ], [ 120.648254, 31.41448 ], [ 120.648227, 31.414495 ], [ 120.6482, 31.414509 ], [ 120.648173, 31.414523 ], [ 120.648146, 31.414537 ], [ 120.648119, 31.414551 ], [ 120.648092, 31.414565 ], [ 120.648065, 31.414579 ], [ 120.648038, 31.414593 ], [ 120.648011, 31.414607 ], [ 120.647984, 31.414621 ], [ 120.647958, 31.414636 ], [ 120.647931, 31.414649 ], [ 120.647904, 31.414664 ], [ 120.647877, 31.414678 ], [ 120.64785, 31.414692 ], [ 120.647823, 31.414706 ], [ 120.647796, 31.41472 ], [ 120.647769, 31.414734 ], [ 120.647742, 31.414748 ], [ 120.647715, 31.414762 ], [ 120.647688, 31.414776 ], [ 120.647661, 31.41479 ], [ 120.647624884228989, 31.414808406856828 ] ] ] } },
{ "type": "Feature", "properties": { "RoadId": 103, "LaneId": 14372, "maxx": 0, "minx": 0, "maxy": 0, "miny": 0, "LaneId1": 0 }, "geometry": { "type": "MultiLineString", "coordinates": [ [ [ 120.648282213421155, 31.414433103654911 ], [ 120.648277, 31.414436 ], [ 120.64825, 31.414449 ], [ 120.648223, 31.414463 ], [ 120.648196, 31.414477 ], [ 120.648169, 31.414491 ], [ 120.648142, 31.414505 ], [ 120.648115, 31.414519 ], [ 120.648088, 31.414533 ], [ 120.648061, 31.414547 ], [ 120.648034, 31.414562 ], [ 120.648007, 31.414576 ], [ 120.64798, 31.41459 ], [ 120.647954, 31.414604 ], [ 120.647926, 31.414618 ], [ 120.6479, 31.414632 ], [ 120.647873, 31.414646 ], [ 120.647845, 31.41466 ], [ 120.647819, 31.414674 ], [ 120.647792, 31.414688 ], [ 120.647765, 31.414702 ], [ 120.647737, 31.414715 ], [ 120.647709, 31.414728 ], [ 120.647682, 31.414741 ], [ 120.647652855366559, 31.414755391793747 ], [ 120.647627160949483, 31.414768401625174 ], [ 120.647599677680589, 31.41478352555421 ] ] ] } },
{ "type": "Feature", "properties": { "RoadId": 103, "LaneId": 14376, "maxx": 0, "minx": 0, "maxy": 0, "miny": 0, "LaneId1": 0 }, "geometry": { "type": "MultiLineString", "coordinates": [ [ [ 120.648311, 31.414488 ], [ 120.648284, 31.414502 ], [ 120.648257, 31.414515 ], [ 120.64823, 31.414529 ], [ 120.648203, 31.414544 ], [ 120.648176, 31.414558 ], [ 120.648149, 31.414572 ], [ 120.648122, 31.414586 ], [ 120.648095, 31.4146 ], [ 120.648068, 31.414614 ], [ 120.648041, 31.414628 ], [ 120.648014, 31.414642 ], [ 120.647987, 31.414656 ], [ 120.64796, 31.41467 ], [ 120.647933, 31.414684 ], [ 120.647906, 31.414698 ], [ 120.647879, 31.414712 ], [ 120.647852, 31.414726 ], [ 120.647825, 31.41474 ], [ 120.647798, 31.414754 ], [ 120.647771, 31.414768 ], [ 120.647744, 31.414781 ], [ 120.647717, 31.414795 ], [ 120.64769, 31.414809 ], [ 120.647663, 31.414823 ], [ 120.647636, 31.414837 ] ] ] } },
{ "type": "Feature", "properties": { "RoadId": 105, "LaneId": 14371, "maxx": 0, "minx": 0, "maxy": 0, "miny": 0, "LaneId1": 0 }, "geometry": { "type": "MultiLineString", "coordinates": [ [ [ 120.647257, 31.415001 ], [ 120.64723, 31.415015 ], [ 120.647203, 31.415029 ], [ 120.647176, 31.415043 ], [ 120.647149, 31.415057 ], [ 120.647122, 31.415071 ], [ 120.647095, 31.415085 ], [ 120.647068, 31.4151 ], [ 120.647041, 31.415114 ], [ 120.647014, 31.415128 ], [ 120.646987, 31.415142 ], [ 120.64696, 31.415156 ], [ 120.646934, 31.41517 ], [ 120.646907, 31.415184 ], [ 120.64688, 31.415198 ], [ 120.646853, 31.415212 ], [ 120.646826, 31.415226 ], [ 120.646799, 31.41524 ], [ 120.646772, 31.415254 ], [ 120.646745, 31.415268 ], [ 120.64671840644418, 31.415281789251171 ] ] ] } },
{ "type": "Feature", "properties": { "RoadId": 105, "LaneId": 14372, "maxx": 0, "minx": 0, "maxy": 0, "miny": 0, "LaneId1": 0 }, "geometry": { "type": "MultiLineString", "coordinates": [ [ [ 120.647212, 31.41496 ], [ 120.647185, 31.414974 ], [ 120.647158, 31.414987 ], [ 120.647131, 31.415002 ], [ 120.647104, 31.415016 ], [ 120.647077, 31.41503 ], [ 120.64705, 31.415044 ], [ 120.647023, 31.415058 ], [ 120.646996, 31.415072 ], [ 120.646969, 31.415086 ], [ 120.646942, 31.415099 ], [ 120.646915, 31.415113 ], [ 120.646888, 31.415127 ], [ 120.646861, 31.415141 ], [ 120.646834, 31.415155 ], [ 120.646807, 31.415169 ], [ 120.64678, 31.415183 ], [ 120.646753, 31.415197 ], [ 120.646726, 31.415212 ], [ 120.646699, 31.415226 ], [ 120.646692507792096, 31.415229495804255 ] ] ] } },
{ "type": "Feature", "properties": { "RoadId": 105, "LaneId": 14376, "maxx": 0, "minx": 0, "maxy": 0, "miny": 0, "LaneId1": 0 }, "geometry": { "type": "MultiLineString", "coordinates": [ [ [ 120.647258, 31.415034 ], [ 120.647231, 31.415048 ], [ 120.647205, 31.415063 ], [ 120.647178, 31.415077 ], [ 120.647151, 31.415091 ], [ 120.647124, 31.415105 ], [ 120.647097, 31.415119 ], [ 120.64707, 31.415133 ], [ 120.647043, 31.415147 ], [ 120.647016, 31.415161 ], [ 120.64699, 31.415176 ], [ 120.646963, 31.41519 ], [ 120.646936, 31.415204 ], [ 120.646909, 31.415218 ], [ 120.646882, 31.415232 ], [ 120.646855, 31.415246 ], [ 120.646828, 31.41526 ], [ 120.646801, 31.415275 ], [ 120.646774, 31.415289 ], [ 120.646748, 31.415303 ], [ 120.646732479896556, 31.415310205762314 ] ] ] } },
{ "type": "Feature", "properties": { "RoadId": 105, "LaneId": 14488, "maxx": 0, "minx": 0, "maxy": 0, "miny": 0, "LaneId1": 0 }, "geometry": { "type": "MultiLineString", "coordinates": [ [ [ 120.647227, 31.414983 ], [ 120.6472, 31.414997 ], [ 120.647173, 31.415011 ], [ 120.647146, 31.415025 ], [ 120.647119, 31.415039 ], [ 120.647092, 31.415053 ], [ 120.647065, 31.415067 ], [ 120.647038, 31.415081 ], [ 120.647011, 31.415095 ], [ 120.646984, 31.415109 ], [ 120.646957, 31.415123 ], [ 120.64693, 31.415137 ], [ 120.646903, 31.415151 ], [ 120.646876, 31.415165 ], [ 120.646849, 31.415179 ], [ 120.646822, 31.415193 ], [ 120.646795, 31.415208 ], [ 120.646768, 31.415222 ], [ 120.646742, 31.415236 ], [ 120.646715, 31.41525 ], [ 120.646705183495001, 31.415255090039629 ] ] ] } },
{ "type": "Feature", "properties": { "RoadId": 107, "LaneId": 15094, "maxx": 0, "minx": 0, "maxy": 0, "miny": 0, "LaneId1": 0 }, "geometry": { "type": "MultiLineString", "coordinates": [ [ [ 120.646378009686799, 31.415425883866103 ], [ 120.646372, 31.415429 ], [ 120.646345, 31.415443 ], [ 120.646318, 31.415457 ], [ 120.646291, 31.415471 ], [ 120.646264, 31.415485 ], [ 120.646237, 31.415499 ], [ 120.64621, 31.415513 ], [ 120.646183, 31.415528 ], [ 120.646156, 31.415542 ], [ 120.646129, 31.415556 ], [ 120.646102, 31.41557 ], [ 120.646075, 31.415584 ], [ 120.646049, 31.415598 ], [ 120.646022, 31.415612 ], [ 120.645995, 31.415626 ], [ 120.645968, 31.41564 ], [ 120.645941, 31.415655 ], [ 120.645914, 31.415669 ], [ 120.645887, 31.415683 ], [ 120.64586, 31.415697 ], [ 120.645833, 31.415711 ], [ 120.645806, 31.415725 ], [ 120.64578, 31.415739 ], [ 120.645753, 31.415754 ], [ 120.645726, 31.415768 ] ] ] } },
{ "type": "Feature", "properties": { "RoadId": 107, "LaneId": 15095, "maxx": 0, "minx": 0, "maxy": 0, "miny": 0, "LaneId1": 0 }, "geometry": { "type": "MultiLineString", "coordinates": [ [ [ 120.646407726459898, 31.415480067761536 ], [ 120.646404, 31.415482 ], [ 120.646377, 31.415496 ], [ 120.64635, 31.41551 ], [ 120.646323, 31.415524 ], [ 120.646297, 31.415539 ], [ 120.64627, 31.415553 ], [ 120.646243, 31.415567 ], [ 120.646216, 31.415582 ], [ 120.646189, 31.415596 ], [ 120.646163, 31.41561 ], [ 120.646136, 31.415624 ], [ 120.646109, 31.415638 ], [ 120.646082, 31.415652 ], [ 120.646055, 31.415666 ], [ 120.646028, 31.41568 ], [ 120.646001, 31.415694 ], [ 120.645974, 31.415708 ], [ 120.645947, 31.415722 ], [ 120.64592, 31.415736 ], [ 120.645893, 31.41575 ], [ 120.645866, 31.415764 ], [ 120.645839, 31.415778 ], [ 120.645812, 31.415792 ], [ 120.645785, 31.415806 ], [ 120.645758, 31.415821 ] ] ] } },
{ "type": "Feature", "properties": { "RoadId": 107, "LaneId": 15096, "maxx": 0, "minx": 0, "maxy": 0, "miny": 0, "LaneId1": 0 }, "geometry": { "type": "MultiLineString", "coordinates": [ [ [ 120.646393065763434, 31.415453336270815 ], [ 120.646386, 31.415457 ], [ 120.646359, 31.415471 ], [ 120.646332, 31.415485 ], [ 120.646305, 31.415499 ], [ 120.646279, 31.415513 ], [ 120.646252, 31.415528 ], [ 120.646225, 31.415542 ], [ 120.646198, 31.415556 ], [ 120.646171, 31.41557 ], [ 120.646144, 31.415584 ], [ 120.646117, 31.415598 ], [ 120.64609, 31.415612 ], [ 120.646063, 31.415626 ], [ 120.646036, 31.41564 ], [ 120.646009, 31.415654 ], [ 120.645982, 31.415669 ], [ 120.645955, 31.415683 ], [ 120.645928, 31.415697 ], [ 120.645901, 31.415711 ], [ 120.645874, 31.415725 ], [ 120.645848, 31.415739 ], [ 120.645821, 31.415753 ], [ 120.645794, 31.415767 ], [ 120.645767, 31.415781 ], [ 120.64574, 31.415795 ] ] ] } },
{ "type": "Feature", "properties": { "RoadId": 107, "LaneId": 15097, "maxx": 0, "minx": 0, "maxy": 0, "miny": 0, "LaneId1": 0 }, "geometry": { "type": "MultiLineString", "coordinates": [ [ [ 120.646363530384676, 31.415399483119625 ], [ 120.64635, 31.415407 ], [ 120.646323, 31.415421 ], [ 120.646296, 31.415435 ], [ 120.64627, 31.415449 ], [ 120.646243, 31.415463 ], [ 120.646216, 31.415477 ], [ 120.646189, 31.415491 ], [ 120.646162, 31.415505 ], [ 120.646135, 31.415519 ], [ 120.646108, 31.415533 ], [ 120.646081, 31.415547 ], [ 120.646054, 31.415561 ], [ 120.646027, 31.415576 ], [ 120.646, 31.41559 ], [ 120.645973, 31.415604 ], [ 120.645947, 31.415619 ], [ 120.64592, 31.415633 ], [ 120.645893, 31.415647 ], [ 120.645866, 31.415661 ], [ 120.645839, 31.415675 ], [ 120.645812, 31.415689 ], [ 120.645785, 31.415703 ], [ 120.645757, 31.415715 ], [ 120.645729, 31.415729 ], [ 120.645702, 31.415741 ] ] ] } },
{ "type": "Feature", "properties": { "RoadId": 109, "LaneId": 15094, "maxx": 0, "minx": 0, "maxy": 0, "miny": 0, "LaneId1": 0 }, "geometry": { "type": "MultiLineString", "coordinates": [ [ [ 120.645295, 31.415993 ], [ 120.645268, 31.416008 ], [ 120.645241, 31.416022 ], [ 120.645214, 31.416036 ], [ 120.645187, 31.41605 ], [ 120.64516, 31.416064 ], [ 120.645133, 31.416078 ], [ 120.645106, 31.416092 ], [ 120.645079, 31.416106 ], [ 120.645053, 31.41612 ], [ 120.645026, 31.416134 ], [ 120.644999, 31.416148 ], [ 120.644972, 31.416163 ], [ 120.644945, 31.416177 ], [ 120.644918, 31.416191 ], [ 120.644891, 31.416205 ], [ 120.644864, 31.416219 ], [ 120.644837, 31.416233 ] ] ] } },
{ "type": "Feature", "properties": { "RoadId": 109, "LaneId": 15095, "maxx": 0, "minx": 0, "maxy": 0, "miny": 0, "LaneId1": 0 }, "geometry": { "type": "MultiLineString", "coordinates": [ [ [ 120.645327, 31.416046 ], [ 120.6453, 31.41606 ], [ 120.645273, 31.416074 ], [ 120.645247, 31.416088 ], [ 120.64522, 31.416103 ], [ 120.645193, 31.416117 ], [ 120.645166, 31.416131 ], [ 120.645139, 31.416145 ], [ 120.645112, 31.416159 ], [ 120.645085, 31.416173 ], [ 120.645058, 31.416187 ], [ 120.645031, 31.416201 ], [ 120.645004, 31.416215 ], [ 120.644977, 31.416229 ], [ 120.64495, 31.416243 ], [ 120.644923, 31.416257 ], [ 120.644896, 31.416271 ], [ 120.64487, 31.416286 ] ] ] } },
{ "type": "Feature", "properties": { "RoadId": 109, "LaneId": 15096, "maxx": 0, "minx": 0, "maxy": 0, "miny": 0, "LaneId1": 0 }, "geometry": { "type": "MultiLineString", "coordinates": [ [ [ 120.645309, 31.416021 ], [ 120.645282, 31.416035 ], [ 120.645255, 31.416049 ], [ 120.645228, 31.416063 ], [ 120.645201, 31.416077 ], [ 120.645175, 31.416092 ], [ 120.645148, 31.416106 ], [ 120.645121, 31.41612 ], [ 120.645094, 31.416134 ], [ 120.645067, 31.416148 ], [ 120.64504, 31.416162 ], [ 120.645013, 31.416176 ], [ 120.644986, 31.41619 ], [ 120.644959, 31.416204 ], [ 120.644932, 31.416218 ], [ 120.644905, 31.416232 ], [ 120.644878, 31.416246 ], [ 120.644851, 31.41626 ] ] ] } },
{ "type": "Feature", "properties": { "RoadId": 109, "LaneId": 15147, "maxx": 0, "minx": 0, "maxy": 0, "miny": 0, "LaneId1": 0 }, "geometry": { "type": "MultiLineString", "coordinates": [ [ [ 120.64527, 31.415975 ], [ 120.645243, 31.415989 ], [ 120.645216, 31.416003 ], [ 120.645189, 31.416017 ], [ 120.645162, 31.416031 ], [ 120.645135, 31.416045 ], [ 120.645108, 31.416059 ], [ 120.645081, 31.416073 ], [ 120.645054, 31.416087 ], [ 120.645027, 31.416101 ], [ 120.645, 31.416115 ], [ 120.644973, 31.416129 ], [ 120.644946, 31.416143 ], [ 120.64492, 31.416157 ], [ 120.644893, 31.416171 ], [ 120.644865, 31.416185 ], [ 120.644839, 31.4162 ], [ 120.644812, 31.416214 ] ] ] } },
{ "type": "Feature", "properties": { "RoadId": 111, "LaneId": 15265, "maxx": 0, "minx": 0, "maxy": 0, "miny": 0, "LaneId1": 0 }, "geometry": { "type": "MultiLineString", "coordinates": [ [ [ 120.644451, 31.416471 ], [ 120.644424, 31.416484 ], [ 120.644397, 31.416498 ], [ 120.64437, 31.416512 ], [ 120.644343, 31.416526 ], [ 120.644316, 31.41654 ], [ 120.644289, 31.416554 ], [ 120.644262, 31.416568 ], [ 120.644235, 31.416582 ], [ 120.644208, 31.416596 ], [ 120.644181, 31.416611 ], [ 120.644154, 31.416625 ], [ 120.644127, 31.416639 ], [ 120.6441, 31.416653 ], [ 120.644074, 31.416667 ], [ 120.644047, 31.416681 ], [ 120.64402, 31.416695 ], [ 120.643993, 31.416709 ], [ 120.643966, 31.416723 ], [ 120.643939, 31.416737 ], [ 120.643912, 31.416751 ], [ 120.643885, 31.416765 ], [ 120.643858, 31.416779 ], [ 120.643831, 31.416793 ], [ 120.643804, 31.416807 ], [ 120.643777, 31.416821 ], [ 120.64375, 31.416836 ], [ 120.643723, 31.41685 ], [ 120.643696, 31.416864 ], [ 120.643669, 31.416878 ], [ 120.643642, 31.416892 ], [ 120.643616, 31.416906 ], [ 120.643589, 31.41692 ], [ 120.643562, 31.416934 ], [ 120.643535, 31.416948 ] ] ] } },
{ "type": "Feature", "properties": { "RoadId": 111, "LaneId": 15267, "maxx": 0, "minx": 0, "maxy": 0, "miny": 0, "LaneId1": 0 }, "geometry": { "type": "MultiLineString", "coordinates": [ [ [ 120.64448, 31.416486 ], [ 120.644453, 31.4165 ], [ 120.644427, 31.416514 ], [ 120.6444, 31.416528 ], [ 120.644373, 31.416543 ], [ 120.644346, 31.416557 ], [ 120.644319, 31.416571 ], [ 120.644292, 31.416585 ], [ 120.644265, 31.416599 ], [ 120.644238, 31.416613 ], [ 120.644212, 31.416628 ], [ 120.644185, 31.416642 ], [ 120.644158, 31.416656 ], [ 120.644131, 31.41667 ], [ 120.644104, 31.416684 ], [ 120.644077, 31.416698 ], [ 120.64405, 31.416713 ], [ 120.644023, 31.416727 ], [ 120.643996, 31.416741 ], [ 120.643969, 31.416755 ], [ 120.643942, 31.416769 ], [ 120.643915, 31.416783 ], [ 120.643888, 31.416797 ], [ 120.643861, 31.416811 ], [ 120.643834, 31.416825 ], [ 120.643808, 31.416839 ], [ 120.643781, 31.416853 ], [ 120.643754, 31.416867 ], [ 120.643727, 31.416882 ], [ 120.6437, 31.416896 ], [ 120.643673, 31.41691 ], [ 120.643646, 31.416924 ], [ 120.643619, 31.416938 ], [ 120.643592, 31.416952 ], [ 120.643565, 31.416966 ] ] ] } },
{ "type": "Feature", "properties": { "RoadId": 111, "LaneId": 15270, "maxx": 0, "minx": 0, "maxy": 0, "miny": 0, "LaneId1": 0 }, "geometry": { "type": "MultiLineString", "coordinates": [ [ [ 120.644443, 31.416441 ], [ 120.644417, 31.416455 ], [ 120.64439, 31.41647 ], [ 120.644363, 31.416484 ], [ 120.644336, 31.416498 ], [ 120.644309, 31.416512 ], [ 120.644282, 31.416526 ], [ 120.644255, 31.41654 ], [ 120.644228, 31.416554 ], [ 120.644201, 31.416568 ], [ 120.644174, 31.416582 ], [ 120.644147, 31.416596 ], [ 120.64412, 31.41661 ], [ 120.644093, 31.416624 ], [ 120.644065, 31.416638 ], [ 120.644039, 31.416651 ], [ 120.644012, 31.416665 ], [ 120.643984, 31.416679 ], [ 120.643958, 31.416694 ], [ 120.643931, 31.416707 ], [ 120.643904, 31.416722 ], [ 120.643877, 31.416736 ], [ 120.643849, 31.416752 ], [ 120.643824102632792, 31.41676271730778 ], [ 120.64381954919179, 31.416766295011424 ], [ 120.643795, 31.416779 ], [ 120.643768, 31.416794 ], [ 120.643741, 31.416808 ], [ 120.643715, 31.416822 ], [ 120.643688, 31.416836 ], [ 120.643661, 31.416851 ], [ 120.643634, 31.416864 ], [ 120.643607, 31.416878 ], [ 120.64358, 31.416892 ], [ 120.643553, 31.416906 ], [ 120.643526, 31.41692 ] ] ] } },
{ "type": "Feature", "properties": { "RoadId": 34, "LaneId": 2893, "maxx": 0, "minx": 0, "maxy": 0, "miny": 0, "LaneId1": 0 }, "geometry": { "type": "MultiLineString", "coordinates": [ [ [ 120.67542156071525, 31.434719939799482 ], [ 120.675424, 31.434729 ], [ 120.675431, 31.434756 ], [ 120.675438, 31.434782 ], [ 120.675446, 31.434808 ], [ 120.675453, 31.434835 ], [ 120.67546, 31.434861 ], [ 120.675467, 31.434887 ], [ 120.675474, 31.434914 ], [ 120.67548, 31.43494 ], [ 120.675487, 31.434967 ], [ 120.675494, 31.434993 ], [ 120.675501, 31.435019 ], [ 120.675508, 31.435046 ], [ 120.675515, 31.435072 ], [ 120.675522, 31.435098 ], [ 120.675529, 31.435125 ], [ 120.675536, 31.435151 ], [ 120.675543, 31.435178 ], [ 120.67555, 31.435204 ], [ 120.675557, 31.435231 ], [ 120.675563, 31.435257 ], [ 120.67557, 31.435283 ], [ 120.675577, 31.43531 ], [ 120.675583, 31.435336 ], [ 120.67559, 31.435363 ], [ 120.675597, 31.435389 ], [ 120.675604, 31.435416 ], [ 120.67561, 31.435442 ], [ 120.675617, 31.435468 ], [ 120.675624, 31.435495 ], [ 120.675631, 31.435521 ], [ 120.675637, 31.435548 ], [ 120.675644, 31.435574 ], [ 120.67565, 31.435601 ], [ 120.675657, 31.435627 ], [ 120.675664, 31.435654 ], [ 120.67567, 31.43568 ], [ 120.675677, 31.435706 ], [ 120.675684, 31.435733 ], [ 120.67569, 31.435759 ], [ 120.675697, 31.435786 ], [ 120.675704, 31.435812 ] ] ] } },
{ "type": "Feature", "properties": { "RoadId": 34, "LaneId": 2894, "maxx": 0, "minx": 0, "maxy": 0, "miny": 0, "LaneId1": 0 }, "geometry": { "type": "MultiLineString", "coordinates": [ [ [ 120.67538468760722, 31.434726366484977 ], [ 120.675389, 31.434743 ], [ 120.675396, 31.434769 ], [ 120.675403, 31.434795 ], [ 120.67541, 31.434822 ], [ 120.675417, 31.434848 ], [ 120.675424, 31.434875 ], [ 120.675431, 31.434901 ], [ 120.675437, 31.434927 ], [ 120.675444, 31.434954 ], [ 120.675451, 31.43498 ], [ 120.675458, 31.435007 ], [ 120.675466, 31.435033 ], [ 120.675472, 31.435059 ], [ 120.675479, 31.435086 ], [ 120.675487, 31.435112 ], [ 120.675493, 31.435138 ], [ 120.6755, 31.435165 ], [ 120.675507, 31.435191 ], [ 120.675514, 31.435218 ], [ 120.675521, 31.435244 ], [ 120.675528, 31.43527 ], [ 120.675535, 31.435297 ], [ 120.675541, 31.435323 ], [ 120.675548, 31.43535 ], [ 120.675554, 31.435376 ], [ 120.675561, 31.435403 ], [ 120.675568, 31.435429 ], [ 120.675575, 31.435456 ], [ 120.675582, 31.435482 ], [ 120.675588, 31.435508 ], [ 120.675595, 31.435535 ], [ 120.675602, 31.435561 ], [ 120.675608, 31.435588 ], [ 120.675615, 31.435614 ], [ 120.675621, 31.435641 ], [ 120.675628, 31.435667 ], [ 120.675635, 31.435693 ], [ 120.675642, 31.43572 ], [ 120.675648, 31.435746 ], [ 120.675655, 31.435773 ], [ 120.675662, 31.435799 ], [ 120.675669, 31.435826 ] ] ] } },
{ "type": "Feature", "properties": { "RoadId": 38, "LaneId": 6293, "maxx": 0, "minx": 0, "maxy": 0, "miny": 0, "LaneId1": 0 }, "geometry": { "type": "MultiLineString", "coordinates": [ [ [ 120.679311808800918, 31.45629944079942 ], [ 120.679287908402031, 31.456300211780029 ], [ 120.679255908402041, 31.45630121178003 ], [ 120.679223908402037, 31.45630121178003 ], [ 120.679193908402041, 31.456302211780031 ], [ 120.679161908402037, 31.45630121178003 ], [ 120.67913090840203, 31.456302211780031 ], [ 120.679099908402037, 31.456302211780031 ], [ 120.679067908402033, 31.456303211780028 ], [ 120.679035908402042, 31.456303211780028 ], [ 120.679004908402035, 31.456304211780029 ], [ 120.678972908402031, 31.45630521178003 ], [ 120.678941908402038, 31.45630521178003 ], [ 120.678909908402034, 31.456306211780028 ], [ 120.678878908402041, 31.456307211780029 ], [ 120.678846908402036, 31.45630821178003 ], [ 120.678814908402032, 31.456309211780031 ], [ 120.678782908402042, 31.456309211780031 ], [ 120.678735029863589, 31.456308640918458 ] ] ] } },
{ "type": "Feature", "properties": { "RoadId": 39, "LaneId": 6293, "maxx": 0, "minx": 0, "maxy": 0, "miny": 0, "LaneId1": 0 }, "geometry": { "type": "MultiLineString", "coordinates": [ [ [ 120.677950329941908, 31.456327411936986 ], [ 120.677926429543021, 31.456328182917595 ], [ 120.677894429543031, 31.456329182917596 ], [ 120.677862429543026, 31.456329182917596 ], [ 120.677832429543031, 31.456330182917597 ], [ 120.677800429543026, 31.456329182917596 ], [ 120.677769429543019, 31.456330182917597 ], [ 120.677738429543027, 31.456330182917597 ], [ 120.677706429543022, 31.456331182917594 ], [ 120.677674429543032, 31.456331182917594 ], [ 120.677643429543025, 31.456332182917595 ], [ 120.67761142954302, 31.456333182917597 ], [ 120.677580429543028, 31.456333182917597 ], [ 120.677548429543023, 31.456334182917594 ], [ 120.67751742954303, 31.456335182917595 ], [ 120.677485429543026, 31.456336182917596 ], [ 120.677453429543021, 31.456337182917597 ], [ 120.677421429543031, 31.456337182917597 ], [ 120.677373551004578, 31.456336612056024 ] ] ] } },
{ "type": "Feature", "properties": { "RoadId": 39, "LaneId": 6293, "maxx": 0, "minx": 0, "maxy": 0, "miny": 0, "LaneId1": 0 }, "geometry": { "type": "MultiLineString", "coordinates": [ [ [ 120.677952931908195, 31.456295212604196 ], [ 120.677929031509308, 31.456295983584805 ], [ 120.677897031509318, 31.456296983584807 ], [ 120.677865031509313, 31.456296983584807 ], [ 120.677835031509318, 31.456297983584808 ], [ 120.677803031509313, 31.456296983584807 ], [ 120.677772031509306, 31.456297983584808 ], [ 120.677741031509314, 31.456297983584808 ], [ 120.677709031509309, 31.456298983584805 ], [ 120.677677031509319, 31.456298983584805 ], [ 120.677646031509312, 31.456299983584806 ], [ 120.677614031509307, 31.456300983584807 ], [ 120.677583031509315, 31.456300983584807 ], [ 120.67755103150931, 31.456301983584805 ], [ 120.677520031509317, 31.456302983584806 ], [ 120.677488031509313, 31.456303983584807 ], [ 120.677456031509308, 31.456304983584808 ], [ 120.677424031509318, 31.456304983584808 ], [ 120.677376152970865, 31.456304412723235 ] ] ] } },
{ "type": "Feature", "properties": { "RoadId": 44, "LaneId": 6934, "maxx": 0, "minx": 0, "maxy": 0, "miny": 0, "LaneId1": 0 }, "geometry": { "type": "MultiLineString", "coordinates": [ [ [ 120.671173797148654, 31.457106468830805 ], [ 120.671077117838792, 31.457145091767803 ], [ 120.671047520472285, 31.457156800616087 ], [ 120.671016947368429, 31.457168509464374 ], [ 120.670986699510365, 31.45717794159216 ], [ 120.670957102143859, 31.457189650440444 ], [ 120.670931407726783, 31.457198106830873 ], [ 120.670900834622927, 31.457210466170732 ], [ 120.670875872368214, 31.457219186797143 ], [ 120.670845872368204, 31.457229186797143 ], [ 120.670812693015009, 31.457240714028803 ], [ 120.670732032060144, 31.45727242549291 ] ] ] } },
{ "type": "Feature", "properties": { "RoadId": 44, "LaneId": 6934, "maxx": 0, "minx": 0, "maxy": 0, "miny": 0, "LaneId1": 0 }, "geometry": { "type": "MultiLineString", "coordinates": [ [ [ 120.671185831242724, 31.457135740951522 ], [ 120.671089151932861, 31.45717436388852 ], [ 120.671059554566355, 31.457186072736803 ], [ 120.671028981462499, 31.457197781585091 ], [ 120.670998733604435, 31.457207213712877 ], [ 120.670969136237929, 31.457218922561161 ], [ 120.670943441820853, 31.45722737895159 ], [ 120.670912868716997, 31.457239738291449 ], [ 120.670887906462283, 31.45724845891786 ], [ 120.670857906462274, 31.45725845891786 ], [ 120.670824727109078, 31.45726998614952 ], [ 120.670744066154214, 31.457301697613627 ] ] ] } },
{ "type": "Feature", "properties": { "RoadId": 67, "LaneId": 9010, "maxx": 0, "minx": 0, "maxy": 0, "miny": 0, "LaneId1": 0 }, "geometry": { "type": "MultiLineString", "coordinates": [ [ [ 120.663552517774178, 31.451214307191034 ], [ 120.66355221971591, 31.451213338501667 ], [ 120.663544219715916, 31.451187338501665 ], [ 120.663536219715908, 31.451161338501667 ], [ 120.663528219715914, 31.451135338501665 ], [ 120.663520219715906, 31.451109338501666 ], [ 120.663512219715912, 31.451083338501665 ], [ 120.663503219715906, 31.451056338501665 ], [ 120.663495219715912, 31.451030338501667 ], [ 120.663487219715918, 31.451004338501665 ], [ 120.66347921971591, 31.450978338501667 ], [ 120.663462727765165, 31.450928221852358 ] ] ] } },
{ "type": "Feature", "properties": { "RoadId": 57, "LaneId": 7786, "maxx": 0, "minx": 0, "maxy": 0, "miny": 0, "LaneId1": 0 }, "geometry": { "type": "MultiLineString", "coordinates": [ [ [ 120.665130588153929, 31.45613868983121 ], [ 120.665123091863094, 31.456104912347875 ], [ 120.665116091863098, 31.456077912347876 ], [ 120.665109091863101, 31.456051912347874 ], [ 120.665102091863105, 31.456025912347876 ], [ 120.665095091863094, 31.455998912347876 ], [ 120.665089091863095, 31.455972912347875 ], [ 120.665082091863098, 31.455945912347875 ], [ 120.665076091863099, 31.455919912347873 ], [ 120.665068091863091, 31.455893912347875 ] ] ] } },
{ "type": "Feature", "properties": { "RoadId": 57, "LaneId": 7814, "maxx": 0, "minx": 0, "maxy": 0, "miny": 0, "LaneId1": 0 }, "geometry": { "type": "MultiLineString", "coordinates": [ [ [ 120.665058880714923, 31.456150912347876 ], [ 120.665050659002134, 31.456123972459423 ], [ 120.665042853103287, 31.456098278042351 ], [ 120.665035535073102, 31.456072258379493 ], [ 120.665028054420034, 31.45604558822507 ], [ 120.665020329832643, 31.456019080693537 ], [ 120.665012198688004, 31.455993061030679 ], [ 120.665004392789143, 31.455966228253356 ], [ 120.664997562627647, 31.455941672196538 ], [ 120.664989106237215, 31.455914676796326 ] ] ] } },
{ "type": "Feature", "properties": { "RoadId": 57, "LaneId": 7785, "maxx": 0, "minx": 0, "maxy": 0, "miny": 0, "LaneId1": 0 }, "geometry": { "type": "MultiLineString", "coordinates": [ [ [ 120.665094243519391, 31.456146026022299 ], [ 120.665091880714911, 31.456136912347876 ], [ 120.665084880714915, 31.456110912347874 ], [ 120.665076880714921, 31.456083912347875 ], [ 120.665070011126417, 31.456057866253481 ], [ 120.665062449161894, 31.456031765279178 ], [ 120.665055293754605, 31.456004851190407 ], [ 120.665048300970213, 31.455978750216108 ], [ 120.665040982940042, 31.455953218421925 ], [ 120.665033664909856, 31.455926141710265 ], [ 120.665025533765217, 31.455900528604641 ] ] ] } },
{ "type": "Feature", "properties": { "RoadId": 79, "LaneId": 10465, "maxx": 0, "minx": 0, "maxy": 0, "miny": 0, "LaneId1": 0 }, "geometry": { "type": "MultiLineString", "coordinates": [ [ [ 120.660580724857439, 31.441479293088811 ], [ 120.660510240642466, 31.441280820330071 ], [ 120.660502240642472, 31.441254820330073 ], [ 120.660494240642464, 31.441228820330071 ], [ 120.660487240642468, 31.441201820330072 ], [ 120.660479240642474, 31.441175820330074 ], [ 120.660470240642468, 31.441149820330072 ], [ 120.660462240642474, 31.441123820330073 ], [ 120.660454240642466, 31.441097820330071 ], [ 120.660446240642472, 31.441071820330073 ], [ 120.660438240642463, 31.441045820330071 ], [ 120.660429240642472, 31.441019820330073 ], [ 120.660422240642475, 31.440992820330074 ], [ 120.66041324064247, 31.440966820330072 ], [ 120.660405240642476, 31.440940820330074 ], [ 120.660397240642467, 31.440914820330072 ], [ 120.660389240642473, 31.440888820330073 ], [ 120.660381240642465, 31.440862820330072 ], [ 120.660373240642471, 31.440836820330073 ], [ 120.660365240642477, 31.440809820330074 ], [ 120.660356240642471, 31.440783820330072 ], [ 120.660349240642475, 31.440757820330074 ], [ 120.660341240642467, 31.440731820330072 ], [ 120.660333240642473, 31.440705820330074 ], [ 120.660325240642464, 31.440678820330071 ], [ 120.66031724064247, 31.440652820330072 ], [ 120.660309240642476, 31.440626820330071 ] ] ] } },
{ "type": "Feature", "properties": { "RoadId": 80, "LaneId": 10465, "maxx": 0, "minx": 0, "maxy": 0, "miny": 0, "LaneId1": 0 }, "geometry": { "type": "MultiLineString", "coordinates": [ [ [ 120.659809159062178, 31.438984351757664 ], [ 120.659807358252891, 31.438978499127472 ], [ 120.659799358252883, 31.43895249912747 ], [ 120.659791358252889, 31.438926499127472 ], [ 120.659783358252881, 31.43890049912747 ], [ 120.659774358252889, 31.438874499127472 ], [ 120.659767358252893, 31.438847499127473 ], [ 120.659758358252887, 31.438821499127471 ], [ 120.659750358252893, 31.438795499127473 ], [ 120.659742358252885, 31.438769499127471 ], [ 120.659734358252891, 31.438743499127472 ], [ 120.659726358252883, 31.43871749912747 ], [ 120.659718358252888, 31.438691499127472 ], [ 120.659710358252894, 31.438664499127473 ], [ 120.659701358252889, 31.438638499127471 ], [ 120.659694358252892, 31.438612499127473 ], [ 120.659686358252884, 31.438586499127471 ], [ 120.65967835825289, 31.438560499127473 ], [ 120.659670358252882, 31.43853349912747 ], [ 120.659662358252888, 31.438507499127471 ], [ 120.659654358252894, 31.438481499127469 ] ] ] } },
{ "type": "Feature", "properties": { "RoadId": 80, "LaneId": 10465, "maxx": 0, "minx": 0, "maxy": 0, "miny": 0, "LaneId1": 0 }, "geometry": { "type": "MultiLineString", "coordinates": [ [ [ 120.659774136362401, 31.438994162037712 ], [ 120.659772069085136, 31.43898744338658 ], [ 120.659764069085128, 31.438961443386578 ], [ 120.659756069085134, 31.43893544338658 ], [ 120.659748069085126, 31.438909443386578 ], [ 120.659739069085134, 31.43888344338658 ], [ 120.659732069085138, 31.43885644338658 ], [ 120.659723069085132, 31.438830443386578 ], [ 120.659715069085138, 31.43880444338658 ], [ 120.65970706908513, 31.438778443386578 ], [ 120.659699069085136, 31.43875244338658 ], [ 120.659691069085127, 31.438726443386578 ], [ 120.659683069085133, 31.43870044338658 ], [ 120.659675069085139, 31.43867344338658 ], [ 120.659666069085134, 31.438647443386579 ], [ 120.659659069085137, 31.43862144338658 ], [ 120.659651069085129, 31.438595443386578 ], [ 120.659643069085135, 31.43856944338658 ], [ 120.659635069085127, 31.438542443386577 ], [ 120.659627069085133, 31.438516443386579 ], [ 120.659619069085139, 31.438490443386577 ] ] ] } },
{ "type": "Feature", "properties": { "RoadId": 80, "LaneId": 10469, "maxx": 0, "minx": 0, "maxy": 0, "miny": 0, "LaneId1": 0 }, "geometry": { "type": "MultiLineString", "coordinates": [ [ [ 120.659844777240721, 31.438974407019206 ], [ 120.659841654004367, 31.438964256501045 ], [ 120.659833654004359, 31.438937256501042 ], [ 120.659825654004365, 31.438912256501045 ], [ 120.659816654004359, 31.438886256501043 ], [ 120.659809654004363, 31.438860256501044 ], [ 120.659801654004369, 31.438833256501045 ], [ 120.659793654004361, 31.438807256501043 ], [ 120.659786654004364, 31.438781256501045 ], [ 120.65977865400437, 31.438755256501043 ], [ 120.659769654004364, 31.438729256501045 ], [ 120.65976165400437, 31.438703256501043 ], [ 120.659753654004362, 31.438676256501044 ], [ 120.659745654004368, 31.438650256501042 ], [ 120.65973765400436, 31.438624256501043 ], [ 120.659729654004366, 31.438598256501045 ], [ 120.65972065400436, 31.438572256501043 ], [ 120.659711654004369, 31.438546256501045 ], [ 120.659702654004363, 31.438520256501043 ], [ 120.659694654004369, 31.438494256501045 ] ] ] } },
{ "type": "Feature", "properties": { "RoadId": 81, "LaneId": 10465, "maxx": 0, "minx": 0, "maxy": 0, "miny": 0, "LaneId1": 0 }, "geometry": { "type": "MultiLineString", "coordinates": [ [ [ 120.659477733606536, 31.437917545580504 ], [ 120.65947593279725, 31.437911692950312 ], [ 120.659467932797241, 31.43788569295031 ], [ 120.659459932797247, 31.437859692950312 ], [ 120.659451932797239, 31.43783369295031 ], [ 120.659442932797248, 31.437807692950312 ], [ 120.659435932797251, 31.437780692950312 ], [ 120.659426932797246, 31.43775469295031 ], [ 120.659418932797252, 31.437728692950312 ], [ 120.659410932797243, 31.43770269295031 ], [ 120.659402932797249, 31.437676692950312 ], [ 120.659394932797241, 31.43765069295031 ], [ 120.659386932797247, 31.437624692950312 ], [ 120.659378932797253, 31.437597692950312 ], [ 120.659369932797247, 31.437571692950311 ], [ 120.659362932797251, 31.437545692950312 ], [ 120.659357816252637, 31.437529064180314 ] ] ] } },
{ "type": "Feature", "properties": { "RoadId": 81, "LaneId": 10465, "maxx": 0, "minx": 0, "maxy": 0, "miny": 0, "LaneId1": 0 }, "geometry": { "type": "MultiLineString", "coordinates": [ [ [ 120.65944271090676, 31.437927355860552 ], [ 120.659440643629495, 31.43792063720942 ], [ 120.659432643629486, 31.437894637209418 ], [ 120.659424643629492, 31.437868637209419 ], [ 120.659416643629484, 31.437842637209418 ], [ 120.659407643629493, 31.437816637209419 ], [ 120.659400643629496, 31.43778963720942 ], [ 120.65939164362949, 31.437763637209418 ], [ 120.659383643629496, 31.43773763720942 ], [ 120.659375643629488, 31.437711637209418 ], [ 120.659367643629494, 31.43768563720942 ], [ 120.659359643629486, 31.437659637209418 ], [ 120.659351643629492, 31.437633637209419 ], [ 120.659343643629498, 31.43760663720942 ], [ 120.659334643629492, 31.437580637209418 ], [ 120.659327643629496, 31.43755463720942 ], [ 120.659322580768475, 31.437538182911133 ] ] ] } },
{ "type": "Feature", "properties": { "RoadId": 81, "LaneId": 10469, "maxx": 0, "minx": 0, "maxy": 0, "miny": 0, "LaneId1": 0 }, "geometry": { "type": "MultiLineString", "coordinates": [ [ [ 120.65951335178508, 31.437907600842045 ], [ 120.659510228548726, 31.437897450323884 ], [ 120.659502228548718, 31.437870450323881 ], [ 120.659494228548724, 31.437845450323884 ], [ 120.659485228548718, 31.437819450323882 ], [ 120.659478228548721, 31.437793450323884 ], [ 120.659470228548727, 31.437766450323885 ], [ 120.659462228548719, 31.437740450323883 ], [ 120.659455228548723, 31.437714450323885 ], [ 120.659447228548729, 31.437688450323883 ], [ 120.659438228548723, 31.437662450323884 ], [ 120.659430228548729, 31.437636450323883 ], [ 120.659422228548721, 31.437609450323883 ], [ 120.659414228548727, 31.437583450323881 ], [ 120.659406228548718, 31.437557450323883 ], [ 120.659398228548724, 31.437531450323885 ], [ 120.659394147895526, 31.437519661770214 ] ] ] } },
{ "type": "Feature", "properties": { "RoadId": 93, "LaneId": 13070, "maxx": 0, "minx": 0, "maxy": 0, "miny": 0, "LaneId1": 0 }, "geometry": { "type": "MultiLineString", "coordinates": [ [ [ 120.651695813540158, 31.420857256807999 ], [ 120.651691, 31.420848 ], [ 120.651679, 31.420824 ], [ 120.651666, 31.420799 ], [ 120.651653, 31.420774 ], [ 120.651641, 31.420749 ], [ 120.651628, 31.420725 ], [ 120.651615, 31.4207 ], [ 120.651602, 31.420675 ], [ 120.65159, 31.42065 ], [ 120.651577, 31.420625 ], [ 120.651564, 31.420601 ], [ 120.651552, 31.420576 ], [ 120.651539, 31.420551 ], [ 120.651526, 31.420526 ], [ 120.651514, 31.420501 ], [ 120.651501, 31.420477 ], [ 120.651489, 31.420452 ], [ 120.651476, 31.420427 ], [ 120.651463, 31.420402 ], [ 120.65145, 31.420378 ], [ 120.651432536642403, 31.420345065867085 ] ] ] } },
{ "type": "Feature", "properties": { "RoadId": 93, "LaneId": 13071, "maxx": 0, "minx": 0, "maxy": 0, "miny": 0, "LaneId1": 0 }, "geometry": { "type": "MultiLineString", "coordinates": [ [ [ 120.651783828014302, 31.420813836334087 ], [ 120.651772, 31.420792 ], [ 120.65176, 31.420767 ], [ 120.651748, 31.420742 ], [ 120.651735, 31.420717 ], [ 120.651722, 31.420692 ], [ 120.65171, 31.420667 ], [ 120.651698, 31.420643 ], [ 120.651685, 31.420618 ], [ 120.651673, 31.420593 ], [ 120.65166, 31.420568 ], [ 120.651648, 31.420543 ], [ 120.651635, 31.420518 ], [ 120.651623, 31.420494 ], [ 120.65161, 31.420469 ], [ 120.651598, 31.420444 ], [ 120.651585, 31.420419 ], [ 120.651572, 31.420394 ], [ 120.651559, 31.42037 ], [ 120.651547, 31.420345 ], [ 120.651526370051585, 31.420305223258335 ] ] ] } },
{ "type": "Feature", "properties": { "RoadId": 93, "LaneId": 13073, "maxx": 0, "minx": 0, "maxy": 0, "miny": 0, "LaneId1": 0 }, "geometry": { "type": "MultiLineString", "coordinates": [ [ [ 120.651725203682204, 31.420842757671259 ], [ 120.651721, 31.420834 ], [ 120.651708, 31.420809 ], [ 120.651695, 31.420785 ], [ 120.651683, 31.42076 ], [ 120.65167, 31.420735 ], [ 120.651657, 31.42071 ], [ 120.651645, 31.420685 ], [ 120.651632, 31.420661 ], [ 120.651619, 31.420636 ], [ 120.651607, 31.420611 ], [ 120.651594, 31.420586 ], [ 120.651581, 31.420561 ], [ 120.651569, 31.420537 ], [ 120.651556, 31.420512 ], [ 120.651544, 31.420487 ], [ 120.651531, 31.420462 ], [ 120.651518, 31.420437 ], [ 120.651506, 31.420413 ], [ 120.651493, 31.420388 ], [ 120.651481, 31.420363 ], [ 120.651464410729403, 31.420331893412765 ] ] ] } },
{ "type": "Feature", "properties": { "RoadId": 93, "LaneId": 13075, "maxx": 0, "minx": 0, "maxy": 0, "miny": 0, "LaneId1": 0 }, "geometry": { "type": "MultiLineString", "coordinates": [ [ [ 120.651754630293993, 31.420828240542768 ], [ 120.651748, 31.420816 ], [ 120.651736, 31.420791 ], [ 120.651723, 31.420766 ], [ 120.651711, 31.420741 ], [ 120.651698, 31.420716 ], [ 120.651686, 31.420691 ], [ 120.651673, 31.420667 ], [ 120.651661, 31.420642 ], [ 120.651648, 31.420617 ], [ 120.651636, 31.420592 ], [ 120.651623, 31.420567 ], [ 120.651611, 31.420542 ], [ 120.651598, 31.420518 ], [ 120.651585, 31.420493 ], [ 120.651573, 31.420468 ], [ 120.65156, 31.420443 ], [ 120.651548, 31.420418 ], [ 120.651535, 31.420394 ], [ 120.651522, 31.420369 ], [ 120.65151, 31.420344 ], [ 120.651496122193521, 31.420317745221087 ] ] ] } }
]
}
