count,Longitude,Latitude,Heading,Speed,xAcc,yAcc,zAcc,AngularVelocityX,AngularVelocityY,AngularVelocityZ,FailSafeLocStatus,GeoFenceJudgeStatus,GeoFenceJudgeType,PathId,LinkId,LaneId,PathOffset,PositionTimeStamp,PositionAge
1,0,0,0,0,0,0,0,0,0,0,2,0,0,0,0,0,0,0,0
2,0,0,0,0,0,0,0,0,0,0,2,0,0,0,0,0,0,0,0
3,0,0,0,0,0,0,0,0,0,0,2,0,0,0,0,0,0,0,0
4,0,0,0,0,0,0,0,0,0,0,2,0,0,0,0,0,0,0,0
5,0,0,0,0,0,0,0,0,0,0,2,0,0,0,0,0,0,0,0
6,0,0,0,0,0,0,0,0,0,0,2,0,0,0,0,0,0,0,0
7,0,0,0,0,0,0,0,0,0,0,2,0,0,0,0,0,0,0,0
8,0,0,0,0,0,0,0,0,0,0,2,0,0,0,0,0,0,0,0
9,0,0,0,0,0,0,0,0,0,0,2,0,0,0,0,0,0,0,0
10,0,0,0,0,0,0,0,0,0,0,2,0,0,0,0,0,0,0,0
11,0,0,0,0,0,0,0,0,0,0,2,0,0,0,0,0,0,0,0
12,0,0,0,0,0,0,0,0,0,0,2,0,0,0,0,0,0,0,0
13,0,0,0,0,0,0,0,0,0,0,2,0,0,0,0,0,0,0,0
14,0,0,0,0,0,0,0,0,0,0,2,0,0,0,0,0,0,0,0
15,0,0,0,0,0,0,0,0,0,0,2,0,0,0,0,0,0,0,0
16,0,0,0,0,0,0,0,0,0,0,2,0,0,0,0,0,0,0,0
17,0,0,0,0,0,0,0,0,0,0,2,0,0,0,0,0,0,0,0
18,0,0,0,0,0,0,0,0,0,0,2,0,0,0,0,0,0,0,0
19,0,0,0,0,0,0,0,0,0,0,2,0,0,0,0,0,0,0,0
20,0,0,0,0,0,0,0,0,0,0,2,0,0,0,0,0,0,0,0
21,0,0,0,0,0,0,0,0,0,0,2,0,0,0,0,0,0,0,0
22,0,0,0,0,0,0,0,0,0,0,2,0,0,0,0,0,0,0,0
23,0,0,0,0,0,0,0,0,0,0,2,0,0,0,0,0,0,0,0
24,0,0,0,0,0,0,0,0,0,0,2,0,0,0,0,0,0,0,0
25,0,0,0,0,0,0,0,0,0,0,2,0,0,0,0,0,0,0,0
26,0,0,0,0,0,0,0,0,0,0,2,0,0,0,0,0,0,0,0
27,0,0,0,0,0,0,0,0,0,0,2,0,0,0,0,0,0,0,0
28,0,0,0,0,0,0,0,0,0,0,2,0,0,0,0,0,0,0,0
29,0,0,0,0,0,0,0,0,0,0,2,0,0,0,0,0,0,0,0
30,0,0,0,0,0,0,0,0,0,0,2,0,0,0,0,0,0,0,0
31,0,0,0,0,0,0,0,0,0,0,2,0,0,0,0,0,0,0,0
32,0,0,0,0,0,0,0,0,0,0,2,0,0,0,0,0,0,0,0
33,0,0,0,0,0,0,0,0,0,0,2,0,0,0,0,0,0,0,0
34,0,0,0,0,0,0,0,0,0,0,2,0,0,0,0,0,0,0,0
35,0,0,0,0,0,0,0,0,0,0,2,0,0,0,0,0,0,0,0
36,0,0,0,0,0,0,0,0,0,0,2,0,0,0,0,0,0,0,0
37,0,0,0,0,0,0,0,0,0,0,2,0,0,0,0,0,0,0,0
38,120.6485382,31.41459332,-155.5944824,0,0,0,0,0,0,0,2,0,0,0,107726341,2,0,2459661059,0
39,120.6485382,31.41459332,-155.5944824,0,0,0,0,0,0,0,2,0,0,0,107726341,2,0,2459711058,0
40,120.6485382,31.41459332,-155.5944824,0,0,0,0,0,0,0,2,0,0,0,107726341,2,0,2459731058,0
41,120.6485382,31.41459332,-155.5944824,0,0,0,0,0,0,0,2,0,0,0,107726341,2,0,2459731058,0
42,120.6485382,31.41459332,-155.5944824,0,0,0,0,0,0,0,2,0,0,0,107726341,2,0,2459841065,0
43,120.6485382,31.41459332,-155.5944824,0,0,0,0,0,0,0,2,0,0,0,107726341,2,0,2459841065,0
44,120.6485382,31.41459332,-155.5944824,0,0,0,0,0,0,0,2,0,0,0,107726341,2,0,2459941078,0
45,120.6485382,31.41459332,-155.5944824,0,0,0,0,0,0,0,2,0,0,0,107726341,2,0,2459941078,0
46,120.6485382,31.41459332,-155.5944824,0,0,0,0,0,0,0,2,0,0,0,107726341,2,0,2460051067,0
47,120.6485382,31.41459332,-155.5944824,0,0,0,0,0,0,0,2,0,0,0,107726341,2,0,2460051067,0
48,120.6485382,31.41459332,-155.5944824,0,0,0,0,0,0,0,2,0,0,0,107726341,2,0,2460151075,0
49,120.6485382,31.41459332,-155.5944824,0,0,0,0,0,0,0,2,0,0,0,107726341,2,0,2460151075,0
50,120.6485382,31.41459332,-155.5944824,0,0,0,0,0,0,0,2,0,0,0,107726341,2,0,2460251066,0
51,120.6485382,31.41459332,-155.5944824,0,0,0,0,0,0,0,2,0,0,0,107726341,2,0,2460251066,0
52,120.6485382,31.41459332,-155.5944824,0,0,0,0,0,0,0,2,0,0,0,107726341,2,0,2460361070,0
53,120.6485382,31.41459332,-155.5944824,0,0,0,0,0,0,0,2,0,0,0,107726341,2,0,2460361070,0
54,120.6485382,31.41459332,-155.5944824,0,0,0,0,0,0,0,2,0,0,0,107726341,2,0,2460461078,0
55,120.6485382,31.41459332,-155.5944824,0,0,0,0,0,0,0,2,0,0,0,107726341,2,0,2460461078,0
56,120.6485382,31.41459332,-155.5944824,0,0,0,0,0,0,0,2,0,0,0,107726341,2,0,2460561138,0
57,120.6485382,31.41459332,-155.5944824,0,0,0,0,0,0,0,2,0,0,0,107726341,2,0,2460561138,0
58,120.6485382,31.41459332,-155.5944824,0,0,0,0,0,0,0,2,0,0,0,107726341,2,0,2460671172,0
59,120.6485382,31.41459332,-155.5944824,0,0,0,0,0,0,0,2,0,0,0,107726341,2,0,2460671172,0
60,120.6485382,31.41459332,-155.5944824,0,0,0,0,0,0,0,2,0,0,0,107726341,2,0,2460771087,0
61,120.6485382,31.41459332,-155.5944824,0,0,0,0,0,0,0,2,0,0,0,107726341,2,0,2460811087,0
62,120.6485382,31.41459332,-155.5944824,0,0,0,0,0,0,0,2,0,0,0,107726341,2,0,2460871082,0
63,120.6485382,31.41459332,-155.5944824,0,0,0,0,0,0,0,2,0,0,0,107726341,2,0,2460911082,0
64,120.6485382,31.41459332,-155.5944824,0,0,0,0,0,0,0,2,0,0,0,107726341,2,0,2460961185,0
65,120.6485382,31.41459332,-155.5944824,0,0,0,0,0,0,0,2,0,0,0,107726341,2,0,2461011185,0
66,120.6485382,31.41459332,-155.5834961,0,0,0,0,0,0,0,2,0,0,0,107726341,2,0,2461061185,0
67,120.6485382,31.41459332,-155.5834961,0,0,0,0,0,0,0,2,0,0,0,107726341,2,0,2461111090,0
68,120.6485382,31.41459332,-155.5834961,0,0,0,0,0,0,0,2,0,0,0,107726341,2,0,2461161091,0
69,120.6485382,31.41459332,-155.5834961,0,0,0,0,0,0,0,2,0,0,0,107726341,2,0,2461211180,0
70,120.6485382,31.41459332,-155.5834961,0,0,0,0,0,0,0,2,0,0,0,107726341,2,0,2461261180,0
71,120.6485382,31.41459332,-155.5834961,0,0,0,0,0,0,0,2,0,0,0,107726341,2,0,2461311183,0
72,120.6485382,31.41459332,-155.5834961,0,0,0,0,0,0,0,2,0,0,0,107726341,2,0,2461361184,0
73,120.6485382,31.41459332,-155.5834961,0,0,0,0,0,0,0,2,0,0,0,107726341,2,0,2461412512,0
74,120.6485382,31.41459332,-155.5834961,0,0,0,0,0,0,0,2,0,0,0,107726341,2,0,2461462412,0
75,120.6485382,31.41459332,-155.5834961,0,0,0,0,0,0,0,2,0,0,0,107726341,2,0,2461511192,0
76,120.6485382,31.41459332,-155.5834961,0,0,0,0,0,0,0,2,0,0,0,107726341,2,0,2461561191,0
77,120.6485382,31.41459332,-155.5834961,0,0,0,0,0,0,0,2,0,0,0,107726341,2,0,2461611192,0
78,120.6485382,31.41459332,-155.5834961,0,0,0,0,0,0,0,2,0,0,0,107726341,2,0,2461661197,0
79,120.6485382,31.41459332,-155.5834961,0,0,0,0,0,0,0,2,0,0,0,107726341,2,0,2461711197,0
80,120.6485382,31.41459332,-155.5834961,0,0,0,0,0,0,0,2,0,0,0,107726341,2,0,2461761191,0
81,120.6485382,31.41459332,-155.5834961,0,0,0,0,0,0,0,2,0,0,0,107726341,2,0,2461811191,0
82,120.6485382,31.41459332,-155.5834961,0,0,0,0,0,0,0,2,0,0,0,107726341,2,0,2461861113,0
83,120.6485382,31.41459332,-155.5834961,0,0,0,0,0,0,0,2,0,0,0,107726341,2,0,2461911113,0
84,120.6485382,31.41459332,-155.5834961,0,0,0,0,0,0,0,2,0,0,0,107726341,2,0,2461962501,0
85,120.6485382,31.41459332,-155.5834961,0,0,0,0,0,0,0,2,0,0,0,107726341,2,0,2462011201,0
86,120.6485382,31.41459332,-155.5834961,0,0,0,0,0,0,0,2,0,0,0,107726341,2,0,2462061216,0
87,120.6485382,31.41459332,-155.5834961,0,0,0,0,0,0,0,2,0,0,0,107726341,2,0,2462111216,0
88,120.6485382,31.41459332,-155.5834961,0,0,0,0,0,0,0,2,0,0,0,107726341,2,0,2462161216,0
89,120.6485382,31.41459332,-155.5834961,0,0,0,0,0,0,0,2,0,0,0,107726341,2,0,2462221141,0
90,120.6485382,31.41459332,-155.5834961,0,0,0,0,0,0,0,2,0,0,0,107726341,2,0,2462261141,0
91,120.6485382,31.41459332,-155.5834961,0,0,0,0,0,0,0,2,0,0,0,107726341,2,0,2462322596,0
92,120.6485382,31.41459332,-155.5834961,0,0,0,0,0,0,0,2,0,0,0,107726341,2,0,2462361196,0
93,120.6485382,31.41459332,-155.5834961,0,0,0,0,0,0,0,2,0,0,0,107726341,2,0,2462421205,0
94,120.6485382,31.41459332,-155.5834961,0,0,0,0,0,0,0,2,0,0,0,107726341,2,0,2462461205,0
95,120.6485382,31.41459332,-155.5834961,0,0,0,0,0,0,0,2,0,0,0,107726341,2,0,2462511227,0
96,120.6485382,31.41459332,-155.5834961,0,0,0,0,0,0,0,2,0,0,0,107726341,2,0,2462561226,0
97,120.6485382,31.41459332,-155.5834961,0,0,0,0,0,0,0,2,0,0,0,107726341,2,0,2462621209,0
98,120.6485382,31.41459332,-155.5834961,0,0,0,0,0,0,0,2,0,0,0,107726341,2,0,2462662509,0
99,120.6485382,31.41459332,-155.5834961,0,0,0,0,0,0,0,2,0,0,0,107726341,2,0,2462711209,0
100,120.6485382,31.41459332,-155.5834961,0,0,0,0,0,0,0,2,0,0,0,107726341,2,0,2462762469,0
101,120.6485382,31.41459332,-155.5834961,0,0,0,0,0,0,0,2,0,0,0,107726341,2,0,2462812470,0
102,120.6485382,31.41459332,-155.5834961,0,0,0,0,0,0,0,2,0,0,0,107726341,2,0,2462861215,0
103,120.6485382,31.41459332,-155.5834961,0,0,0,0,0,0,0,2,0,0,0,107726341,2,0,2462911215,0
104,120.6485382,31.41459332,-155.5834961,0,0,0,0,0,0,0,2,0,0,0,107726341,2,0,2462961210,0
105,120.6485382,31.41459332,-155.5944824,0,0,0,0,0,0,0,2,0,0,0,107726341,2,0,2463011209,0
106,120.6485382,31.41459332,-155.5944824,0,0,0,0,0,0,0,2,0,0,0,107726341,2,0,2463061244,0
107,120.6485382,31.41459332,-155.5944824,0,0,0,0,0,0,0,2,0,0,0,107726341,2,0,2463111243,0
108,120.6485382,31.41459332,-155.5944824,0,0,0,0,0,0,0,2,0,0,0,107726341,2,0,2463161237,0
109,120.6485382,31.41459332,-155.5944824,0,0,0,0,0,0,0,2,0,0,0,107726341,2,0,2463211238,0
110,120.6485382,31.41459332,-155.5944824,0,0,0,0,0,0,0,2,0,0,0,107726341,2,0,2463261238,0
111,120.6485382,31.41459332,-155.5944824,0,0,0,0,0,0,0,2,0,0,0,107726341,2,0,2463311155,0
112,120.6485382,31.41459332,-155.5944824,0,0,0,0,0,0,0,2,0,0,0,107726341,2,0,2463361155,0
113,120.6485382,31.41459332,-155.5944824,0,0,0,0,0,0,0,2,0,0,0,107726341,2,0,2463411221,0
114,120.6485382,31.41459332,-155.5944824,0,0,0,0,0,0,0,2,0,0,0,107726341,2,0,2463481221,0
115,120.6485382,31.41459332,-155.5944824,0,0,0,0,0,0,0,2,0,0,0,107726341,2,0,2463511220,0
116,120.6485382,31.41459332,-155.5834961,0,0,0,0,0,0,0,2,0,0,0,107726341,2,0,2463561220,0
117,120.6485382,31.41459332,-155.5834961,0,0,0,0,0,0,0,2,0,0,0,107726341,2,0,2463611220,0
118,120.6485382,31.41459332,-155.5834961,0,0,0,0,0,0,0,2,0,0,0,107726341,2,0,2463691219,0
119,120.6485382,31.41459332,-155.5834961,0,0,0,0,0,0,0,2,0,0,0,107726341,2,0,2463731229,0
120,120.6485382,31.41459332,-155.5834961,0,0,0,0,0,0,0,2,0,0,0,107726341,2,0,2463781228,0
121,120.6485382,31.41459332,-155.5834961,0,0,0,0,0,0,0,2,0,0,0,107726341,2,0,2463832947,0
122,120.6485382,31.41459332,-155.5834961,0,0,0,0,0,0,0,2,0,0,0,107726341,2,0,2463861247,0
123,120.6485382,31.41459332,-155.5834961,0,0,0,0,0,0,0,2,0,0,0,107726341,2,0,2463911147,0
124,120.6485382,31.41459332,-155.5834961,0,0,0,0,0,0,0,2,0,0,0,107726341,2,0,2463961125,0
125,120.6485382,31.41459332,-155.5944824,0,0,0,0,0,0,0,2,0,0,0,107726341,2,0,2464031126,0
126,120.6485382,31.41459332,-155.5834961,0,0,0,0,0,0,0,2,0,0,0,107726341,2,0,2464091145,0
127,120.6485382,31.41459332,-155.5944824,0,0,0,0,0,0,0,2,0,0,0,107726341,2,0,2464141145,0
128,120.6485382,31.41459332,-155.5944824,0,0,0,0,0,0,0,2,0,0,0,107726341,2,0,2464191133,0
129,120.6485382,31.41459332,-155.5944824,0,0,0,0,0,0,0,2,0,0,0,107726341,2,0,2464211133,0
130,120.6485382,31.41459332,-155.5944824,0,0,0,0,0,0,0,2,0,0,0,107726341,2,0,2464271238,0
131,120.6485382,31.41459332,-155.5944824,0,0,0,0,0,0,0,2,0,0,0,107726341,2,0,2464341138,0
132,120.6485382,31.41459332,-155.5944824,0,0,0,0,0,0,0,2,0,0,0,107726341,2,0,2464371137,0
133,120.6485382,31.41459332,-155.5944824,0,0,0,0,0,0,0,2,0,0,0,107726341,2,0,2464431137,0
134,120.6485382,31.41459332,-155.5944824,0,0,0,0,0,0,0,2,0,0,0,107726341,2,0,2464481131,0
135,120.6485382,31.41459332,-155.5944824,0,0,0,0,0,0,0,2,0,0,0,107726341,2,0,2464511130,0
136,120.6485382,31.41459332,-155.5944824,0,0,0,0,0,0,0,2,0,0,0,107726341,2,0,2464582531,0
137,120.6485382,31.41459332,-155.5944824,0,0,0,0,0,0,0,2,0,0,0,107726341,2,0,2464632536,0
138,120.6485382,31.41459332,-155.5834961,0,0,0,0,0,0,0,2,0,0,0,107726341,2,0,2464681135,0
139,120.6485382,31.41459332,-155.5834961,0,0,0,0,0,0,0,2,0,0,0,107726341,2,0,2464711164,0
140,120.6485382,31.41459332,-155.5834961,0,0,0,0,0,0,0,2,0,0,0,107726341,2,0,2464781164,0
141,120.6485382,31.41459332,-155.5834961,0,0,0,0,0,0,0,2,0,0,0,107726341,2,0,2464811144,0
142,120.6485382,31.41459332,-155.5834961,0,0,0,0,0,0,0,2,0,0,0,107726341,2,0,2464881145,0
143,120.6485382,31.41459332,-155.5834961,0,0,0,0,0,0,0,2,0,0,0,107726341,2,0,2464931143,0
144,120.6485382,31.41459332,-155.5834961,0,0,0,0,0,0,0,2,0,0,0,107726341,2,0,2464991142,0
145,120.6485382,31.41459332,-155.5834961,0,0,0,0,0,0,0,2,0,0,0,107726341,2,0,2465011142,0
146,120.6485382,31.41459332,-155.5944824,0,0,0,0,0,0,0,2,0,0,0,107726341,2,0,2465081140,0
147,120.6485382,31.41459332,-155.5944824,0,0,0,0,0,0,0,2,0,0,0,107726341,2,0,2465132541,0
148,120.6485382,31.41459332,-155.5944824,0,0,0,0,0,0,0,2,0,0,0,107726341,2,0,2465181155,0
149,120.6485382,31.41459332,-155.5944824,0,0,0,0,0,0,0,2,0,0,0,107726341,2,0,2465232555,0
150,120.6485382,31.41459332,-155.5944824,0,0,0,0,0,0,0,2,0,0,0,107726341,2,0,2465281144,0
151,120.6485382,31.41459332,-155.5944824,0,0,0,0,0,0,0,2,0,0,0,107726341,2,0,2465331144,0
152,120.6485382,31.41459332,-155.5944824,0,0,0,0,0,0,0,2,0,0,0,107726341,2,0,2465391172,0
153,120.6485382,31.41459332,-155.5944824,0,0,0,0,0,0,0,2,0,0,0,107726341,2,0,2465431172,0
154,120.6485382,31.41459332,-155.5944824,0,0,0,0,0,0,0,2,0,0,0,107726341,2,0,2465462572,0
155,120.6485382,31.41459332,-155.5944824,0,0,0,0,0,0,0,2,0,0,0,107726341,2,0,2465531160,0
156,120.6485382,31.41459332,-155.5944824,0,0,0,0,0,0,0,2,0,0,0,107726341,2,0,2465581147,0
157,120.6485382,31.41459332,-155.5944824,0,0,0,0,0,0,0,2,0,0,0,107726341,2,0,2465631148,0
158,120.6485382,31.41459332,-155.5944824,0,0,0,0,0,0,0,2,0,0,0,107726341,2,0,2465661147,0
159,120.6485382,31.41459332,-155.5944824,0,0,0,0,0,0,0,2,0,0,0,107726341,2,0,2465711155,0
160,120.6485382,31.41459332,-155.5944824,0,0,0,0,0,0,0,2,0,0,0,107726341,2,0,2465781154,0
161,120.6485382,31.41459332,-155.5944824,0,0,0,0,0,0,0,2,0,0,0,107726341,2,0,2465831171,0
162,120.6485382,31.41459332,-155.5944824,0,0,0,0,0,0,0,2,0,0,0,107726341,2,0,2465861172,0
163,120.6485382,31.41459332,-155.5944824,0,0,0,0,0,0,0,2,0,0,0,107726341,2,0,2465931158,0
164,120.6485382,31.41459332,-155.5944824,0,0,0,0,0,0,0,2,0,0,0,107726341,2,0,2465981159,0
165,120.6485382,31.41459332,-155.5944824,0,0,0,0,0,0,0,2,0,0,0,107726341,2,0,2466031220,0
166,120.6485382,31.41459332,-155.5944824,0,0,0,0,0,0,0,2,0,0,0,107726341,2,0,2466081220,0
167,120.6485382,31.41459332,-155.5944824,0,0,0,0,0,0,0,2,0,0,0,107726341,2,0,2466131159,0
168,120.6485382,31.41459332,-155.5944824,0,0,0,0,0,0,0,2,0,0,0,107726341,2,0,2466191159,0
169,120.6485382,31.41459332,-155.5944824,0,0,0,0,0,0,0,2,0,0,0,107726341,2,0,2466231159,0
170,120.6485382,31.41459332,-155.5944824,0,0,0,0,0,0,0,2,0,0,0,107726341,2,0,2466281168,0
171,120.6485382,31.41459332,-155.5944824,0,0,0,0,0,0,0,2,0,0,0,107726341,2,0,2466331167,0
172,120.6485382,31.41459332,-155.5944824,0,0,0,0,0,0,0,2,0,0,0,107726341,2,0,2466381171,0
173,120.6485382,31.41459332,-155.5944824,0,0,0,0,0,0,0,2,0,0,0,107726341,2,0,2466431170,0
174,120.6485382,31.41459332,-155.5944824,0,0,0,0,0,0,0,2,0,0,0,107726341,2,0,2466481182,0
175,120.6485382,31.41459332,-155.5944824,0,0,0,0,0,0,0,2,0,0,0,107726341,2,0,2466531181,0
176,120.6485382,31.41459332,-155.5944824,0,0,0,0,0,0,0,2,0,0,0,107726341,2,0,2466581210,0
177,120.6485382,31.41459332,-155.5944824,0,0,0,0,0,0,0,2,0,0,0,107726341,2,0,2466631210,0
178,120.6485382,31.41459332,-155.5944824,0,0,0,0,0,0,0,2,0,0,0,107726341,2,0,2466681172,0
179,120.6485382,31.41459332,-155.5944824,0,0,0,0,0,0,0,2,0,0,0,107726341,2,0,2466741172,0
180,120.6485382,31.41459332,-155.5944824,0,0,0,0,0,0,0,2,0,0,0,107726341,2,0,2466781172,0
181,120.6485382,31.41459332,-155.5944824,0,0,0,0,0,0,0,2,0,0,0,107726341,2,0,2466841165,0
182,120.6485382,31.41459332,-155.5944824,0,0,0,0,0,0,0,2,0,0,0,107726341,2,0,2466861165,0
183,120.6485382,31.41459332,-155.5944824,0,0,0,0,0,0,0,2,0,0,0,107726341,2,0,2466931174,0
184,120.6485382,31.41459332,-155.5944824,0,0,0,0,0,0,0,2,0,0,0,107726341,2,0,2466991175,0
185,120.6485382,31.41459332,-155.5944824,0,0,0,0,0,0,0,2,0,0,0,107726341,2,0,2467031187,0
186,120.6485382,31.41459332,-155.5944824,0,0,0,0,0,0,0,2,0,0,0,107726341,2,0,2467091187,0
187,120.6485382,31.41459332,-155.5944824,0,0,0,0,0,0,0,2,0,0,0,107726341,2,0,2467131190,0
188,120.6485382,31.41459332,-155.5944824,0,0,0,0,0,0,0,2,0,0,0,107726341,2,0,2467181190,0
189,120.6485382,31.41459332,-155.5944824,0,0,0,0,0,0,0,2,0,0,0,107726341,2,0,2467241277,0
190,120.6485382,31.41459332,-155.5944824,0,0,0,0,0,0,0,2,0,0,0,107726341,2,0,2467281277,0
191,120.6485382,31.41459332,-155.5944824,0,0,0,0,0,0,0,2,0,0,0,107726341,2,0,2467331277,0
192,120.6485382,31.41459332,-155.5944824,0,0,0,0,0,0,0,2,0,0,0,107726341,2,0,2467381195,0
193,120.6485382,31.41459332,-155.5944824,0,0,0,0,0,0,0,2,0,0,0,107726341,2,0,2467431194,0
194,120.6485382,31.41459332,-155.5944824,0,0,0,0,0,0,0,2,0,0,0,107726341,2,0,2467481191,0
195,120.6485382,31.41459332,-155.5944824,0,0,0,0,0,0,0,2,0,0,0,107726341,2,0,2467541191,0
196,120.6485382,31.41459332,-155.5944824,0,0,0,0,0,0,0,2,0,0,0,107726341,2,0,2467582688,0
197,120.6485382,31.41459332,-155.5944824,0,0,0,0,0,0,0,2,0,0,0,107726341,2,0,2467631288,0
198,120.6485382,31.41459332,-155.5944824,0,0,0,0,0,0,0,2,0,0,0,107726341,2,0,2467691289,0
199,120.6485382,31.41459332,-155.5944824,0,0,0,0,0,0,0,2,0,0,0,107726341,2,0,2467731289,0
200,120.6485382,31.41459332,-155.5944824,0,0,0,0,0,0,0,2,0,0,0,107726341,2,0,2467791283,0
201,120.6485382,31.41459332,-155.5944824,0,0,0,0,0,0,0,2,0,0,0,107726341,2,0,2467831283,0
202,120.6485382,31.41459332,-155.5944824,0,0,0,0,0,0,0,2,0,0,0,107726341,2,0,2467881282,0
203,120.6485382,31.41459332,-155.5944824,0,0,0,0,0,0,0,2,0,0,0,107726341,2,0,2467931286,0
204,120.6485382,31.41459332,-155.5834961,0,0,0,0,0,0,0,2,0,0,0,107726341,2,0,2467991286,0
205,120.6485382,31.41459332,-155.5944824,0,0,0,0,0,0,0,2,0,0,0,107726341,2,0,2468031206,0
206,120.6485382,31.41459332,-155.5944824,0,0,0,0,0,0,0,2,0,0,0,107726341,2,0,2468091206,0
207,120.6485382,31.41459332,-155.5944824,0,0,0,0,0,0,0,2,0,0,0,107726341,2,0,2468141296,0
208,120.6485382,31.41459332,-155.5944824,0,0,0,0,0,0,0,2,0,0,0,107726341,2,0,2468191296,0
209,120.6485382,31.41459332,-155.5944824,0,0,0,0,0,0,0,2,0,0,0,107726341,2,0,2468231301,0
210,120.6485382,31.41459332,-155.5944824,0,0,0,0,0,0,0,2,0,0,0,107726341,2,0,2468291302,0
211,120.6485382,31.41459332,-155.5944824,0,0,0,0,0,0,0,2,0,0,0,107726341,2,0,2468331294,0
212,120.6485382,31.41459332,-155.5944824,0,0,0,0,0,0,0,2,0,0,0,107726341,2,0,2468391294,0
213,120.6485382,31.41459332,-155.5944824,0,0,0,0,0,0,0,2,0,0,0,107726341,2,0,2468431294,0
214,120.6485382,31.41459332,-155.5944824,0,0,0,0,0,0,0,2,0,0,0,107726341,2,0,2468481313,0
215,120.6485382,31.41459332,-155.5944824,0,0,0,0,0,0,0,2,0,0,0,107726341,2,0,2468541312,0
216,120.6485382,31.41459332,-155.5944824,0,0,0,0,0,0,0,2,0,0,0,107726341,2,0,2468591298,0
217,120.6485382,31.41459332,-155.5944824,0,0,0,0,0,0,0,2,0,0,0,107726341,2,0,2468631298,0
218,120.6485382,31.41459332,-155.5944824,0,0,0,0,0,0,0,2,0,0,0,107726341,2,0,2468691319,0
219,120.6485382,31.41459332,-155.5944824,0,0,0,0,0,0,0,2,0,0,0,107726341,2,0,2468731319,0
220,120.6485382,31.41459332,-155.5944824,0,0,0,0,0,0,0,2,0,0,0,107726341,2,0,2468781308,0
221,120.6485382,31.41459332,-155.5944824,0,0,0,0,0,0,0,2,0,0,0,107726341,2,0,2468831308,0
222,120.6485382,31.41459332,-155.5944824,0,0,0,0,0,0,0,2,0,0,0,107726341,2,0,2468881302,0
223,120.6485382,31.41459332,-155.5944824,0,0,0,0,0,0,0,2,0,0,0,107726341,2,0,2468931302,0
224,120.6485382,31.41459332,-155.5944824,0,0,0,0,0,0,0,2,0,0,0,107726341,2,0,2468991302,0
225,120.6485382,31.41459332,-155.5944824,0,0,0,0,0,0,0,2,0,0,0,107726341,2,0,2469041302,0
226,120.6485382,31.41459332,-155.5944824,0,0,0,0,0,0,0,2,0,0,0,107726341,2,0,2469091302,0
227,120.6485382,31.41459332,-155.5944824,0,0,0,0,0,0,0,2,0,0,0,107726341,2,0,2469131323,0
228,120.6485382,31.41459332,-155.5944824,0,0,0,0,0,0,0,2,0,0,0,107726341,2,0,2469191323,0
229,120.6485382,31.41459332,-155.5944824,0,0,0,0,0,0,0,2,0,0,0,107726341,2,0,2469231309,0
230,120.6485382,31.41459332,-155.5944824,0,0,0,0,0,0,0,2,0,0,0,107726341,2,0,2469281310,0
231,120.6485382,31.41459332,-155.5944824,0,0,0,0,0,0,0,2,0,0,0,107726341,2,0,2469331331,0
232,120.6485382,31.41459332,-155.5944824,0,0,0,0,0,0,0,2,0,0,0,107726341,2,0,2469381331,0
233,120.6485382,31.41459332,-155.5944824,0,0,0,0,0,0,0,2,0,0,0,107726341,2,0,2469441307,0
234,120.6485382,31.41459332,-155.5944824,0,0,0,0,0,0,0,2,0,0,0,107726341,2,0,2469491307,0
235,120.6485382,31.41459332,-155.5944824,0,0,0,0,0,0,0,2,0,0,0,107726341,2,0,2469541312,0
236,120.6485382,31.41459332,-155.5944824,0,0,0,0,0,0,0,2,0,0,0,107726341,2,0,2469581312,0
237,120.6485382,31.41459332,-155.5944824,0,0,0,0,0,0,0,2,0,0,0,107726341,2,0,2469631313,0
238,120.6485382,31.41459332,-155.5944824,0,0,0,0,0,0,0,2,0,0,0,107726341,2,0,2469691321,0
239,120.6485382,31.41459332,-155.5944824,0,0,0,0,0,0,0,2,0,0,0,107726341,2,0,2469731322,0
240,120.6485382,31.41459332,-155.5944824,0,0,0,0,0,0,0,2,0,0,0,107726341,2,0,2469781333,0
241,120.6485382,31.41459332,-155.5944824,0,0,0,0,0,0,0,2,0,0,0,107726341,2,0,2469831333,0
242,120.6485382,31.41459332,-155.5944824,0,0,0,0,0,0,0,2,0,0,0,107726341,2,0,2469891323,0
243,120.6485382,31.41459332,-155.5944824,0,0,0,0,0,0,0,2,0,0,0,107726341,2,0,2469941323,0
244,120.6485382,31.41459332,-155.5944824,0,0,0,0,0,0,0,2,0,0,0,107726341,2,0,2469981319,0
245,120.6485382,31.41459332,-155.5944824,0,0,0,0,0,0,0,2,0,0,0,107726341,2,0,2470031318,0
246,120.6485382,31.41459332,-155.5944824,0,0,0,0,0,0,0,2,0,0,0,107726341,2,0,2470082619,0
247,120.6485382,31.41459332,-155.5944824,0,0,0,0,0,0,0,2,0,0,0,107726341,2,0,2470131321,0
248,120.6485382,31.41459332,-155.5944824,0,0,0,0,0,0,0,2,0,0,0,107726341,2,0,2470191321,0
249,120.6485382,31.41459332,-155.5944824,0,0,0,0,0,0,0,2,0,0,0,107726341,2,0,2470241330,0
250,120.6485382,31.41459332,-155.5944824,0,0,0,0,0,0,0,2,0,0,0,107726341,2,0,2470281330,0
251,120.6485382,31.41459332,-155.5944824,0,0,0,0,0,0,0,2,0,0,0,107726341,2,0,2470341332,0
252,120.6485382,31.41459332,-155.5944824,0,0,0,0,0,0,0,2,0,0,0,107726341,2,0,2470381332,0
253,120.6485382,31.41459332,-155.5944824,0,0,0,0,0,0,0,2,0,0,0,107726341,2,0,2470442741,0
254,120.6485382,31.41459332,-155.5944824,0,0,0,0,0,0,0,2,0,0,0,107726341,2,0,2470481342,0
255,120.6485382,31.41459332,-155.5944824,0,0,0,0,0,0,0,2,0,0,0,107726341,2,0,2470551326,0
256,120.6485382,31.41459332,-155.5944824,0,0,0,0,0,0,0,2,0,0,0,107726341,2,0,2470582626,0
257,120.6485382,31.41459332,-155.5944824,0,0,0,0,0,0,0,2,0,0,0,107726341,2,0,2470651344,0
258,120.6485382,31.41459332,-155.5944824,0,0,0,0,0,0,0,2,0,0,0,107726341,2,0,2470691344,0
259,120.6485382,31.41459332,-155.5944824,0,0,0,0,0,0,0,2,0,0,0,107726341,2,0,2470752637,0
260,120.6485382,31.41459332,-155.5944824,0,0,0,0,0,0,0,2,0,0,0,107726341,2,0,2470791337,0
261,120.6485382,31.41459332,-155.5944824,0,0,0,0,0,0,0,2,0,0,0,107726341,2,0,2470841337,0
262,120.6485382,31.41459332,-155.5944824,0,0,0,0,0,0,0,2,0,0,0,107726341,2,0,2470891343,0
263,120.6485382,31.41459332,-155.5944824,0,0,0,0,0,0,0,2,0,0,0,107726341,2,0,2470941343,0
264,120.6485382,31.41459332,-155.5944824,0,0,0,0,0,0,0,2,0,0,0,107726341,2,0,2470991344,0
265,120.6485382,31.41459332,-155.5944824,0,0,0,0,0,0,0,2,0,0,0,107726341,2,0,2471031344,0
266,120.6485382,31.41459332,-155.5944824,0,0,0,0,0,0,0,2,0,0,0,107726341,2,0,2471091332,0
267,120.6485382,31.41459332,-155.5944824,0,0,0,0,0,0,0,2,0,0,0,107726341,2,0,2471141331,0
268,120.6485382,31.41459332,-155.5944824,0,0,0,0,0,0,0,2,0,0,0,107726341,2,0,2471181332,0
269,120.6485382,31.41459332,-155.5944824,0,0,0,0,0,0,0,2,0,0,0,107726341,2,0,2471231342,0
270,120.6485382,31.41459332,-155.5944824,0,0,0,0,0,0,0,2,0,0,0,107726341,2,0,2471291342,0
271,120.6485382,31.41459332,-155.5944824,0,0,0,0,0,0,0,2,0,0,0,107726341,2,0,2471331363,0
272,120.6485382,31.41459332,-155.5944824,0,0,0,0,0,0,0,2,0,0,0,107726341,2,0,2471391362,0
273,120.6485382,31.41459332,-155.5944824,0,0,0,0,0,0,0,2,0,0,0,107726341,2,0,2471441352,0
274,120.6485382,31.41459332,-155.5944824,0,0,0,0,0,0,0,2,0,0,0,107726341,2,0,2471481352,0
275,120.6485382,31.41459332,-155.5944824,0,0,0,0,0,0,0,2,0,0,0,107726341,2,0,2471531348,0
276,120.6485382,31.41459332,-155.5944824,0,0,0,0,0,0,0,2,0,0,0,107726341,2,0,2471591348,0
277,120.6485382,31.41459332,-155.5944824,0,0,0,0,0,0,0,2,0,0,0,107726341,2,0,2471631345,0
278,120.6485382,31.41459332,-155.5944824,0,0,0,0,0,0,0,2,0,0,0,107726341,2,0,2471691346,0
279,120.6485382,31.41459332,-155.5944824,0,0,0,0,0,0,0,2,0,0,0,107726341,2,0,2471731346,0
280,120.6485382,31.41459332,-155.5944824,0,0,0,0,0,0,0,2,0,0,0,107726341,2,0,2471791358,0
281,120.6485382,31.41459332,-155.5944824,0,0,0,0,0,0,0,2,0,0,0,107726341,2,0,2471831358,0
282,120.6485382,31.41459332,-155.5944824,0,0,0,0,0,0,0,2,0,0,0,107726341,2,0,2471891397,0
283,120.6485382,31.41459332,-155.5944824,0,0,0,0,0,0,0,2,0,0,0,107726341,2,0,2471931397,0
284,120.6485382,31.41459332,-155.5944824,0,0,0,0,0,0,0,2,0,0,0,107726341,2,0,2471991364,0
285,120.6485382,31.41459332,-155.5944824,0,0,0,0,0,0,0,2,0,0,0,107726341,2,0,2472041363,0
286,120.6485382,31.41459332,-155.5944824,0,0,0,0,0,0,0,2,0,0,0,107726341,2,0,2472091396,0
287,120.6485382,31.41459332,-155.5944824,0,0,0,0,0,0,0,2,0,0,0,107726341,2,0,2472131396,0
288,120.6485382,31.41459332,-155.5944824,0,0,0,0,0,0,0,2,0,0,0,107726341,2,0,2472191350,0
289,120.6485382,31.41459332,-155.5944824,0,0,0,0,0,0,0,2,0,0,0,107726341,2,0,2472231350,0
290,120.6485382,31.41459332,-155.5944824,0,0,0,0,0,0,0,2,0,0,0,107726341,2,0,2472291351,0
291,120.6485382,31.41459332,-155.5944824,0,0,0,0,0,0,0,2,0,0,0,107726341,2,0,2472331351,0
292,120.6485382,31.41459332,-155.5944824,0,0,0,0,0,0,0,2,0,0,0,107726341,2,0,2472401372,0
293,120.6485382,31.41459332,-155.5944824,0,0,0,0,0,0,0,2,0,0,0,107726341,2,0,2472431372,0
294,120.6485382,31.41459332,-155.5944824,0,0,0,0,0,0,0,2,0,0,0,107726341,2,0,2472501371,0
295,120.6485382,31.41459332,-155.5944824,0,0,0,0,0,0,0,2,0,0,0,107726341,2,0,2472532676,0
296,120.6485382,31.41459332,-155.5944824,0,0,0,0,0,0,0,2,0,0,0,107726341,2,0,2472601376,0
297,120.6485382,31.41459332,-155.5944824,0,0,0,0,0,0,0,2,0,0,0,107726341,2,0,2472641373,0
298,120.6485382,31.41459332,-155.6054688,0,0,0,0,0,0,0,2,0,0,0,107726341,2,0,2472691373,0
299,120.6485382,31.41459332,-155.5944824,0,0,0,0,0,0,0,2,0,0,0,107726341,2,0,2472731359,0
300,120.6485382,31.41459332,-155.5944824,0,0,0,0,0,0,0,2,0,0,0,107726341,2,0,2472791359,0
301,120.6485382,31.41459332,-155.5944824,0,0,0,0,0,0,0,2,0,0,0,107726341,2,0,2472831359,0
302,120.6485382,31.41459332,-155.5944824,0,0,0,0,0,0,0,2,0,0,0,107726341,2,0,2472891360,0
303,120.6485382,31.41459332,-155.5944824,0,0,0,0,0,0,0,2,0,0,0,107726341,2,0,2472931360,0
304,120.6485382,31.41459332,-155.5944824,0,0,0,0,0,0,0,2,0,0,0,107726341,2,0,2472981375,0
305,120.6485382,31.41459332,-155.5944824,0,0,0,0,0,0,0,2,0,0,0,107726341,2,0,2473031376,0
306,120.6485382,31.41459332,-155.5944824,0,0,0,0,0,0,0,2,0,0,0,107726341,2,0,2473082680,0
307,120.6485382,31.41459332,-155.5944824,0,0,0,0,0,0,0,2,0,0,0,107726341,2,0,2473133080,0
308,120.6485382,31.41459332,-155.5944824,0,0,0,0,0,0,0,2,0,0,0,107726341,2,0,2473181467,0
309,120.6485382,31.41459332,-155.5944824,0,0,0,0,0,0,0,2,0,0,0,107726341,2,0,2473231467,0
310,120.6485382,31.41459332,-155.5944824,0,0,0,0,0,0,0,2,0,0,0,107726341,2,0,2473311465,0
311,120.6485382,31.41459332,-155.5944824,0,0,0,0,0,0,0,2,0,0,0,107726341,2,0,2473332765,0
312,120.6485382,31.41459332,-155.5944824,0,0,0,0,0,0,0,2,0,0,0,107726341,2,0,2473391468,0
313,120.6485382,31.41459332,-155.5944824,0,0,0,0,0,0,0,2,0,0,0,107726341,2,0,2473431469,0
314,120.6485382,31.41459332,-155.5944824,0,0,0,0,0,0,0,2,0,0,0,107726341,2,0,2473481469,0
315,120.6485382,31.41459332,-155.5944824,0,0,0,0,0,0,0,2,0,0,0,107726341,2,0,2473561476,0
316,120.6485382,31.41459332,-155.5944824,0,0,0,0,0,0,0,2,0,0,0,107726341,2,0,2473611482,0
317,120.6485382,31.41459332,-155.5944824,0,0,0,0,0,0,0,2,0,0,0,107726341,2,0,2473661483,0
318,120.6485382,31.41459332,-155.5944824,0,0,0,0,0,0,0,2,0,0,0,107726341,2,0,2473711483,0
319,120.6485382,31.41459332,-155.5944824,0,0,0,0,0,0,0,2,0,0,0,107726341,2,0,2473761430,0
320,120.6485382,31.41459332,-155.5944824,0,0,0,0,0,0,0,2,0,0,0,107726341,2,0,2473811429,0
321,120.6485382,31.41459332,-155.5944824,0,0,0,0,0,0,0,2,0,0,0,107726341,2,0,2473861476,0
322,120.6485382,31.41459332,-155.5944824,0,0,0,0,0,0,0,2,0,0,0,107726341,2,0,2473911476,0
323,120.6485382,31.41459332,-155.5944824,0,0,0,0,0,0,0,2,0,0,0,107726341,2,0,2473961493,0
324,120.6485382,31.41459332,-155.5944824,0,0,0,0,0,0,0,2,0,0,0,107726341,2,0,2474011493,0
325,120.6485382,31.41459332,-155.5944824,0,0,0,0,0,0,0,2,0,0,0,107726341,2,0,2474061487,0
326,120.6485382,31.41459332,-155.5944824,0,0,0,0,0,0,0,2,0,0,0,107726341,2,0,2474111486,0
327,120.6485382,31.41459332,-155.5944824,0,0,0,0,0,0,0,2,0,0,0,107726341,2,0,2474161424,0
328,120.6485382,31.41459332,-155.5944824,0,0,0,0,0,0,0,2,0,0,0,107726341,2,0,2474211424,0
329,120.6485382,31.41459332,-155.5944824,0,0,0,0,0,0,0,2,0,0,0,107726341,2,0,2474261424,0
330,120.6485382,31.41459332,-155.6054688,0,0,0,0,0,0,0,2,0,0,0,107726341,2,0,2474311515,0
331,120.6485382,31.41459332,-155.6054688,0,0,0,0,0,0,0,2,0,0,0,107726341,2,0,2474361516,0
332,120.6485382,31.41459332,-155.6054688,0,0,0,0,0,0,0,2,0,0,0,107726341,2,0,2474411483,0
333,120.6485382,31.41459332,-155.6054688,0,0,0,0,0,0,0,2,0,0,0,107726341,2,0,2474461484,0
334,120.6485382,31.41459332,-155.6054688,0,0,0,0,0,0,0,2,0,0,0,107726341,2,0,2474511485,0
335,120.6485382,31.41459332,-155.6054688,0,0,0,0,0,0,0,2,0,0,0,107726341,2,0,2474561385,0
336,120.6485382,31.41459332,-155.6054688,0,0,0,0,0,0,0,2,0,0,0,107726341,2,0,2474611404,0
337,120.6485382,31.41459332,-155.6054688,0,0,0,0,0,0,0,2,0,0,0,107726341,2,0,2474661404,0
338,120.6485382,31.41459332,-155.6054688,0,0,0,0,0,0,0,2,0,0,0,107726341,2,0,2474711336,0
339,120.6485382,31.41459332,-155.6054688,0,0,0,0,0,0,0,2,0,0,0,107726341,2,0,2474761337,0
340,120.6485382,31.41459332,-155.6054688,0,0,0,0,0,0,0,2,0,0,0,107726341,2,0,2474811337,0
341,120.6485382,31.41459332,-155.6054688,0,0,0,0,0,0,0,2,0,0,0,107726341,2,0,2474862798,0
342,120.6485382,31.41459332,-155.5944824,0,0,0,0,0,0,0,2,0,0,0,107726341,2,0,2474911397,0
343,120.6485382,31.41459332,-155.5944824,0,0,0,0,0,0,0,2,0,0,0,107726341,2,0,2474961387,0
344,120.6485382,31.41459332,-155.5944824,0,0,0,0,0,0,0,2,0,0,0,107726341,2,0,2475011388,0
345,120.6485382,31.41459332,-155.5944824,0,0,0,0,0,0,0,2,0,0,0,107726341,2,0,2475061406,0
346,120.6485382,31.41459332,-155.5944824,0,0,0,0,0,0,0,2,0,0,0,107726341,2,0,2475111406,0
347,120.6485382,31.41459332,-155.5944824,0,0,0,0,0,0,0,2,0,0,0,107726341,2,0,2475161401,0
348,120.6485382,31.41459332,-155.5944824,0,0,0,0,0,0,0,2,0,0,0,107726341,2,0,2475211401,0
349,120.6485382,31.41459332,-155.5944824,0,0,0,0,0,0,0,2,0,0,0,107726341,2,0,2475261355,0
350,120.6485382,31.41459332,-155.5944824,0,0,0,0,0,0,0,2,0,0,0,107726341,2,0,2475311355,0
351,120.6485382,31.41459332,-155.5944824,0,0,0,0,0,0,0,2,0,0,0,107726341,2,0,2475361355,0
352,120.6485382,31.41459332,-155.5944824,0,0,0,0,0,0,0,2,0,0,0,107726341,2,0,2475411404,0
353,120.6485382,31.41459332,-155.5944824,0,0,0,0,0,0,0,2,0,0,0,107726341,2,0,2475461403,0
354,120.6485382,31.41459332,-155.5944824,0,0,0,0,0,0,0,2,0,0,0,107726341,2,0,2475511400,0
355,120.6485382,31.41459332,-155.5944824,0,0,0,0,0,0,0,2,0,0,0,107726341,2,0,2475561401,0
356,120.6485382,31.41459332,-155.5944824,0,0,0,0,0,0,0,2,0,0,0,107726341,2,0,2475611401,0
357,120.6485382,31.41459332,-155.5944824,0,0,0,0,0,0,0,2,0,0,0,107726341,2,0,2475661401,0
358,120.6485382,31.41459332,-155.5944824,0,0,0,0,0,0,0,2,0,0,0,107726341,2,0,2475712825,0
359,120.6485382,31.41459332,-155.5944824,0,0,0,0,0,0,0,2,0,0,0,107726341,2,0,2475761424,0
360,120.6485382,31.41459332,-155.5944824,0,0,0,0,0,0,0,2,0,0,0,107726341,2,0,2475811447,0
361,120.6485382,31.41459332,-155.5944824,0,0,0,0,0,0,0,2,0,0,0,107726341,2,0,2475861447,0
362,120.6485382,31.41459332,-155.5944824,0,0,0,0,0,0,0,2,0,0,0,107726341,2,0,2475911447,0
363,120.6485382,31.41459332,-155.5944824,0,0,0,0,0,0,0,2,0,0,0,107726341,2,0,2475961362,0
364,120.6485382,31.41459332,-155.5944824,0,0,0,0,0,0,0,2,0,0,0,107726341,2,0,2476011361,0
365,120.6485382,31.41459332,-155.5944824,0,0,0,0,0,0,0,2,0,0,0,107726341,2,0,2476061406,0
366,120.6485382,31.41459332,-155.5944824,0,0,0,0,0,0,0,2,0,0,0,107726341,2,0,2476111407,0
367,120.6485382,31.41459332,-155.5944824,0,0,0,0,0,0,0,2,0,0,0,107726341,2,0,2476161411,0
368,120.6485382,31.41459332,-155.5944824,0,0,0,0,0,0,0,2,0,0,0,107726341,2,0,2476211411,0
369,120.6485382,31.41459332,-155.5944824,0,0,0,0,0,0,0,2,0,0,0,107726341,2,0,2476262821,0
370,120.6485382,31.41459332,-155.5944824,0,0,0,0,0,0,0,2,0,0,0,107726341,2,0,2476311422,0
371,120.6485382,31.41459332,-155.5944824,0,0,0,0,0,0,0,2,0,0,0,107726341,2,0,2476361470,0
372,120.6485382,31.41459332,-155.5944824,0,0,0,0,0,0,0,2,0,0,0,107726341,2,0,2476411470,0
373,120.6485382,31.41459332,-155.5944824,0,0,0,0,0,0,0,2,0,0,0,107726341,2,0,2476461469,0
374,120.6485382,31.41459332,-155.5944824,0,0,0,0,0,0,0,2,0,0,0,107726341,2,0,2476511416,0
375,120.6485382,31.41459332,-155.5944824,0,0,0,0,0,0,0,2,0,0,0,107726341,2,0,2476561417,0
376,120.6485382,31.41459332,-155.5944824,0,0,0,0,0,0,0,2,0,0,0,107726341,2,0,2476611415,0
377,120.6485382,31.41459332,-155.5944824,0,0,0,0,0,0,0,2,0,0,0,107726341,2,0,2476661415,0
378,120.6485382,31.41459332,-155.5944824,0,0,0,0,0,0,0,2,0,0,0,107726341,2,0,2476711420,0
379,120.6485382,31.41459332,-155.5944824,0,0,0,0,0,0,0,2,0,0,0,107726341,2,0,2476761420,0
380,120.6485382,31.41459332,-155.5944824,0,0,0,0,0,0,0,2,0,0,0,107726341,2,0,2476811425,0
381,120.6485382,31.41459332,-155.5944824,0,0,0,0,0,0,0,2,0,0,0,107726341,2,0,2476861426,0
382,120.6485382,31.41459332,-155.5944824,0,0,0,0,0,0,0,2,0,0,0,107726341,2,0,2476921429,0
383,120.6485382,31.41459332,-155.5944824,0,0,0,0,0,0,0,2,0,0,0,107726341,2,0,2476961429,0
384,120.6485382,31.41459332,-155.5944824,0,0,0,0,0,0,0,2,0,0,0,107726341,2,0,2477011428,0
385,120.6485382,31.41459332,-155.5944824,0,0,0,0,0,0,0,2,0,0,0,107726341,2,0,2477061443,0
386,120.6485382,31.41459332,-155.5944824,0,0,0,0,0,0,0,2,0,0,0,107726341,2,0,2477121443,0
387,120.6485382,31.41459332,-155.5944824,0,0,0,0,0,0,0,2,0,0,0,107726341,2,0,2477161427,0
388,120.6485382,31.41459332,-155.5944824,0,0,0,0,0,0,0,2,0,0,0,107726341,2,0,2477211426,0
389,120.6485382,31.41459332,-155.5944824,0,0,0,0,0,0,0,2,0,0,0,107726341,2,0,2477261446,0
390,120.6485382,31.41459332,-155.5944824,0,0,0,0,0,0,0,2,0,0,0,107726341,2,0,2477311445,0
391,120.6485382,31.41459332,-155.5944824,0,0,0,0,0,0,0,2,0,0,0,107726341,2,0,2477361439,0
392,120.6485382,31.41459332,-155.5944824,0,0,0,0,0,0,0,2,0,0,0,107726341,2,0,2477411440,0
393,120.6485382,31.41459332,-155.5944824,0,0,0,0,0,0,0,2,0,0,0,107726341,2,0,2477461433,0
394,120.6485382,31.41459332,-155.5944824,0,0,0,0,0,0,0,2,0,0,0,107726341,2,0,2477511432,0
395,120.6485382,31.41459332,-155.5944824,0,0,0,0,0,0,0,2,0,0,0,107726341,2,0,2477561433,0
396,120.6485382,31.41459332,-155.5944824,0,0,0,0,0,0,0,2,0,0,0,107726341,2,0,2477611480,0
397,120.6485382,31.41459332,-155.5944824,0,0,0,0,0,0,0,2,0,0,0,107726341,2,0,2477661479,0
398,120.6485382,31.41459332,-155.5944824,0,0,0,0,0,0,0,2,0,0,0,107726341,2,0,2477711434,0
399,120.6485382,31.41459332,-155.5944824,0,0,0,0,0,0,0,2,0,0,0,107726341,2,0,2477761435,0
400,120.6485382,31.41459332,-155.5944824,0,0,0,0,0,0,0,2,0,0,0,107726341,2,0,2477811441,0
401,120.6485382,31.41459332,-155.5944824,0,0,0,0,0,0,0,2,0,0,0,107726341,2,0,2477861441,0
402,120.6485382,31.41459332,-155.5944824,0,0,0,0,0,0,0,2,0,0,0,107726341,2,0,2477911456,0
403,120.6485382,31.41459332,-155.5944824,0,0,0,0,0,0,0,2,0,0,0,107726341,2,0,2477961457,0
404,120.6485382,31.41459332,-155.5944824,0,0,0,0,0,0,0,2,0,0,0,107726341,2,0,2478011447,0
405,120.6485382,31.41459332,-155.5944824,0,0,0,0,0,0,0,2,0,0,0,107726341,2,0,2478061447,0
406,120.6485382,31.41459332,-155.5944824,0,0,0,0,0,0,0,2,0,0,0,107726341,2,0,2478111447,0
407,120.6485382,31.41459332,-155.5944824,0,0,0,0,0,0,0,2,0,0,0,107726341,2,0,2478161444,0
408,120.6485382,31.41459332,-155.5944824,0,0,0,0,0,0,0,2,0,0,0,107726341,2,0,2478211445,0
409,120.6485382,31.41459332,-155.5944824,0,0,0,0,0,0,0,2,0,0,0,107726341,2,0,2478261443,0
410,120.6485382,31.41459332,-155.5944824,0,0,0,0,0,0,0,2,0,0,0,107726341,2,0,2478311444,0
411,120.6485382,31.41459332,-155.5944824,0,0,0,0,0,0,0,2,0,0,0,107726341,2,0,2478372863,0
412,120.6485382,31.41459332,-155.5944824,0,0,0,0,0,0,0,2,0,0,0,107726341,2,0,2478411463,0
413,120.6485382,31.41459332,-155.5944824,0,0,0,0,0,0,0,2,0,0,0,107726341,2,0,2478471451,0
414,120.6485382,31.41459332,-155.5944824,0,0,0,0,0,0,0,2,0,0,0,107726341,2,0,2478511451,0
415,120.6485382,31.41459332,-155.5944824,0,0,0,0,0,0,0,2,0,0,0,107726341,2,0,2478572870,0
416,120.6485382,31.41459332,-155.5944824,0,0,0,0,0,0,0,2,0,0,0,107726341,2,0,2478611470,0
417,120.6485382,31.41459332,-155.5944824,0,0,0,0,0,0,0,2,0,0,0,107726341,2,0,2478661470,0
418,120.6485382,31.41459332,-155.5944824,0,0,0,0,0,0,0,2,0,0,0,107726341,2,0,2478711468,0
419,120.6485382,31.41459332,-155.5944824,0,0,0,0,0,0,0,2,0,0,0,107726341,2,0,2478761467,0
420,120.6485382,31.41459323,-155.5944824,0,0,0,0,0,0,0,2,0,0,0,107726341,2,0,2478812650,0
421,120.6485382,31.41459323,-155.6054688,0,0,0,0,0,0,0,2,0,0,0,107726341,2,0,2478861450,0
422,120.6485382,31.41459323,-155.5944824,0,0,0,0,0,0,0,2,0,0,0,107726341,2,0,2478911458,0
423,120.6485382,31.41459315,-155.5944824,0,0,0,0,0,0,0,2,0,0,0,107726341,2,0,2478961458,0
424,120.6485382,31.41459315,-155.5944824,0,0,0,0,0,0,0,2,0,0,0,107726341,2,0,2479011522,0
425,120.6485382,31.41459315,-155.5944824,0,0,0,0,0,0,0,2,0,0,0,107726341,2,0,2479061523,0
426,120.6485382,31.41459315,-155.6054688,0,0,0,0,0,0,0,2,0,0,0,107726341,2,0,2479111470,0
427,120.6485381,31.41459298,-155.6054688,0,0,0,0,0,0,0,2,0,0,0,107726341,2,0,2479161471,0
428,120.6485381,31.41459298,-155.6054688,0,0,0,0,0,0,0,2,0,0,0,107726341,2,0,2479211471,0
429,120.6485381,31.4145929,-155.6054688,0,0,0,0,0,0,0,2,0,0,0,107726341,2,0,2479261530,0
430,120.6485381,31.4145929,-155.6054688,0,0,0,0,0,0,0,2,0,0,0,107726341,2,0,2479311530,0
431,120.648538,31.41459282,-155.6054688,0,0,0,0,0,0,0,2,0,0,0,107726341,2,0,2479361556,0
432,120.648538,31.41459282,-155.6054688,0,0,0,0,0,0,0,2,0,0,0,107726341,2,0,2479411557,0
433,120.648538,31.41459273,-155.6054688,0,0,0,0,0,0,0,2,0,0,0,107726341,2,0,2479461561,0
434,120.648538,31.41459273,-155.6054688,0,0,0,0,0,0,0,2,0,0,0,107726341,2,0,2479511561,0
435,120.6485378,31.41459265,-155.6054688,0,0,0,0,0,0,0,2,0,0,0,107726341,2,0,2479561475,0
436,120.6485378,31.41459248,-155.6054688,0,0,0,0,0,0,0,2,0,0,0,107726341,2,0,2479611474,0
437,120.6485377,31.4145924,-155.6054688,0,0,0,0,0,0,0,2,0,0,0,107726341,2,0,2479661518,0
438,120.6485377,31.4145924,-155.6054688,0,0,0,0,0,0,0,2,0,0,0,107726341,2,0,2479711518,0
439,120.6485377,31.41459223,-155.6054688,0,0,0,0,0,0,0,2,0,0,0,107726341,2,0,2479761518,0
440,120.6485377,31.41459223,-155.6054688,0,0,0,0,0,0,0,2,0,0,0,107726341,2,0,2479811615,0
441,120.6485376,31.41459206,-155.6054688,0,0,0,0,0,0,0,2,0,0,0,107726341,2,0,2479861615,0
442,120.6485376,31.41459206,-155.5944824,0,0,0,0,0,0,0,2,0,0,0,107726341,2,0,2479922775,0
443,120.6485375,31.41459181,-155.5944824,0,0,0,0,0,0,0,2,0,0,0,107726341,2,0,2479961575,0
444,120.6485375,31.41459181,-155.5944824,0,0,0,0,0,0,0,2,0,0,0,107726341,2,0,2480022770,0
445,120.6485373,31.41459164,-155.5944824,0,0,0,0,0,0,0,2,0,0,0,107726341,2,0,2480062670,0
446,120.6485373,31.41459156,-155.5944824,0,0,0,0,0,0,0,2,0,0,0,107726341,2,0,2480121525,0
447,120.6485372,31.41459139,-155.5944824,0,0,0,0,0,0,0,2,0,0,0,107726341,2,0,2480161525,0
448,120.6485372,31.41459131,-155.5944824,0,0,0,0,0,0,0,2,0,0,0,107726341,2,0,2480231585,0
449,120.6485372,31.41459131,-155.5944824,0,0,0,0,0,0,0,2,0,0,0,107726341,2,0,2480261584,0
450,120.6485372,31.41459114,-155.5944824,0,0,0,0,0,0,0,2,0,0,0,107726341,2,0,2480331561,0
451,120.6485371,31.41459114,-155.5944824,0,0,0,0,0,0,0,2,0,0,0,107726341,2,0,2480392961,0
452,120.6485371,31.41459106,-155.5944824,0,0,0,0,0,0,0,2,0,0,0,107726341,2,0,2480411561,0
453,120.6485371,31.41459089,-155.5944824,0,0,0,0,0,0,0,2,0,0,0,107726341,2,0,2480461581,0
454,120.648537,31.41459089,-155.5944824,0,0,0,0,0,0,0,2,0,0,0,107726341,2,0,2480511580,0
455,120.648537,31.4145908,-155.5944824,0,0,0,0,0,0,0,2,0,0,0,107726341,2,0,2480561509,0
456,120.6485369,31.41459072,-155.5834961,0,0,0,0,0,0,0,2,0,0,0,107726341,2,0,2480631509,0
457,120.6485369,31.41459064,-155.5944824,0,0,0,0,0,0,0,2,0,0,0,107726341,2,0,2480681591,0
458,120.6485369,31.41459064,-155.5944824,0,0,0,0,0,0,0,2,0,0,0,107726341,2,0,2480711591,0
459,120.6485367,31.41459055,-155.5944824,0,0,0,0,0,0,0,2,0,0,0,107726341,2,0,2480761592,0
460,120.6485367,31.41459038,-155.5944824,0,0,0,0,0,0,0,2,0,0,0,107726341,2,0,2480832793,0
461,120.6485367,31.41459038,-155.5944824,0,0,0,0,0,0,0,2,0,0,0,107726341,2,0,2480861593,0
462,120.6485367,31.41459022,-155.5944824,0,0,0,0,0,0,0,2,0,0,0,107726341,2,0,2480931602,0
463,120.6485367,31.41459022,-155.5944824,0,0,0,0,0,0,0,2,0,0,0,107726341,2,0,2480962702,0
464,120.6485366,31.41459013,-155.5944824,0,0,0,0,0,0,0,2,0,0,0,107726341,2,0,2481031592,0
465,120.6485366,31.41459005,-155.5944824,0,0,0,0,0,0,0,2,0,0,0,107726341,2,0,2481061592,0
466,120.6485365,31.41458988,-155.5944824,0,0,0,0,0,0,0,2,0,0,0,107726341,2,0,2481132789,0
467,120.6485364,31.41458971,-155.5944824,0,0,0,0,0,0,0,2,0,0,0,107726341,2,0,2481181589,0
468,120.6485364,31.41458963,-155.5834961,0,0,0,0,0,0,0,2,0,0,0,107726341,2,0,2481231622,0
469,120.6485362,31.41458955,-155.5834961,0,0,0,0,0,0,0,2,0,0,0,107726341,2,0,2481281623,0
470,120.6485362,31.41458955,-155.5834961,0,0,0,0,0,0,0,2,0,0,0,107726341,2,0,2481311597,0
471,120.6485362,31.4145893,-155.5834961,0,0,0,0,0,0,0,2,0,0,0,107726341,2,0,2481362797,0
472,120.6485361,31.41458921,-155.5834961,0,0,0,0,0,0,0,2,0,0,0,107726341,2,0,2481431597,0
473,120.6485361,31.41458913,-155.5834961,0,0,0,0,0,0,0,2,0,0,0,107726341,2,0,2481461598,0
474,120.648536,31.41458888,-155.5834961,0,0,0,0,0,0,0,2,0,0,0,107726341,2,0,2481531592,0
475,120.6485359,31.41458879,-155.5834961,0,0,0,0,0,0,0,2,0,0,0,107726341,2,0,2481581592,0
476,120.6485359,31.41458871,-155.5834961,0,0,0,0,0,0,0,2,0,0,0,107726341,2,0,2481611591,0
477,120.6485357,31.41458854,-155.5834961,0,0,0,0,0,0,0,2,0,0,0,107726341,2,0,2481661612,0
478,120.6485356,31.41458829,-155.5834961,0,0,0,0,0,0,0,2,0,0,0,107726341,2,0,2481731612,0
479,120.6485356,31.41458812,-155.5834961,0,0,0,0,0,0,0,2,0,0,0,107726341,2,0,2481781604,0
480,120.6485355,31.41458804,-155.5834961,0,0,0,0,0,0,0,2,0,0,0,107726341,2,0,2481831605,0
481,120.6485354,31.41458795,-155.5834961,0,0,0,0,0,0,0,2,0,0,0,107726341,2,0,2481861619,0
482,120.6485352,31.4145877,-155.5834961,0,0,0,0,0,0,0,2,0,0,0,107726341,2,0,2481911620,0
483,120.6485351,31.41458745,-155.5834961,0,0,0,0,0,0,0,2,0,0,0,107726341,2,0,2481971614,0
484,120.648535,31.4145872,-155.5834961,0,0,0,0,0,0,0,2,0,0,0,107726341,2,0,2482032813,0
485,120.6485349,31.41458695,-155.5834961,0,0,0,0,0,0,0,2,0,0,0,107726341,2,0,2482081600,0
486,120.6485347,31.4145867,-155.5834961,0,0,0,0,0,0,0,2,0,0,0,107726341,2,0,2482131599,0
487,120.6485346,31.41458653,-155.5834961,0,0,0,0,0,0,0,2,0,0,0,107726341,2,0,2482172800,0
488,120.6485346,31.41458628,-155.5834961,0,0,0,0,0,0,0,2,0,0,0,107726341,2,0,2482211604,0
489,120.6485344,31.41458603,-155.5834961,0,0,0,0,0,0,0,2,0,0,0,107726341,2,0,2482281604,0
490,120.6485341,31.41458569,-155.5834961,0,0,0,0,0,0,0,2,0,0,0,107726341,2,0,2482331631,0
491,120.6485341,31.41458544,-155.5725098,0,0,0,0,0,0,0,2,0,0,0,107726341,2,0,2482382831,0
492,120.6485339,31.4145851,-155.5725098,0,0,0,0,0,0,0,2,0,0,0,107726341,2,0,2482431618,0
493,120.6485336,31.41458469,-155.5725098,0,0,0,0,0,0,0,2,0,0,0,107726341,2,0,2482491618,0
494,120.6485336,31.41458452,-155.5725098,0,0,0,0,0,0,0,2,0,0,0,107726341,2,0,2482531631,0
495,120.6485334,31.41458418,-155.5725098,0,0,0,0,0,0,0,2,0,0,0,107726341,2,0,2482581632,0
496,120.6485332,31.41458385,-155.5725098,0,0,0,0,0,0,0,2,0,0,0,107726341,2,0,2482631607,0
497,120.6485331,31.4145836,-155.5725098,0,0,0,0,0,0,0,2,0,0,0,107726341,2,0,2482661608,0
498,120.6485329,31.41458309,-155.5725098,0,0,0,0,0,0,0,2,0,0,0,107726341,2,0,2482731608,0
499,120.6485328,31.41458292,-155.5615234,0,0,0,0,0,0,0,2,0,0,0,107726341,2,0,2482761612,0
500,120.6485325,31.41458242,-155.5615234,0,0,0,0,0,0,0,2,0,0,0,107726341,2,0,2482832812,0
501,120.6485323,31.414582,-155.5615234,0,0,0,0,0,0,0,2,0,0,0,107726341,2,0,2482881632,0
502,120.648532,31.41458158,-155.5615234,0,0,0,0,0,0,0,2,0,0,0,107726341,2,0,2482931632,0
503,120.648532,31.41458142,-155.5615234,0,0,0,0,0,0,0,2,0,0,0,107726341,2,0,2482962740,0
504,120.6485318,31.414581,-155.5615234,0,0,0,0,0,0,0,2,0,0,0,107726341,2,0,2483011639,0
505,120.6485315,31.41458058,-155.5615234,0,0,0,0,0,0,0,2,0,0,0,107726341,2,0,2483061640,0
506,120.6485311,31.41457991,-155.5615234,0,0,0,0,0,0,0,2,0,0,0,107726341,2,0,2483131642,0
507,120.648531,31.41457957,-155.5615234,0,0,0,0,0,0,0,2,0,0,0,107726341,2,0,2483161643,0
508,120.6485306,31.41457899,-155.5615234,0,0,0,0,0,0,0,2,0,0,0,107726341,2,0,2483231617,0
509,120.6485305,31.41457873,-155.5615234,0,0,0,0,0,0,0,2,0,0,0,107726341,2,0,2483261617,0
510,120.64853,31.4145779,-155.5615234,0,0,0,0,0,0,0,2,0,0,0,107726341,2,0,2483332822,0
511,120.6485299,31.41457764,-155.5615234,0,0,0,0,0,0,0,2,0,0,0,107726341,2,0,2483361622,0
512,120.6485295,31.41457681,-155.5505371,0,0,0,0,0,0,0,2,0,0,0,107726341,2,0,2483431632,0
513,120.6485291,31.41457622,-155.5505371,0,0,0,0,0,0,0,2,0,0,0,107726341,2,0,2483481633,0
514,120.6485289,31.41457563,-155.5505371,0,0,0,0,0,0,0,2,0,0,0,107726341,2,0,2483531631,0
515,120.6485285,31.41457496,-155.5505371,0,0,0,0,0,0,0,2,0,0,0,107726341,2,0,2483581632,0
516,120.6485283,31.41457429,-155.5505371,0,0,0,0,0,0,0,2,0,0,0,107726341,2,0,2483631638,0
517,120.6485279,31.41457387,-155.5505371,0,0,0,0,0,0,0,2,0,0,0,107726341,2,0,2483661639,0
518,120.6485274,31.41457303,-155.5505371,0,0,0,0,0,0,0,2,0,0,0,107726341,2,0,2483731625,0
519,120.6485272,31.41457228,-155.5395508,0,0,0,0,0,0,0,2,0,0,0,107726341,2,0,2483781625,0
520,120.6485268,31.41457153,-155.5395508,0,0,0,0,0,0,0,2,0,0,0,107726341,2,0,2483831625,0
521,120.6485263,31.41457077,-155.5395508,0,0,0,0,0,0,0,2,0,0,0,107726341,2,0,2483881648,0
522,120.6485259,31.41457002,-155.5395508,0,0,0,0,0,0,0,2,0,0,0,107726341,2,0,2483931648,0
523,120.6485254,31.41456909,-155.5395508,0,0,0,0,0,0,0,2,0,0,0,107726341,2,0,2483991643,0
524,120.648525,31.41456826,-155.5395508,0,0,0,0,0,0,0,2,0,0,0,107726341,2,0,2484041643,0
525,120.6485247,31.41456759,-155.5395508,0,0,0,0,0,0,0,2,0,0,0,107726341,2,0,2484081643,0
526,120.6485242,31.41456683,-155.5285645,0,0,0,0,0,0,0,2,0,0,0,107726341,2,0,2484131642,0
527,120.6485237,31.41456566,-155.5285645,0,0,0,0,0,0,0,2,0,0,0,107726341,2,0,2484191653,0
528,120.6485232,31.41456499,-155.5285645,0,0,0,0,0,0,0,2,0,0,0,107726341,2,0,2484231653,0
529,120.6485228,31.41456407,-155.5285645,0,0,0,0,0,0,0,2,0,0,0,107726341,2,0,2484281633,0
530,120.6485234,31.41456541,-155.4706726,2.152504921,0,0,0,0,0,0,2,0,0,0,107726341,2,0,2484352000,0
531,120.6485229,31.41456448,-155.468277,2.194103956,0,0,0,0,0,0,2,0,0,0,107726341,2,0,2484402000,0
532,120.6485226,31.41456381,-155.4663391,2.226016283,0,0,0,0,0,0,2,0,0,0,107726341,2,0,2484442000,0
533,120.648522,31.41456264,-155.4673615,2.276020527,0,0,0,0,0,0,2,0,0,0,107726341,2,0,2484502000,0
534,120.6485214,31.41456147,-155.468399,2.318133354,0,0,0,0,0,0,2,0,0,0,107726341,2,0,2484552000,0
535,120.6485201,31.41455937,-155.4688568,2.448020697,0,0,0,0,0,0,2,0,0,0,107726341,2,0,2484602000,0
536,120.6485194,31.41455786,-155.4693146,2.491491318,0,0,0,0,0,0,2,0,0,0,107726341,2,0,2484652000,0
537,120.6485185,31.41455619,-155.4043579,2.54398489,0,0,0,0,0,0,2,0,0,0,107726341,2,0,2484702000,0
538,120.6485176,31.41455476,-155.3641815,2.59220314,0,0,0,0,0,0,2,0,0,0,107726341,2,0,2484752000,0
539,120.648517,31.41455359,-155.2923889,2.63684535,0,0,0,0,0,0,2,0,0,0,107726341,2,0,2484802000,0
540,120.6485165,31.4145525,-155.2536011,2.679907322,0,0,0,0,0,0,2,0,0,0,107726341,2,0,2484852000,0
541,120.648516,31.41455158,-155.2416229,2.716975689,0,0,0,0,0,0,2,0,0,0,107726341,2,0,2484902000,0
542,120.6485154,31.41455057,-155.2298584,2.756577015,0,0,0,0,0,0,2,0,0,0,107726341,2,0,2484952000,0
543,120.6485149,31.41454965,-155.3218842,2.790703297,0,0,0,0,0,0,2,0,0,0,107726341,2,0,2485002000,0
544,120.6485144,31.41454873,-155.4125671,2.820824862,0,0,0,0,0,0,2,0,0,0,107726341,2,0,2485052000,0
545,120.6485139,31.41454772,-155.4985352,2.862519741,0,0,0,0,0,0,2,0,0,0,107726341,2,0,2485103000,0
546,120.6485134,31.41454663,-155.5855408,2.898138046,0,0,0,0,0,0,2,0,0,0,107726341,2,0,2485152000,0
547,120.6485128,31.41454546,-155.666626,2.935180664,0,0,0,0,0,0,2,0,0,0,107726341,2,0,2485202000,0
548,120.6485122,31.41454428,-155.7464752,2.970860243,0,0,0,0,0,0,2,0,0,0,107726341,2,0,2485252000,0
549,120.6485116,31.41454303,-155.7832947,3.008108377,0,0,0,0,0,0,2,0,0,0,107726341,2,0,2485302000,0
550,120.6485109,31.41454177,-155.8192749,3.065069914,0,0,0,0,0,0,2,0,0,0,107726341,2,0,2485352000,0
551,120.6485103,31.41454043,-155.8727417,3.101611137,0,0,0,0,0,0,2,0,0,0,107726341,2,0,2485402000,0
552,120.6485096,31.41453909,-155.9281311,3.141644001,0,0,0,0,0,0,2,0,0,0,107726226,1,0,2485452000,0
553,120.6485088,31.41453766,-155.9577484,3.186453104,0,0,0,0,0,0,2,0,0,0,107726226,1,0,2485503000,0
554,120.6485082,31.41453632,-155.9822998,3.229192019,0,0,0,0,0,0,2,0,0,0,107726226,1,0,2485552000,0
555,120.6485074,31.4145349,-155.978241,3.269416809,0,0,0,0,0,0,2,0,0,0,107726226,1,0,2485602000,0
556,120.6485067,31.41453347,-155.9830475,3.307902575,0,0,0,0,0,0,2,0,0,0,107726226,1,0,2485652000,0
557,120.648506,31.41453205,-155.9587402,3.345316887,0,0,0,0,0,0,2,0,0,0,107726226,1,0,2485702000,0
558,120.6485052,31.41453071,-155.9292145,3.382749796,0,0,0,0,0,0,2,0,0,0,107726226,1,0,2485752000,0
559,120.6485045,31.41452928,-155.8971558,3.421807766,0,0,0,0,0,0,2,0,0,0,107726226,1,0,2485802000,0
560,120.6485037,31.41452794,-155.8430023,3.461327314,0,0,0,0,0,0,2,0,0,0,107726226,1,0,2485852000,0
561,120.648503,31.41452651,-155.794632,3.499920368,0,0,0,0,0,0,2,0,0,0,107726226,1,0,2485902000,0
562,120.6485023,31.41452517,-155.6979523,3.536208153,0,0,0,0,0,0,2,0,0,0,107726226,1,0,2485952000,0
563,120.6485015,31.41452375,-155.6463013,3.574786425,0,0,0,0,0,0,2,0,0,0,107726226,1,0,2486002000,0
564,120.6485007,31.41452232,-155.5851135,3.612735987,0,0,0,0,0,0,2,0,0,0,107726226,1,0,2486052000,0
565,120.6484999,31.41452082,-155.5362701,3.64525795,0,0,0,0,0,0,2,0,0,0,107726226,1,0,2486102000,0
566,120.648499,31.41451931,-155.4522858,3.683398247,0,0,0,0,0,0,2,0,0,0,107726226,1,0,2486152000,0
567,120.6484982,31.4145178,-155.4182892,3.723958492,0,0,0,0,0,0,2,0,0,0,107726226,1,0,2486202000,0
568,120.6484973,31.41451629,-155.3673859,3.766194344,0,0,0,0,0,0,2,0,0,0,107726226,1,0,2486252000,0
569,120.6484965,31.4145147,-155.3342438,3.807563305,0,0,0,0,0,0,2,0,0,0,107726226,1,0,2486302000,0
570,120.6484956,31.4145131,-155.3011475,3.848822832,0,0,0,0,0,0,2,0,0,0,107726226,1,0,2486352000,0
571,120.6484947,31.41451159,-155.2759857,3.891199827,0,0,0,0,0,0,2,0,0,0,107726226,1,0,2486402000,0
572,120.6484939,31.41451,-155.2325592,3.933628559,0,0,0,0,0,0,2,0,0,0,107726226,1,0,2486452000,0
573,120.648493,31.41450833,-155.2102966,3.977482796,0,0,0,0,0,0,2,0,0,0,107726226,1,0,2486502000,0
574,120.6484921,31.41450673,-155.1895599,4.022965431,0,0,0,0,0,0,2,0,0,0,107726226,1,0,2486552000,0
575,120.6484912,31.41450506,-155.1746521,4.067067146,0,0,0,0,0,0,2,0,0,0,107726226,1,0,2486602000,0
576,120.6484902,31.41450338,-155.15625,4.112281322,0,0,0,0,0,0,2,0,0,0,107726226,1,0,2486652000,0
577,120.6484893,31.41450162,-155.1461639,4.157389641,0,0,0,0,0,0,2,0,0,0,107726226,1,0,2486703000,0
578,120.6484884,31.41449986,-155.1360168,4.201289177,0,0,0,0,0,0,2,0,0,0,107726226,1,0,2486752000,0
579,120.6484874,31.4144981,-155.1283112,4.245199203,0,0,0,0,0,0,2,0,0,0,107726226,1,0,2486802000,0
580,120.6484864,31.41449642,-155.1089478,4.283341408,0,0,0,0,0,0,2,0,0,0,107726226,1,0,2486852000,0
581,120.6484855,31.41449466,-155.0885773,4.326076508,0,0,0,0,0,0,2,0,0,0,107726226,1,0,2486902000,0
582,120.6484846,31.41449299,-155.0851593,4.368525505,0,0,0,0,0,0,2,0,0,0,107726226,1,0,2486952000,0
583,120.6484836,31.41449123,-155.0822144,4.409187794,0,0,0,0,0,0,2,0,0,0,107726226,1,0,2487002000,0
584,120.6484827,31.41448955,-155.0676575,4.451861382,0,0,0,0,0,0,2,0,0,0,107726226,1,0,2487052000,0
585,120.6484818,31.41448779,-155.053894,4.50107193,0,0,0,0,0,0,2,0,0,0,107726226,1,0,2487102000,0
586,120.6484805,31.41448553,-155.0522461,4.552184582,0,0,0,0,0,0,2,0,0,0,107726226,1,0,2487162000,0
587,120.6484795,31.41448368,-155.0509796,4.592058659,0,0,0,0,0,0,2,0,0,0,107726226,1,0,2487212000,0
588,120.6484785,31.41448184,-155.0488281,4.632564545,0,0,0,0,0,0,2,0,0,0,107726226,1,0,2487263000,0
589,120.6484775,31.41448,-155.0415039,4.669740677,0,0,0,0,0,0,2,0,0,0,107726226,1,0,2487312000,0
590,120.6484765,31.41447807,-155.0369873,4.707105637,0,0,0,0,0,0,2,0,0,0,107726226,1,0,2487362000,0
591,120.6484754,31.41447606,-155.0317841,4.747158527,0,0,0,0,0,0,2,0,0,0,107726226,1,0,2487412000,0
592,120.6484743,31.41447413,-155.0238647,4.78578043,0,0,0,0,0,0,2,0,0,0,107726226,1,0,2487462000,0
593,120.6484732,31.41447203,-155.0192261,4.826810837,0,0,0,0,0,0,2,0,0,0,107726226,1,0,2487512000,0
594,120.648472,31.41446994,-155.0165253,4.867968082,0,0,0,0,0,0,2,0,0,0,107726226,1,0,2487562000,0
595,120.6484709,31.41446784,-155.0092773,4.919139862,0,0,0,0,0,0,2,0,0,0,107726226,1,0,2487612000,0
596,120.6484699,31.41446583,-155.0097504,4.961297512,0,0,0,0,0,0,2,0,0,0,107726226,1,0,2487662000,0
597,120.6484688,31.41446382,-155.006897,5.00350666,0,0,0,0,0,0,2,0,0,0,107726226,1,0,2487712000,0
598,120.6484677,31.41446189,-154.9976807,5.045031071,0,0,0,0,0,0,2,0,0,0,107726226,1,0,2487762000,0
599,120.6484666,31.41445988,-154.9887238,5.085477352,0,0,0,0,0,0,2,0,0,0,107726226,1,0,2487812000,0
600,120.6484654,31.41445778,-154.9824982,5.122523308,0,0,0,0,0,0,2,0,0,0,107726226,1,0,2487862000,0
601,120.6484643,31.41445569,-154.9798889,5.163076878,0,0,0,0,0,0,2,0,0,0,107726226,1,0,2487912000,0
602,120.6484631,31.41445351,-154.9826508,5.203416824,0,0,0,0,0,0,2,0,0,0,107726226,1,0,2487962000,0
603,120.648462,31.41445141,-154.9827118,5.241762638,0,0,0,0,0,0,2,0,0,0,107726226,1,0,2488012000,0
604,120.6484608,31.41444923,-154.9767303,5.281690598,0,0,0,0,0,0,2,0,0,0,107726226,1,0,2488062000,0
605,120.6484595,31.41444705,-154.9676208,5.322426796,0,0,0,0,0,0,2,0,0,0,107726226,1,0,2488112000,0
606,120.6484584,31.41444479,-154.965332,5.362610817,0,0,0,0,0,0,2,0,0,0,107726226,1,0,2488162000,0
607,120.6484571,31.41444253,-154.9607849,5.401453495,0,0,0,0,0,0,2,0,0,0,107726226,1,0,2488212000,0
608,120.6484559,31.41444026,-154.9509277,5.438989162,0,0,0,0,0,0,2,0,0,0,107726226,1,0,2488262000,0
609,120.6484546,31.414438,-154.9406891,5.476376057,0,0,0,0,0,0,2,0,0,0,107726226,1,0,2488312000,0
610,120.6484534,31.41443582,-154.9403687,5.509623528,0,0,0,0,0,0,2,0,0,0,107726226,1,0,2488362000,0
611,120.6484522,31.41443356,-154.9392548,5.546045303,0,0,0,0,0,0,2,0,0,0,107726226,1,0,2488412000,0
612,120.648451,31.41443138,-154.9397736,5.582521915,0,0,0,0,0,0,2,0,0,0,107726226,1,0,2488462000,0
613,120.6484497,31.41442912,-154.9421234,5.618841648,0,0,0,0,0,0,2,0,0,0,107726226,1,0,2488513000,0
614,120.6484486,31.41442685,-154.9361725,5.653693676,0,0,0,0,0,0,2,0,0,0,107726226,1,0,2488562000,0
615,120.6484473,31.41442467,-154.9266663,5.691524029,0,0,0,0,0,0,2,0,0,0,107726226,1,0,2488612000,0
616,120.648446,31.41442233,-154.9249725,5.728743553,0,0,0,0,0,0,2,0,0,0,107726226,1,0,2488663000,0
617,120.6484449,31.41442006,-154.9273376,5.763971329,0,0,0,0,0,0,2,0,0,0,107726226,1,0,2488712000,0
618,120.6484436,31.41441772,-154.9259491,5.800730705,0,0,0,0,0,0,2,0,0,0,107726226,1,0,2488762000,0
619,120.6484423,31.4144152,-154.9220428,5.837593555,0,0,0,0,0,0,2,0,0,0,107726226,1,0,2488812000,0
620,120.6484409,31.41441277,-154.9190063,5.873970509,0,0,0,0,0,0,2,0,0,0,107726226,1,0,2488862000,0
621,120.6484395,31.41441026,-154.9130402,5.912179947,0,0,0,0,0,0,2,0,0,0,107726226,1,0,2488912000,0
622,120.6484382,31.41440783,-154.910965,5.950455189,0,0,0,0,0,0,2,0,0,0,107726226,1,0,2488962000,0
623,120.6484368,31.41440531,-154.9184875,5.990288258,0,0,0,0,0,0,2,0,0,0,107726226,1,0,2489012000,0
624,120.6484356,31.41440288,-154.9225464,6.027199745,0,0,0,0,0,0,2,0,0,0,107726226,1,0,2489062000,0
625,120.6484342,31.41440045,-154.929657,6.064188004,0,0,0,0,0,0,2,0,0,0,107726226,1,0,2489112000,0
626,120.6484329,31.41439794,-154.9285278,6.102977276,0,0,0,0,0,0,2,0,0,0,107726226,1,0,2489162000,0
627,120.6484316,31.41439542,-154.9499817,6.141892433,0,0,0,0,0,0,2,0,0,0,107726226,1,0,2489212000,0
628,120.6484303,31.41439291,-154.9571381,6.181696892,0,0,0,0,0,0,2,0,0,0,107726226,1,0,2489262000,0
629,120.6484291,31.41439056,-154.9694214,6.219373703,0,0,0,0,0,0,2,0,0,0,107726226,1,0,2489312000,0
630,120.6484278,31.41438813,-154.9691925,6.260836124,0,0,0,0,0,0,2,0,0,0,107726226,1,0,2489362000,0
631,120.6484265,31.41438561,-154.9661865,6.298030376,0,0,0,0,0,0,2,0,0,0,107726226,1,0,2489412000,0
632,120.6484252,31.4143831,-154.9405518,6.336756229,0,0,0,0,0,0,2,0,0,0,107726226,1,0,2489462000,0
633,120.6484238,31.4143805,-154.891861,6.3757658,0,0,0,0,0,0,2,0,0,0,107726226,1,0,2489512000,0
634,120.6484223,31.4143779,-154.8464203,6.416629791,0,0,0,0,0,0,2,0,0,0,107726226,1,0,2489563000,0
635,120.6484208,31.41437522,-154.7879486,6.45865345,0,0,0,0,0,0,2,0,0,0,107726226,1,0,2489612000,0
636,120.6484193,31.41437254,-154.7314911,6.498940945,0,0,0,0,0,0,2,0,0,0,107726226,1,0,2489662000,0
637,120.6484177,31.41436986,-154.6730804,6.540988922,0,0,0,0,0,0,2,0,0,0,107726226,1,0,2489712000,0
638,120.6484162,31.41436717,-154.6164398,6.580993176,0,0,0,0,0,0,2,0,0,0,107726226,1,0,2489762000,0
639,120.6484145,31.41436441,-154.560318,6.621380806,0,0,0,0,0,0,2,0,0,0,107726226,1,0,2489812000,0
640,120.6484128,31.41436156,-154.4887543,6.663386345,0,0,0,0,0,0,2,0,0,0,107726226,1,0,2489862000,0
641,120.6484112,31.41435871,-154.4415894,6.702676773,0,0,0,0,0,0,2,0,0,0,107726226,1,0,2489912000,0
642,120.6484094,31.41435578,-154.3820801,6.743470669,0,0,0,0,0,0,2,0,0,0,107726226,1,0,2489962000,0
643,120.6484078,31.41435301,-154.3505402,6.78365612,0,0,0,0,0,0,2,0,0,0,107726226,1,0,2490012000,0
644,120.6484062,31.41435016,-154.3118286,6.82485342,0,0,0,0,0,0,2,0,0,0,107726226,1,0,2490062000,0
645,120.6484046,31.41434739,-154.2862244,6.868123055,0,0,0,0,0,0,2,0,0,0,107726226,1,0,2490112000,0
646,120.648403,31.41434463,-154.2503052,6.911338806,0,0,0,0,0,0,2,0,0,0,107726226,1,0,2490162000,0
647,120.6484015,31.41434186,-154.2205505,6.955949783,0,0,0,0,0,0,2,0,0,0,107726226,1,0,2490212000,0
648,120.6483999,31.41433901,-154.1937561,7.000686169,0,0,0,0,0,0,2,0,0,0,107726226,1,0,2490262000,0
649,120.6483984,31.41433625,-154.1743317,7.043642044,0,0,0,0,0,0,2,0,0,0,107726226,1,0,2490312000,0
650,120.6483968,31.41433356,-154.1614685,7.07508564,0,0,0,0,0,0,2,0,0,0,107726226,1,0,2490362000,0
651,120.6483953,31.41433071,-154.1472931,7.121218204,0,0,0,0,0,0,2,0,0,0,107726226,1,0,2490412000,0
652,120.6483937,31.41432795,-154.133316,7.170088291,0,0,0,0,0,0,2,0,0,0,107726226,1,0,2490462000,0
653,120.6483921,31.4143251,-154.1125336,7.220458508,0,0,0,0,0,0,2,0,0,0,107726226,1,0,2490512000,0
654,120.6483906,31.41432233,-154.0927734,7.269465446,0,0,0,0,0,0,2,0,0,0,107726226,1,0,2490562000,0
655,120.6483889,31.41431948,-154.0730743,7.320765018,0,0,0,0,0,0,2,0,0,0,107726226,1,0,2490612000,0
656,120.6483872,31.41431646,-154.0565643,7.368904114,0,0,0,0,0,0,2,0,0,0,107726226,1,0,2490662000,0
657,120.6483855,31.41431345,-154.0406952,7.416649818,0,0,0,0,0,0,2,0,0,0,107726226,1,0,2490712000,0
658,120.6483839,31.41431043,-154.0313873,7.466166019,0,0,0,0,0,0,2,0,0,0,107726226,1,0,2490762000,0
659,120.6483821,31.41430733,-154.0139465,7.514805317,0,0,0,0,0,0,2,0,0,0,107726226,1,0,2490812000,0
660,120.6483802,31.41430406,-153.996048,7.564749718,0,0,0,0,0,0,2,0,0,0,107726226,1,0,2490862000,0
661,120.6483784,31.41430079,-153.9789581,7.616867542,0,0,0,0,0,0,2,0,0,0,107726226,1,0,2490912000,0
662,120.6483766,31.41429744,-153.964859,7.670371532,0,0,0,0,0,0,2,0,0,0,107726226,1,0,2490962000,0
663,120.6483747,31.41429425,-153.9446259,7.723687172,0,0,0,0,0,0,2,0,0,0,107726226,1,0,2491012000,0
664,120.6483729,31.41429098,-153.9131622,7.776971817,0,0,0,0,0,0,2,0,0,0,107726226,1,0,2491062000,0
665,120.648371,31.4142878,-153.8843079,7.828885555,0,0,0,0,0,0,2,0,0,0,107726226,1,0,2491112000,0
666,120.6483692,31.41428461,-153.8489227,7.87947607,0,0,0,0,0,0,2,0,0,0,107726226,1,0,2491162000,0
667,120.648367,31.41428084,-153.8157806,7.938966751,0,0,0,0,0,0,2,0,0,0,107726226,1,0,2491222000,0
668,120.6483657,31.41427849,-153.7931824,7.97822094,0,0,0,0,0,0,2,0,0,0,107726226,1,0,2491262000,0
669,120.6483639,31.41427539,-153.7665558,8.028018951,0,0,0,0,0,0,2,0,0,0,107726226,1,0,2491312000,0
670,120.6483618,31.41427179,-153.7252197,8.085792542,0,0,0,0,0,0,2,0,0,0,107726226,1,0,2491372000,0
671,120.64836,31.4142686,-153.6939697,8.134325981,0,0,0,0,0,0,2,0,0,0,107726226,1,0,2491422000,0
672,120.648358,31.41426533,-153.663208,8.186634064,0,0,0,0,0,0,2,0,0,0,107726226,1,0,2491472000,0
673,120.6483561,31.41426198,-153.6328278,8.238268852,0,0,0,0,0,0,2,0,0,0,107726226,1,0,2491522000,0
674,120.6483541,31.41425855,-153.6021881,8.300012589,0,0,0,0,0,0,2,0,0,0,107726226,1,0,2491572000,0
675,120.6483522,31.41425519,-153.5684662,8.351062775,0,0,0,0,0,0,2,0,0,0,107726226,1,0,2491622000,0
676,120.6483502,31.41425167,-153.5293121,8.402404785,0,0,0,0,0,0,2,0,0,0,107726226,1,0,2491672000,0
677,120.6483481,31.41424824,-153.4940643,8.452135086,0,0,0,0,0,0,2,0,0,0,107726226,1,0,2491722000,0
678,120.6483461,31.41424472,-153.4617004,8.501791,0,0,0,0,0,0,2,0,0,0,107726226,1,0,2491772000,0
679,120.648344,31.41424119,-153.4276733,8.54940033,0,0,0,0,0,0,2,0,0,0,107726226,1,0,2491823000,0
680,120.6483421,31.41423793,-153.3921967,8.596503258,0,0,0,0,0,0,2,0,0,0,107726226,1,0,2491872000,0
681,120.6483401,31.41423449,-153.3538971,8.645870209,0,0,0,0,0,0,2,0,0,0,107726226,1,0,2491922000,0
682,120.6483381,31.41423114,-153.3120117,8.695494652,0,0,0,0,0,0,2,0,0,0,107726226,1,0,2491972000,0
683,120.6483361,31.41422762,-153.2733154,8.741207123,0,0,0,0,0,0,2,0,0,0,107726226,1,0,2492022000,0
684,120.648334,31.4142241,-153.2345734,8.795992851,0,0,0,0,0,0,2,0,0,0,107726226,1,0,2492072000,0
685,120.6483318,31.41422058,-153.1995087,8.842842102,0,0,0,0,0,0,2,0,0,0,107726226,1,0,2492122000,0
686,120.6483297,31.41421689,-153.1611938,8.889062881,0,0,0,0,0,0,2,0,0,0,107726226,1,0,2492172000,0
687,120.6483275,31.41421328,-153.122818,8.935373306,0,0,0,0,0,0,2,0,0,0,107726226,1,0,2492222000,0
688,120.6483254,31.41420976,-153.0829468,8.978539467,0,0,0,0,0,0,2,0,0,0,107726226,1,0,2492272000,0
689,120.6483233,31.41420624,-153.04245,9.026310921,0,0,0,0,0,0,2,0,0,0,107726226,1,0,2492322000,0
690,120.6483211,31.41420247,-153.0097351,9.071503639,0,0,0,0,0,0,2,0,0,0,107726226,1,0,2492372000,0
691,120.6483189,31.4141987,-152.9756927,9.115628242,0,0,0,0,0,0,2,0,0,0,107726226,1,0,2492422000,0
692,120.6483165,31.41419484,-152.9453888,9.161763191,0,0,0,0,0,0,2,0,0,0,107726226,1,0,2492473000,0
693,120.6483144,31.41419107,-152.9248962,9.203923225,0,0,0,0,0,0,2,0,0,0,107726226,1,0,2492522000,0
694,120.6483121,31.41418738,-152.9082489,9.255544662,0,0,0,0,0,0,2,0,0,0,107726226,1,0,2492572000,0
695,120.6483099,31.41418361,-152.8907776,9.297938347,0,0,0,0,0,0,2,0,0,0,107726226,1,0,2492622000,0
696,120.6483077,31.41418001,-152.8729706,9.335879326,0,0,0,0,0,0,2,0,0,0,107726226,1,0,2492672000,0
697,120.6483056,31.41417632,-152.8549805,9.375527382,0,0,0,0,0,0,2,0,0,0,107726226,1,0,2492722000,0
698,120.6483034,31.41417255,-152.8426208,9.42028904,0,0,0,0,0,0,2,0,0,0,107726226,1,0,2492772000,0
699,120.6483011,31.41416886,-152.8349762,9.4664011,0,0,0,0,0,0,2,0,0,0,107726226,1,0,2492822000,0
700,120.6482989,31.41416517,-152.8224792,9.505976677,0,0,0,0,0,0,2,0,0,0,107726226,1,0,2492872000,0
701,120.6482967,31.41416148,-152.8109436,9.545386314,0,0,0,0,0,0,2,0,0,0,107726226,1,0,2492922000,0
702,120.6482944,31.41415771,-152.8022308,9.587450981,0,0,0,0,0,0,2,0,0,0,107726226,1,0,2492972000,0
703,120.6482922,31.41415402,-152.7938843,9.622989655,0,0,0,0,0,0,2,0,0,0,107726226,1,0,2493022000,0
704,120.6482898,31.41415008,-152.7917938,9.654810905,0,0,0,0,0,0,2,0,0,0,107726226,1,0,2493072000,0
705,120.6482875,31.41414614,-152.7900543,9.69188118,0,0,0,0,0,0,2,0,0,0,107726226,1,0,2493122000,0
706,120.648285,31.41414212,-152.7914429,9.726566315,0,0,0,0,0,0,2,0,0,0,107726226,1,0,2493172000,0
707,120.6482826,31.4141381,-152.7931824,9.765145302,0,0,0,0,0,0,2,0,0,0,107726226,1,0,2493222000,0
708,120.6482802,31.41413407,-152.7989197,9.804349899,0,0,0,0,0,0,2,0,0,0,107726226,1,0,2493272000,0
709,120.6482777,31.41413005,-152.809433,9.845420837,0,0,0,0,0,0,2,0,0,0,107726226,1,0,2493322000,0
710,120.6482753,31.41412603,-152.830658,9.882397652,0,0,0,0,0,0,2,0,0,0,107726226,1,0,2493372000,0
711,120.6482728,31.41412192,-152.8612671,9.920056343,0,0,0,0,0,0,2,0,0,0,107726226,1,0,2493422000,0
712,120.6482704,31.41411781,-152.8907471,9.957943916,0,0,0,0,0,0,2,0,0,0,107726226,1,0,2493472000,0
713,120.6482678,31.41411371,-152.9188385,9.995090485,0,0,0,0,0,0,2,0,0,0,107726226,1,0,2493522000,0
714,120.6482654,31.41410968,-152.9470825,10.03388596,0,0,0,0,0,0,2,0,0,0,107726226,1,0,2493572000,0
715,120.6482631,31.41410574,-152.974823,10.06717587,0,0,0,0,0,0,2,0,0,0,107726226,1,0,2493622000,0
716,120.6482606,31.4141018,-153.0115814,10.10048294,0,0,0,0,0,0,2,0,0,0,107726226,1,0,2493672000,0
717,120.6482583,31.41409786,-153.0548248,10.13219452,0,0,0,0,0,0,2,0,0,0,107726226,1,0,2493722000,0
718,120.6482559,31.41409384,-153.0974731,10.16446304,0,0,0,0,0,0,2,0,0,0,107726226,1,0,2493772000,0
719,120.6482535,31.41408982,-153.138855,10.1968832,0,0,0,0,0,0,2,0,0,0,107726226,1,0,2493822000,0
720,120.6482511,31.41408579,-153.1807556,10.23246765,0,0,0,0,0,0,2,0,0,0,107726226,1,0,2493872000,0
721,120.6482487,31.41408169,-153.2254944,10.27060604,0,0,0,0,0,0,2,0,0,0,107726226,1,0,2493923000,0
722,120.6482463,31.41407766,-153.2651825,10.30668163,0,0,0,0,0,0,2,0,0,0,107726226,1,0,2493973000,0
723,120.648244,31.41407372,-153.3021393,10.33745861,0,0,0,0,0,0,2,0,0,0,107726226,1,0,2494022000,0
724,120.6482416,31.41406962,-153.3387146,10.36771679,0,0,0,0,0,0,2,0,0,0,107726226,1,0,2494072000,0
725,120.6482392,31.41406534,-153.3832703,10.40213013,0,0,0,0,0,0,2,0,0,0,107726226,1,0,2494122000,0
726,120.6482367,31.41406107,-153.4347382,10.4361105,0,0,0,0,0,0,2,0,0,0,107726226,1,0,2494172000,0
727,120.6482342,31.41405671,-153.4974823,10.46807957,0,0,0,0,0,0,2,0,0,0,107726226,1,0,2494222000,0
728,120.6482317,31.41405243,-153.5713348,10.50089264,0,0,0,0,0,0,2,0,0,0,107726226,1,0,2494272000,0
729,120.6482291,31.41404808,-153.6494293,10.54466438,0,0,0,0,0,0,2,0,0,0,107726226,1,0,2494322000,0
730,120.6482266,31.41404372,-153.7323761,10.57991886,0,0,0,0,0,0,2,0,0,0,107726226,1,0,2494372000,0
731,120.648224,31.41403919,-153.8107605,10.6140213,0,0,0,0,0,0,2,0,0,0,107726226,1,0,2494422000,0
732,120.6482214,31.41403483,-153.8868866,10.64748764,0,0,0,0,0,0,2,0,0,0,107726226,1,0,2494472000,0
733,120.648219,31.41403064,-153.9565582,10.67820168,0,0,0,0,0,0,2,0,0,0,107726226,1,0,2494522000,0
734,120.6482165,31.41402637,-154.0306091,10.71587086,0,0,0,0,0,0,2,0,0,0,107726226,1,0,2494572000,0
735,120.6482141,31.41402209,-154.1038971,10.74999332,0,0,0,0,0,0,2,0,0,0,107726226,1,0,2494622000,0
736,120.6482116,31.41401782,-154.1764374,10.78283787,0,0,0,0,0,0,2,0,0,0,107726226,1,0,2494672000,0
737,120.6482092,31.41401346,-154.2478333,10.81443024,0,0,0,0,0,0,2,0,0,0,107726226,1,0,2494722000,0
738,120.6482067,31.4140091,-154.3239746,10.84519863,0,0,0,0,0,0,2,0,0,0,107726226,1,0,2494772000,0
739,120.6482041,31.41400474,-154.3977814,10.88232327,0,0,0,0,0,0,2,0,0,0,107726226,1,0,2494822000,0
740,120.6482016,31.4140003,-154.4711914,10.91320229,0,0,0,0,0,0,2,0,0,0,107726226,1,0,2494872000,0
741,120.6481992,31.41399594,-154.5414734,10.94425678,0,0,0,0,0,0,2,0,0,0,107726226,1,0,2494922000,0
742,120.6481967,31.41399158,-154.6105347,10.97501087,0,0,0,0,0,0,2,0,0,0,107726226,1,0,2494972000,0
743,120.6481941,31.41398689,-154.6804962,11.00923347,0,0,0,0,0,0,2,0,0,0,107726226,1,0,2495023000,0
744,120.6481916,31.41398236,-154.7437439,11.03823566,0,0,0,0,0,0,2,0,0,0,107726226,1,0,2495072000,0
745,120.648189,31.41397767,-154.804657,11.07062912,0,0,0,0,0,0,2,0,0,0,107726226,1,0,2495122000,0
746,120.6481864,31.41397297,-154.8616028,11.10221767,0,0,0,0,0,0,2,0,0,0,107726226,1,0,2495172000,0
747,120.6481839,31.41396845,-154.9161835,11.13410282,0,0,0,0,0,0,2,0,0,0,107726226,1,0,2495222000,0
748,120.6481813,31.41396384,-154.9649963,11.1639452,0,0,0,0,0,0,2,0,0,0,107726226,1,0,2495272000,0
749,120.6481783,31.41395839,-155.0071259,11.20344639,0,0,0,0,0,0,2,0,0,0,107726226,1,0,2495332000,0
750,120.6481758,31.41395386,-155.0405884,11.23151588,0,0,0,0,0,0,2,0,0,0,107726226,1,0,2495382000,0
751,120.6481738,31.41395026,-155.0698547,11.2557106,0,0,0,0,0,0,2,0,0,0,107726226,1,0,2495422000,0
752,120.6481708,31.41394481,-155.1149139,11.29227066,0,0,0,0,0,0,2,0,0,0,107726226,1,0,2495482000,0
753,120.6481684,31.41394045,-155.1602783,11.32001591,0,0,0,0,0,0,2,0,0,0,107726226,1,0,2495532000,0
754,120.648166,31.41393601,-155.2076416,11.35784531,0,0,0,0,0,0,2,0,0,0,107726226,1,0,2495582000,0
755,120.648164,31.41393224,-155.2417755,11.38034439,0,0,0,0,0,0,2,0,0,0,0,0,0,2495622000,0
756,120.648161,31.41392654,-155.2872467,11.41742897,0,0,0,0,0,0,2,0,0,0,107726338,1,0,2495682000,0
757,120.6481585,31.41392168,-155.3298492,11.44780731,0,0,0,0,0,0,2,0,0,0,107726338,1,0,2495732000,0
758,120.6481559,31.4139169,-155.3748016,11.47587776,0,0,0,0,0,0,2,0,0,0,107726338,1,0,2495782000,0
759,120.6481539,31.41391304,-155.4114075,11.49873734,0,0,0,0,0,0,2,0,0,0,107726338,1,0,2495822000,0
760,120.648151,31.41390726,-155.4745636,11.52393246,0,0,0,0,0,0,2,0,0,0,107726338,1,0,2495882000,0
761,120.6481485,31.41390248,-155.5255737,11.53830719,0,0,0,0,0,0,2,0,0,0,107726338,1,0,2495932000,0
762,120.6481461,31.4138977,-155.5801239,11.54903889,0,0,0,0,0,0,2,0,0,0,107726338,1,0,2495982000,0
763,120.648144,31.41389393,-155.6186981,11.55706596,0,0,0,0,0,0,2,0,0,0,107726338,1,0,2496022000,0
764,120.6481411,31.41388832,-155.6772766,11.56924248,0,0,0,0,0,0,2,0,0,0,107726338,1,0,2496082000,0
765,120.6481386,31.41388371,-155.7200012,11.58188438,0,0,0,0,0,0,2,0,0,0,107726338,1,0,2496132000,0
766,120.6481362,31.41387901,-155.7661896,11.59248829,0,0,0,0,0,0,2,0,0,0,107726338,1,0,2496183000,0
767,120.6481342,31.41387541,-155.8000946,11.60118484,0,0,0,0,0,0,2,0,0,0,107726338,1,0,2496222000,0
768,120.6481313,31.41386988,-155.842926,11.61304855,0,0,0,0,0,0,2,0,0,0,107726338,1,0,2496282000,0
769,120.6481288,31.41386518,-155.877533,11.62281227,0,0,0,0,0,0,2,0,0,0,107726338,1,0,2496332000,0
770,120.6481263,31.4138604,-155.9121857,11.63268566,0,0,0,0,0,0,2,0,0,0,107726338,1,0,2496382000,0
771,120.6481243,31.41385655,-155.9363861,11.63932419,0,0,0,0,0,0,2,0,0,0,107726338,1,0,2496422000,0
772,120.6481212,31.41385068,-155.9592896,11.65059853,0,0,0,0,0,0,2,0,0,0,107726338,1,0,2496482000,0
773,120.6481186,31.41384574,-155.9792328,11.66124439,0,0,0,0,0,0,2,0,0,0,107726338,1,0,2496532000,0
774,120.6481161,31.41384071,-155.9987183,11.68080997,0,0,0,0,0,0,2,0,0,0,107726338,1,0,2496582000,0
775,120.648114,31.41383677,-156.004303,11.68972397,0,0,0,0,0,0,2,0,0,0,107726338,1,0,2496622000,0
776,120.6481108,31.41383057,-156.0023499,11.70163918,0,0,0,0,0,0,2,0,0,0,107726338,1,0,2496682000,0
777,120.6481083,31.4138257,-156.0028076,11.71016788,0,0,0,0,0,0,2,0,0,0,107726338,1,0,2496732000,0
778,120.6481057,31.41382084,-156.0035858,11.71865463,0,0,0,0,0,0,2,0,0,0,107726338,1,0,2496782000,0
779,120.6481036,31.4138169,-156.0079498,11.72697353,0,0,0,0,0,0,2,0,0,0,107726338,1,0,2496822000,0
780,120.6481006,31.4138112,-156.0157013,11.73982239,0,0,0,0,0,0,2,0,0,0,107726338,1,0,2496882000,0
781,120.6480982,31.41380643,-156.0240479,11.74967384,0,0,0,0,0,0,2,0,0,0,107726338,1,0,2496932000,0
782,120.6480958,31.41380165,-156.0314178,11.76098728,0,0,0,0,0,0,2,0,0,0,107726338,1,0,2496982000,0
783,120.6480938,31.41379779,-156.0424347,11.77087975,0,0,0,0,0,0,2,0,0,0,107726338,1,0,2497022000,0
784,120.648091,31.41379218,-156.0780182,11.78419209,0,0,0,0,0,0,2,0,0,0,107726338,1,0,2497082000,0
785,120.6480886,31.4137874,-156.1111145,11.79104805,0,0,0,0,0,0,2,0,0,0,107726338,1,0,2497132000,0
786,120.6480861,31.41378279,-156.1379242,11.79720211,0,0,0,0,0,0,2,0,0,0,107726338,1,0,2497182000,0
787,120.6480836,31.41377801,-156.1686859,11.805439,0,0,0,0,0,0,2,0,0,0,107726338,1,0,2497232000,0
788,120.648081,31.41377307,-156.1992493,11.81609344,0,0,0,0,0,0,2,0,0,0,107726338,1,0,2497282000,0
789,120.6480785,31.4137682,-156.2251892,11.82669735,0,0,0,0,0,0,2,0,0,0,107726338,1,0,2497332000,0
790,120.6480759,31.41376317,-156.2469025,11.84225559,0,0,0,0,0,0,2,0,0,0,107726338,1,0,2497382000,0
791,120.6480733,31.41375823,-156.2651062,11.8568306,0,0,0,0,0,0,2,0,0,0,107726338,1,0,2497432000,0
792,120.6480707,31.4137532,-156.2824249,11.86924648,0,0,0,0,0,0,0,0,0,0,107726338,1,0,2497482000,0
793,120.6480682,31.41374825,-156.3017883,11.87818432,0,0,0,0,0,0,0,1,7,1,107726338,1,3864,2497532000,0
794,120.6480655,31.41374314,-156.3241577,11.88097477,0,0,0,0,0,0,0,1,7,1,107726338,1,3926,2497582000,0
795,120.6480629,31.4137382,-156.3472443,11.89019871,0,0,0,0,0,0,0,1,7,1,107726338,1,3987,2497632000,0
796,120.6480603,31.413733,-156.3725891,11.90016174,0,0,0,0,0,0,0,1,7,1,107726338,1,4048,2497683000,0
797,120.6480578,31.41372814,-156.3970947,11.91320324,0,0,0,0,0,0,0,1,7,1,107726338,1,4108,2497732000,0
798,120.6480554,31.41372328,-156.4128113,11.9243679,0,0,0,0,0,0,0,1,7,1,107726338,1,4166,2497782000,0
799,120.6480529,31.4137185,-156.4258575,11.93483543,0,0,0,0,0,0,0,1,7,1,107726338,1,4225,2497832000,0
800,120.6480505,31.41371364,-156.4397583,11.94520473,0,0,0,0,0,0,0,1,7,1,107726338,1,4283,2497882000,0
801,120.6480481,31.41370894,-156.452713,11.95527554,0,0,0,0,0,0,0,1,7,1,107726338,1,4340,2497932000,0
802,120.6480456,31.41370408,-156.4685211,11.96551991,0,0,0,0,0,0,0,1,7,1,107726338,1,4399,2497982000,0
803,120.6480431,31.41369922,-156.4829254,11.97539902,0,0,0,0,0,0,0,1,7,1,107726338,1,4457,2498032000,0
804,120.6480407,31.41369436,-156.4913483,11.98542881,0,0,0,0,0,0,0,1,7,1,107726338,1,4515,2498082000,0
805,120.6480383,31.41368967,-156.4935303,11.99507427,0,0,0,0,0,0,0,1,7,1,107726338,1,4573,2498132000,0
806,120.6480358,31.41368472,-156.504364,12.0047884,0,0,0,0,0,0,0,1,7,1,107726338,1,4633,2498182000,0
807,120.6480332,31.41367986,-156.5157471,12.01432514,0,0,0,0,0,0,0,1,7,1,107726338,1,4691,2498232000,0
808,120.6480307,31.41367483,-156.5260925,12.02451038,0,0,0,0,0,0,0,1,7,1,107726338,1,4752,2498282000,0
809,120.6480281,31.4136698,-156.5350189,12.03551006,0,0,0,0,0,0,0,1,7,1,107726338,1,4813,2498332000,0
810,120.648025,31.41366368,-156.553299,12.04974651,0,0,0,0,0,0,0,1,7,1,107726338,1,4887,2498392000,0
811,120.6480229,31.41365957,-156.5643311,12.05944157,0,0,0,0,0,0,0,1,7,1,107726338,1,4937,2498432000,0
812,120.6480204,31.41365446,-156.5825043,12.06936169,0,0,0,0,0,0,0,1,7,1,107726338,1,4998,2498482000,0
813,120.6480178,31.41364935,-156.598877,12.08091831,0,0,0,0,0,0,0,1,7,1,107726338,1,5060,2498532000,0
814,120.6480152,31.41364415,-156.6117706,12.0861311,0,0,0,0,0,0,0,1,7,1,107726338,1,5122,2498582000,0
815,120.6480126,31.41363887,-156.6269226,12.09737301,0,0,0,0,0,0,0,1,7,1,107726338,1,5186,2498633000,0
816,120.6480101,31.41363393,-156.6442566,12.1080122,0,0,0,0,0,0,0,1,7,1,107726338,1,5245,2498682000,0
817,120.6480077,31.41362915,-156.6573792,12.11876774,0,0,0,0,0,0,0,1,7,1,107726338,1,5303,2498732000,0
818,120.6480047,31.41362303,-156.6697845,12.13025856,0,0,0,0,0,0,0,1,7,1,107726338,1,5376,2498793000,0
819,120.6480028,31.41361926,-156.6792297,12.14912796,0,0,0,0,0,0,0,1,7,1,107726338,1,5422,2498832000,0
820,120.6479999,31.41361322,-156.6915283,12.16217327,0,0,0,0,0,0,0,1,7,1,107726338,1,5494,2498892000,0
821,120.6479979,31.4136092,-156.6941223,12.16891766,0,0,0,0,0,0,0,1,7,1,107726338,1,5542,2498932000,0
822,120.6479954,31.41360417,-156.6949768,12.17801857,0,0,0,0,0,0,0,1,7,1,107726338,1,5603,2498982000,0
823,120.6479923,31.41359822,-156.7048035,12.18977928,0,0,0,0,0,0,0,1,7,1,107726338,1,5676,2499042000,0
824,120.6479898,31.41359319,-156.7152252,12.1957531,0,0,0,0,0,0,0,1,7,1,107726338,1,5736,2499092000,0
825,120.6479878,31.41358925,-156.7239075,12.20124912,0,0,0,0,0,0,0,1,7,1,107726338,1,5783,2499132000,0
826,120.6479847,31.41358313,-156.7348022,12.21578312,0,0,0,0,0,0,0,1,7,1,107726338,1,5858,2499192000,0
827,120.6479825,31.41357894,-156.7443848,12.22811794,0,0,0,0,0,0,0,1,7,1,107726338,1,5908,2499232000,0
828,120.6479793,31.41357265,-156.7547913,12.24653339,0,0,0,0,0,0,0,1,7,1,107726338,1,5984,2499292000,0
829,120.6479772,31.41356838,-156.7569427,12.25580978,0,0,0,0,0,0,0,1,7,1,107726338,1,6035,2499332000,0
830,120.6479746,31.41356327,-156.7502747,12.27022171,0,0,0,0,0,0,0,1,7,1,107726338,1,6097,2499382000,0
831,120.647972,31.41355815,-156.7483826,12.28419971,0,0,0,0,0,0,0,1,7,1,107726338,1,6159,2499432000,0
832,120.6479689,31.41355212,-156.7429657,12.29998302,0,0,0,0,0,0,0,1,7,1,107726338,1,6232,2499492000,0
833,120.6479669,31.4135481,-156.7367706,12.30924416,0,0,0,0,0,0,0,1,7,1,107726338,1,6281,2499532000,0
834,120.6479638,31.41354198,-156.7368011,12.32614803,0,0,0,0,0,0,0,1,7,1,107726338,1,6354,2499592000,0
835,120.6479617,31.41353787,-156.7333069,12.33834648,0,0,0,0,0,0,0,1,7,1,107726338,1,6404,2499632000,0
836,120.6479586,31.41353183,-156.7217865,12.35577297,0,0,0,0,0,0,0,1,7,1,107726338,1,6477,2499692000,0
837,120.6479562,31.41352697,-156.7077179,12.36736488,0,0,0,0,0,0,0,1,7,1,107726338,1,6535,2499742000,0
838,120.6479538,31.41352203,-156.6931,12.37975121,0,0,0,0,0,0,0,1,7,1,107726338,1,6595,2499792000,0
839,120.6479513,31.41351717,-156.6875916,12.39277554,0,0,0,0,0,0,0,1,7,1,107726338,1,6654,2499842000,0
840,120.6479488,31.41351205,-156.6838684,12.40365601,0,0,0,0,0,0,0,1,7,1,107726338,1,6715,2499892000,0
841,120.6479468,31.41350795,-156.6813202,12.4134264,0,0,0,0,0,0,0,1,7,1,107726338,1,6764,2499932000,0
842,120.6479438,31.41350174,-156.6823578,12.42808437,0,0,0,0,0,0,0,1,7,1,107726338,1,6839,2499992000,0
843,120.6479411,31.41349646,-156.6849365,12.4377079,0,0,0,0,0,0,0,1,7,1,107726338,1,6902,2500042000,0
844,120.6479386,31.41349118,-156.6882629,12.45161915,0,0,0,0,0,0,0,1,7,1,107726338,1,6965,2500092000,0
845,120.647936,31.41348607,-156.6940002,12.465518,0,0,0,0,0,0,0,1,7,1,107726338,1,7027,2500142000,0
846,120.6479334,31.41348079,-156.7017365,12.47943783,0,0,0,0,0,0,0,1,7,1,107726338,1,7090,2500192000,0
847,120.6479311,31.41347643,-156.701889,12.49221897,0,0,0,0,0,0,0,1,7,1,107726338,1,7143,2500232000,0
848,120.6479284,31.41347115,-156.7029724,12.50695038,0,0,0,0,0,0,0,1,7,1,107726338,1,7208,2500282000,0
849,120.6479251,31.41346461,-156.7158203,12.52189636,0,0,0,0,0,0,0,1,7,1,107726338,1,7286,2500342000,0
850,120.6479225,31.41345933,-156.7259369,12.53372002,0,0,0,0,0,0,0,1,7,1,107726338,1,7350,2500392000,0
851,120.6479199,31.41345413,-156.7356415,12.5434227,0,0,0,0,0,0,0,1,7,1,107726338,1,7412,2500442000,0
852,120.6479172,31.41344885,-156.7442017,12.55444336,0,0,0,0,0,0,0,1,7,1,107726338,1,7476,2500493000,0
853,120.6479148,31.41344391,-156.7488251,12.56513214,0,0,0,0,0,0,0,1,7,1,107726338,1,7536,2500542000,0
854,120.6479122,31.41343871,-156.7485352,12.57602882,0,0,0,0,0,0,0,1,7,1,107726338,1,7598,2500592000,0
855,120.6479097,31.41343368,-156.7502136,12.58541775,0,0,0,0,0,0,0,1,7,1,107726338,1,7659,2500642000,0
856,120.6479072,31.41342857,-156.7509766,12.59527588,0,0,0,0,0,0,0,1,7,1,107726338,1,7720,2500692000,0
857,120.6479047,31.41342371,-156.7511292,12.60326385,0,0,0,0,0,0,0,1,7,1,107726338,1,7779,2500742000,0
858,120.6479022,31.41341859,-156.7578125,12.61238003,0,0,0,0,0,0,0,1,7,1,107726338,1,7840,2500792000,0
859,120.6478998,31.41341365,-156.7648773,12.62361145,0,0,0,0,0,0,0,1,7,1,107726338,1,7899,2500842000,0
860,120.6478973,31.41340854,-156.7739258,12.63176632,0,0,0,0,0,0,0,1,7,1,107726338,1,7960,2500892000,0
861,120.6478946,31.41340317,-156.7802582,12.6414566,0,0,0,0,0,0,0,1,7,1,107726338,1,8025,2500942000,0
862,120.647892,31.41339781,-156.7817688,12.65370274,0,0,0,0,0,0,0,1,7,1,107726338,1,8090,2500992000,0
863,120.6478893,31.41339236,-156.7844696,12.667243,0,0,0,0,0,0,0,1,7,1,107726338,1,8155,2501042000,0
864,120.6478866,31.41338691,-156.7857819,12.67803192,0,0,0,0,0,0,0,1,7,1,107726338,1,8220,2501092000,0
865,120.647884,31.41338155,-156.7844086,12.69037819,0,0,0,0,0,0,0,1,7,1,107726338,1,8285,2501142000,0
866,120.6478811,31.4133761,-156.7799835,12.70240021,0,0,0,0,0,0,0,1,7,1,107726338,1,8351,2501192000,0
867,120.6478784,31.41337073,-156.7840576,12.71170235,0,0,0,0,0,0,0,1,7,1,107726338,1,8415,2501242000,0
868,120.6478757,31.41336537,-156.7877045,12.72023487,0,0,0,0,0,0,0,1,7,1,107726338,1,8481,2501292000,0
869,120.6478731,31.41336017,-156.7883759,12.72072315,0,0,0,0,0,0,0,1,7,1,107726338,1,8543,2501342000,0
870,120.6478703,31.41335498,-156.7859344,12.7266798,0,0,0,0,0,0,0,1,7,1,107726338,1,8607,2501393000,0
871,120.6478677,31.41334986,-156.785141,12.73399925,0,0,0,0,0,0,0,1,7,1,107726338,1,8669,2501443000,0
872,120.6478652,31.41334492,-156.7837982,12.73854065,0,0,0,0,0,0,0,1,7,1,107726338,1,8728,2501492000,0
873,120.6478626,31.41333972,-156.7845459,12.74138069,0,0,0,0,0,0,0,1,7,1,107726338,1,8791,2501542000,0
874,120.6478599,31.41333452,-156.7846527,12.74761868,0,0,0,0,0,0,0,1,7,1,107726338,1,8854,2501592000,0
875,120.6478572,31.41332916,-156.7876282,12.75267887,0,0,0,0,0,0,0,1,7,1,107726338,1,8918,2501642000,0
876,120.6478546,31.4133238,-156.7893372,12.75502586,0,0,0,0,0,0,0,1,7,1,107726338,1,8983,2501692000,0
877,120.6478519,31.41331835,-156.7899933,12.75797462,0,0,0,0,0,0,0,1,7,1,107726338,1,9048,2501742000,0
878,120.6478493,31.41331273,-156.7933502,12.76079178,0,0,0,0,0,0,0,1,7,1,107726338,1,9115,2501792000,0
879,120.6478466,31.41330737,-156.7961884,12.76433754,0,0,0,0,0,0,0,1,7,1,107726338,1,9180,2501842000,0
880,120.6478438,31.41330183,-156.7979279,12.76270008,0,0,0,0,0,0,0,1,7,1,107726338,1,9246,2501892000,0
881,120.6478411,31.41329655,-156.7970276,12.75860691,0,0,0,0,0,0,0,1,7,1,107726338,1,9310,2501942000,0
882,120.6478385,31.41329136,-156.8027954,12.7520256,0,0,0,0,0,0,0,1,7,1,107726338,1,9373,2501992000,0
883,120.6478359,31.41328616,-156.8062897,12.74405384,0,0,0,0,0,0,0,1,7,1,107726338,1,9436,2502042000,0
884,120.6478333,31.41328096,-156.8106079,12.73594952,0,0,0,0,0,0,0,1,7,1,107726338,1,9497,2502092000,0
885,120.6478308,31.41327577,-156.8164978,12.72004604,0,0,0,0,0,0,0,1,7,1,107726338,1,9560,2502142000,0
886,120.6478281,31.41327057,-156.8200989,12.70803833,0,0,0,0,0,0,0,1,7,1,107726338,1,9623,2502192000,0
887,120.6478255,31.41326546,-156.8233032,12.69165325,0,0,0,0,0,0,0,1,7,1,107726338,1,9685,2502242000,0
888,120.6478225,31.41325925,-156.822052,12.66928005,0,0,0,0,0,0,0,1,7,1,107726338,1,9759,2502302000,0
889,120.6478204,31.41325515,-156.8221283,12.65836143,0,0,0,0,0,0,0,1,7,1,107726338,1,9809,2502342000,0
890,120.6478174,31.41324895,-156.8252411,12.63732719,0,0,0,0,0,0,0,1,7,1,107726338,1,9883,2502402000,0
891,120.6478153,31.41324467,-156.8274231,12.62271595,0,0,0,0,0,0,0,1,7,1,107726338,1,9934,2502442000,0
892,120.647812,31.4132383,-156.8288269,12.6043539,0,0,0,0,0,0,0,1,7,1,107726338,1,10012,2502502000,0
893,120.6478099,31.41323403,-156.8307648,12.59067631,0,0,0,0,0,0,0,0,0,1,107726337,1,10063,2502542000,0
894,120.6478067,31.41322749,-156.8311462,12.57338715,0,0,0,0,0,0,0,0,0,1,107726337,1,10142,2502602000,0
895,120.6478046,31.4132233,-156.8310089,12.56080914,0,0,0,0,0,0,0,0,0,1,107726337,1,10193,2502642000,0
896,120.6478013,31.41321684,-156.8349304,12.53873158,0,0,0,0,0,0,0,0,0,1,107726337,1,10270,2502702000,0
897,120.6477992,31.41321265,-156.8351593,12.52685642,0,0,0,0,0,0,0,0,0,1,107726337,1,10321,2502742000,0
898,120.6477959,31.41320611,-156.835495,12.50868893,0,0,0,0,0,0,0,0,0,1,107726337,1,10400,2502802000,0
899,120.6477938,31.41320192,-156.8335114,12.49848461,0,0,0,0,0,0,0,0,0,1,107726337,1,10450,2502842000,0
900,120.6477904,31.41319555,-156.8325043,12.47938633,0,0,0,0,0,0,0,0,0,1,107726337,1,10528,2502902000,0
901,120.6477879,31.41319052,-156.8289642,12.46159744,0,0,0,0,0,0,0,0,0,1,107726337,1,10589,2502952000,0
902,120.6477854,31.41318549,-156.8238373,12.44130421,0,0,0,0,0,0,0,0,0,1,107726337,1,10650,2503002000,0
903,120.6477834,31.41318139,-156.8217163,12.42627811,0,0,0,0,0,0,0,0,0,1,107726337,1,10699,2503042000,0
904,120.6477804,31.41317544,-156.8169708,12.4001503,0,0,0,0,0,0,0,0,0,1,107726337,1,10770,2503102000,0
905,120.6477779,31.41317041,-156.8087616,12.38067436,0,0,0,0,0,0,0,0,0,1,107726337,1,10832,2503152000,0
906,120.6477754,31.41316538,-156.7996521,12.36092281,0,0,0,0,0,0,0,0,0,1,107726337,1,10892,2503202000,0
907,120.647773,31.41316035,-156.7892609,12.34361649,0,0,0,0,0,0,0,0,0,1,107726337,1,10952,2503252000,0
908,120.6477705,31.41315532,-156.7680969,12.32462406,0,0,0,0,0,0,0,0,0,1,107726337,1,11013,2503303000,0
909,120.6477679,31.41315029,-156.7482147,12.31171799,0,0,0,0,0,0,0,0,0,1,107726337,1,11074,2503352000,0
910,120.6477653,31.41314493,-156.7267761,12.2958231,0,0,0,0,0,0,0,0,0,1,107726337,1,11138,2503402000,0
911,120.6477627,31.41313965,-156.7116852,12.27800274,0,0,0,0,0,0,0,0,0,1,107726337,1,11202,2503452000,0
912,120.64776,31.41313428,-156.6973419,12.25858021,0,0,0,0,0,0,0,0,0,1,107726337,1,11267,2503502000,0
913,120.6477575,31.41312917,-156.6813354,12.23697948,0,0,0,0,0,0,0,0,0,1,107726337,1,11328,2503552000,0
914,120.6477549,31.41312405,-156.6680298,12.21617794,0,0,0,0,0,0,0,0,0,1,107726337,1,11389,2503602000,0
915,120.6477524,31.41311903,-156.6477661,12.19451523,0,0,0,0,0,0,0,0,0,1,107726337,1,11450,2503652000,0
916,120.6477498,31.41311416,-156.6266785,12.1717453,0,0,0,0,0,0,0,0,0,1,107726337,1,11510,2503702000,0
917,120.6477472,31.41310913,-156.6059418,12.1474247,0,0,0,0,0,0,0,0,0,1,107726337,1,11570,2503752000,0
918,120.6477446,31.41310411,-156.587738,12.12268734,0,0,0,0,0,0,0,0,0,1,107726337,1,11631,2503802000,0
919,120.6477421,31.41309916,-156.5645142,12.09969521,0,0,0,0,0,0,0,0,0,1,107726337,1,11691,2503852000,0
920,120.6477398,31.41309438,-156.5442352,12.0744133,0,0,0,0,0,0,0,0,0,1,107726337,1,11749,2503902000,0
921,120.6477374,31.41308952,-156.5202789,12.04951096,0,0,0,0,0,0,0,0,0,1,107726337,1,11808,2503952000,0
922,120.6477348,31.41308458,-156.4976349,12.02434063,0,0,0,0,0,0,0,0,0,1,107726337,1,11867,2504002000,0
923,120.6477323,31.41307971,-156.4736328,12.00074863,0,0,0,0,0,0,0,0,0,1,107726337,1,11926,2504052000,0
924,120.6477298,31.41307469,-156.4496002,11.97607803,0,0,0,0,0,0,0,0,0,1,107726337,1,11987,2504102000,0
925,120.6477273,31.41306974,-156.4334106,11.95315456,0,0,0,0,0,0,0,0,0,1,107726337,1,12047,2504152000,0
926,120.6477248,31.41306471,-156.4203796,11.93041515,0,0,0,0,0,0,0,0,0,1,107726337,1,12107,2504202000,0
927,120.6477222,31.41305977,-156.4108276,11.90714169,0,0,0,0,0,0,0,0,0,1,107726337,1,12167,2504252000,0
928,120.6477198,31.41305499,-156.3974915,11.88726616,0,0,0,0,0,0,0,0,0,1,107726337,1,12226,2504302000,0
929,120.6477173,31.41305013,-156.3852386,11.87827206,0,0,0,0,0,0,0,0,0,1,107726337,1,12284,2504352000,0
930,120.6477146,31.41304501,-156.3686829,11.85677814,0,0,0,0,0,0,0,0,0,1,107726337,1,12346,2504402000,0
931,120.647712,31.41303998,-156.3435364,11.83940697,0,0,0,0,0,0,0,0,0,1,107726337,1,12407,2504452000,0
932,120.6477094,31.41303487,-156.323288,11.82093811,0,0,0,0,0,0,0,0,0,1,107726337,1,12469,2504502000,0
933,120.6477068,31.41302993,-156.3044739,11.80104542,0,0,0,0,0,0,0,0,0,1,107726337,1,12530,2504552000,0
934,120.6477043,31.41302506,-156.2843781,11.7776556,0,0,0,0,0,0,0,0,0,1,107726337,1,12589,2504602000,0
935,120.6477017,31.4130202,-156.2743835,11.75945568,0,0,0,0,0,0,0,0,0,1,107726337,1,12648,2504652000,0
936,120.6476993,31.41301551,-156.2684479,11.7385273,0,0,0,0,0,0,0,0,0,1,107726337,1,12705,2504702000,0
937,120.6476969,31.41301073,-156.2619476,11.71895885,0,0,0,0,0,0,0,0,0,1,107726337,1,12763,2504752000,0
938,120.6476944,31.41300587,-156.2562408,11.694561,0,0,0,0,0,0,0,0,0,1,107726337,1,12821,2504802000,0
939,120.6476919,31.41300109,-156.2522888,11.65848923,0,0,0,0,0,0,0,0,0,1,107726337,1,12880,2504852000,0
940,120.6476896,31.41299648,-156.252182,11.6303091,0,0,0,0,0,0,0,0,0,1,107726337,1,12935,2504902000,0
941,120.6476871,31.41299187,-156.258255,11.60036087,0,0,0,0,0,0,0,0,0,1,107726337,1,12992,2504952000,0
942,120.6476847,31.41298718,-156.2589111,11.56808186,0,0,0,0,0,0,0,0,0,1,107726337,1,13049,2505002000,0
943,120.6476823,31.4129824,-156.2560425,11.53733349,0,0,0,0,0,0,0,0,0,1,107726337,1,13106,2505052000,0
944,120.6476799,31.41297762,-156.2562256,11.50454426,0,0,0,0,0,0,0,0,0,1,107726336,1,13164,2505102000,0
945,120.6476774,31.41297285,-156.2592926,11.47235107,0,0,0,0,0,0,0,0,0,1,107726336,1,13222,2505152000,0
946,120.6476749,31.41296798,-156.2622681,11.44149399,0,0,0,0,0,0,0,0,0,1,107726336,1,13280,2505202000,0
947,120.6476725,31.41296329,-156.2626495,11.40694618,0,0,0,0,0,0,0,0,0,1,107726336,1,13338,2505252000,0
948,120.64767,31.4129586,-156.2603302,11.37585735,0,0,0,0,0,0,0,0,0,1,107726336,1,13394,2505302000,0
949,120.6476677,31.41295399,-156.2604675,11.34234905,0,0,0,0,0,0,0,0,0,1,107726336,1,13451,2505352000,0
950,120.6476652,31.41294912,-156.2606354,11.31154919,0,0,0,0,0,0,0,0,0,1,107726336,1,13509,2505402000,0
951,120.6476627,31.41294426,-156.2618103,11.27956676,0,0,0,0,0,0,0,0,0,1,107726336,1,13568,2505452000,0
952,120.6476602,31.41293957,-156.2668304,11.24789143,0,0,0,0,0,0,0,0,0,1,107726336,1,13625,2505502000,0
953,120.6476577,31.41293488,-156.2741547,11.21514416,0,0,0,0,0,0,0,0,0,1,107726336,1,13682,2505552000,0
954,120.6476554,31.41293027,-156.284317,11.18207169,0,0,0,0,0,0,0,0,0,1,107726336,1,13738,2505602000,0
955,120.647653,31.41292566,-156.2946625,11.14763641,0,0,0,0,0,0,0,0,0,1,107726336,1,13794,2505652000,0
956,120.6476507,31.41292113,-156.3113251,11.11435986,0,0,0,0,0,0,0,0,0,1,107726336,1,13849,2505702000,0
957,120.6476483,31.4129166,-156.3311462,11.08068466,0,0,0,0,0,0,0,0,0,1,107726336,1,13904,2505752000,0
958,120.647646,31.41291191,-156.352478,11.04595566,0,0,0,0,0,0,0,0,0,1,107726336,1,13960,2505802000,0
959,120.6476436,31.4129073,-156.3813782,11.01045799,0,0,0,0,0,0,0,0,0,1,107726336,1,14016,2505852000,0
960,120.6476414,31.41290286,-156.4175568,10.97521591,0,0,0,0,0,0,0,0,0,1,107726336,1,14069,2505902000,0
961,120.6476391,31.4128985,-156.4551392,10.94065952,0,0,0,0,0,0,0,0,0,1,107726336,1,14122,2505952000,0
962,120.6476369,31.41289406,-156.4888153,10.90693855,0,0,0,0,0,0,0,0,0,1,107726336,1,14177,2506002000,0
963,120.6476346,31.41288961,-156.5213318,10.8714447,0,0,0,0,0,0,0,0,0,1,107726336,1,14230,2506052000,0
964,120.6476323,31.41288509,-156.5510712,10.83143806,0,0,0,0,0,0,0,0,0,1,107726336,1,14284,2506102000,0
965,120.6476296,31.41287972,-156.5792236,10.78564548,0,0,0,0,0,0,0,0,0,1,107726336,1,14349,2506162000,0
966,120.6476279,31.41287612,-156.589859,10.75189686,0,0,0,0,0,0,0,0,0,1,107726336,1,14392,2506202000,0
967,120.6476256,31.41287159,-156.597641,10.7115469,0,0,0,0,0,0,0,0,0,1,107726336,1,14447,2506252000,0
968,120.6476234,31.41286723,-156.5992432,10.66814137,0,0,0,0,0,0,0,0,0,1,107726336,1,14500,2506302000,0
969,120.6476214,31.41286287,-156.5991364,10.62582493,0,0,0,0,0,0,0,0,0,1,107726336,1,14552,2506352000,0
970,120.6476191,31.41285835,-156.6024475,10.57985878,0,0,0,0,0,0,0,0,0,1,107726336,1,14606,2506402000,0
971,120.6476163,31.4128529,-156.6030884,10.52672672,0,0,0,0,0,0,0,0,0,1,107726336,1,14672,2506462000,0
972,120.6476141,31.41284846,-156.60289,10.47934818,0,0,0,0,0,0,0,0,0,1,107726336,1,14726,2506512000,0
973,120.6476118,31.41284402,-156.6063385,10.43394566,0,0,0,0,0,0,0,0,0,1,107726336,1,14779,2506562000,0
974,120.6476095,31.41283957,-156.6103821,10.38606834,0,0,0,0,0,0,0,0,0,1,107726336,1,14832,2506612000,0
975,120.6476074,31.4128353,-156.6086884,10.33834553,0,0,0,0,0,0,0,0,0,1,107726336,1,14885,2506662000,0
976,120.6476052,31.41283102,-156.6057739,10.29175472,0,0,0,0,0,0,0,0,0,1,107726336,1,14936,2506712000,0
977,120.6476031,31.41282683,-156.6053619,10.24387264,0,0,0,0,0,0,0,0,0,1,107726336,1,14987,2506762000,0
978,120.6476014,31.4128234,-156.6062164,10.20702076,0,0,0,0,0,0,0,0,0,1,107726336,1,15028,2506802000,0
979,120.6475988,31.41281828,-156.6048889,10.15271664,0,0,0,0,0,0,0,0,0,1,107726336,1,15089,2506862000,0
980,120.6475968,31.41281418,-156.6038666,10.103549,0,0,0,0,0,0,0,0,0,1,107726336,1,15139,2506912000,0
981,120.6475948,31.41281024,-156.6036835,10.0551424,0,0,0,0,0,0,0,0,0,1,107726335,1,15187,2506962000,0
982,120.6475928,31.41280613,-156.6043854,10.00711441,0,0,0,0,0,0,0,0,0,1,107726335,1,15236,2507012000,0
983,120.6475907,31.41280211,-156.6083527,9.959023476,0,0,0,0,0,0,0,0,0,1,107726335,1,15285,2507062000,0
984,120.6475886,31.41279808,-156.6107483,9.908336639,0,0,0,0,0,0,0,0,0,1,107726335,1,15334,2507112000,0
985,120.6475865,31.41279398,-156.6087036,9.859760284,0,0,0,0,0,0,0,0,0,1,107726335,1,15383,2507162000,0
986,120.6475844,31.41278995,-156.6069336,9.812000275,0,0,0,0,0,0,0,0,0,1,107726335,1,15432,2507212000,0
987,120.6475823,31.41278584,-156.6068268,9.763277054,0,0,0,0,0,0,0,0,0,1,107726335,1,15482,2507262000,0
988,120.6475802,31.41278182,-156.6074829,9.713279724,0,0,0,0,0,0,0,0,0,1,107726335,1,15531,2507312000,0
989,120.647578,31.41277746,-156.6203308,9.667554855,0,0,0,0,0,0,0,0,0,1,107726335,1,15583,2507363000,0
990,120.647576,31.41277336,-156.642746,9.619018555,0,0,0,0,0,0,0,0,0,1,107726335,1,15632,2507412000,0
991,120.6475741,31.41276942,-156.6724701,9.569062233,0,0,0,0,0,0,0,0,0,1,107726335,1,15680,2507462000,0
992,120.6475721,31.41276539,-156.7078094,9.515895844,0,0,0,0,0,0,0,0,0,1,107726335,1,15728,2507512000,0
993,120.6475701,31.41276129,-156.7434082,9.465860367,0,0,0,0,0,0,0,0,0,1,107726335,1,15778,2507562000,0
994,120.6475681,31.41275718,-156.7787628,9.415164948,0,0,0,0,0,0,0,0,0,1,107726335,1,15827,2507612000,0
995,120.6475662,31.41275332,-156.8094788,9.358688354,0,0,0,0,0,0,0,0,0,1,107726335,1,15873,2507662000,0
996,120.6475643,31.41274955,-156.8372803,9.305522919,0,0,0,0,0,0,0,0,0,1,107726335,1,15919,2507712000,0
997,120.6475623,31.4127457,-156.8578339,9.251655579,0,0,0,0,0,0,0,0,0,1,107726335,1,15966,2507762000,0
998,120.6475603,31.41274184,-156.8710327,9.196990967,0,0,0,0,0,0,0,0,0,1,107726335,1,16012,2507812000,0
999,120.6475585,31.41273824,-156.8836212,9.143006325,0,0,0,0,0,0,0,0,0,1,107726335,1,16056,2507862000,0
1000,120.6475566,31.41273472,-156.8960876,9.090399742,0,0,0,0,0,0,0,0,0,1,107726335,1,16099,2507912000,0
1001,120.6475547,31.41273103,-156.9089966,9.036579132,0,0,0,0,0,0,0,0,0,1,107726335,1,16144,2507962000,0
1002,120.6475529,31.41272742,-156.9208832,8.985323906,0,0,0,0,0,0,0,0,0,1,107726335,1,16188,2508012000,0
1003,120.6475509,31.41272365,-156.9300537,8.936953545,0,0,0,0,0,0,0,0,0,1,107726335,1,16233,2508062000,0
1004,120.6475491,31.41271996,-156.9382324,8.883423805,0,0,0,0,0,0,0,0,0,1,107726335,1,16277,2508112000,0
1005,120.6475473,31.41271628,-156.9368591,8.8338871,0,0,0,0,0,0,0,0,0,1,107726335,1,16322,2508162000,0
1006,120.6475454,31.4127125,-156.9270782,8.786493301,0,0,0,0,0,0,0,0,0,1,107726335,1,16367,2508212000,0
1007,120.6475437,31.41270898,-156.9193726,8.737234116,0,0,0,0,0,0,0,0,0,1,107726335,1,16410,2508262000,0
1008,120.6475419,31.41270538,-156.9106445,8.689267159,0,0,0,0,0,0,0,0,0,1,107726335,1,16453,2508312000,0
1009,120.64754,31.41270169,-156.9048462,8.639057159,0,0,0,0,0,0,0,0,0,1,107726335,1,16497,2508362000,0
1010,120.6475382,31.412698,-156.9075165,8.592467308,0,0,0,0,0,0,0,0,0,1,107726335,1,16542,2508412000,0
1011,120.6475364,31.41269431,-156.9083405,8.543037415,0,0,0,0,0,0,0,0,0,1,107726335,1,16586,2508462000,0
1012,120.6475346,31.41269063,-156.9075012,8.493973732,0,0,0,0,0,0,0,0,0,1,107726335,1,16630,2508512000,0
1013,120.6475328,31.41268711,-156.9011078,8.447217941,0,0,0,0,0,0,0,0,0,1,107726335,1,16673,2508562000,0
1014,120.6475311,31.41268367,-156.8897095,8.396690369,0,0,0,0,0,0,0,0,0,1,107726335,1,16715,2508612000,0
1015,120.6475294,31.41268023,-156.8787537,8.348806381,0,0,0,0,0,0,0,0,0,1,107726335,1,16756,2508662000,0
1016,120.6475277,31.4126768,-156.8765411,8.300919533,0,0,0,0,0,0,0,0,0,1,107726335,1,16797,2508712000,0
1017,120.647526,31.41267336,-156.8741608,8.253824234,0,0,0,0,0,0,0,0,0,1,107726335,1,16838,2508762000,0
1018,120.6475243,31.41266992,-156.8712769,8.206336021,0,0,0,0,0,0,0,0,0,1,107726335,1,16880,2508812000,0
1019,120.6475227,31.41266665,-156.8547211,8.151324272,0,0,0,0,0,0,0,0,0,1,107726335,1,16919,2508862000,0
1020,120.647521,31.41266339,-156.8286896,8.09927845,0,0,0,0,0,0,0,0,0,1,107726335,1,16958,2508912000,0
1021,120.6475194,31.41266012,-156.7919464,8.04556942,0,0,0,0,0,0,0,0,0,1,107726335,1,16997,2508962000,0
1022,120.6475179,31.41265693,-156.7517395,7.995456696,0,0,0,0,0,0,0,0,0,1,107726335,1,17036,2509012000,0
1023,120.6475162,31.41265358,-156.7049866,7.940930367,0,0,0,0,0,0,0,0,0,1,107726335,1,17076,2509063000,0
1024,120.6475146,31.41265031,-156.655014,7.889264584,0,0,0,0,0,0,0,0,0,1,107726335,1,17116,2509112000,0
1025,120.6475129,31.41264704,-156.6054688,7.831867695,0,0,0,0,0,0,0,0,0,1,107726335,1,17156,2509162000,0
1026,120.6475113,31.41264369,-156.5572205,7.773485184,0,0,0,0,0,0,0,0,0,1,107726335,1,17196,2509212000,0
1027,120.6475096,31.41264042,-156.5063324,7.712936401,0,0,0,0,0,0,0,0,0,1,107726335,1,17235,2509262000,0
1028,120.647508,31.41263715,-156.4495544,7.651832104,0,0,0,0,0,0,0,0,0,1,107726335,1,17275,2509312000,0
1029,120.6475064,31.41263388,-156.3726501,7.59662199,0,0,0,0,0,0,0,0,0,1,107726335,1,17314,2509362000,0
1030,120.6475047,31.41263061,-156.2722778,7.533856869,0,0,0,0,0,0,0,0,0,1,107726335,1,17354,2509412000,0
1031,120.6475031,31.41262751,-156.1568909,7.470969677,0,0,0,0,0,0,0,0,0,1,107726335,1,17391,2509462000,0
1032,120.6475016,31.41262449,-156.0330811,7.407017231,0,0,0,0,0,0,0,0,0,1,107726335,1,17427,2509512000,0
1033,120.6475001,31.41262148,-155.9026489,7.344988346,0,0,0,0,0,0,0,0,0,1,107726335,1,17464,2509562000,0
1034,120.6474985,31.41261846,-155.781189,7.283730984,0,0,0,0,0,0,0,0,0,1,107726335,1,17500,2509612000,0
1035,120.647497,31.41261552,-155.6638947,7.220546246,0,0,0,0,0,0,0,0,0,1,107726335,1,17537,2509662000,0
1036,120.6474955,31.41261251,-155.5467072,7.15627718,0,0,0,0,0,0,0,0,0,1,107726335,1,17573,2509712000,0
1037,120.6474939,31.41260949,-155.4173737,7.09389782,0,0,0,0,0,0,0,0,0,1,107726335,1,17609,2509762000,0
1038,120.6474924,31.41260656,-155.2700806,7.032452583,0,0,0,0,0,0,0,0,0,1,107726335,1,17645,2509812000,0
1039,120.6474909,31.41260362,-155.0972748,6.976004601,0,0,0,0,0,0,0,0,0,1,107726335,1,17680,2509862000,0
1040,120.6474894,31.41260077,-154.9042358,6.913470745,0,0,0,0,0,0,0,0,0,1,107726335,1,17715,2509912000,0
1041,120.6474879,31.41259801,-154.6914215,6.85162878,0,0,0,0,0,0,0,0,0,1,107726335,1,17749,2509962000,0
1042,120.6474862,31.41259507,-154.4571075,6.789870739,0,0,0,0,0,0,0,0,0,1,107726335,1,17785,2510012000,0
1043,120.6474838,31.41259097,-154.1826324,6.733652592,0,0,0,0,0,0,0,0,0,1,107726335,1,17836,2510063000,0
1044,120.6474822,31.41258812,-153.9021912,6.669452667,0,0,0,0,0,0,0,0,0,1,107726335,1,17872,2510113000,0
1045,120.6474805,31.41258543,-153.6070862,6.609706879,0,0,0,0,0,0,0,0,0,1,107726335,1,17905,2510162000,0
1046,120.647479,31.412583,-153.2866516,6.54594326,0,0,0,0,0,0,0,0,0,1,107726335,1,17937,2510212000,0
1047,120.6474775,31.41258057,-152.9495697,6.478771687,0,0,0,0,0,0,0,0,0,1,107726335,1,17967,2510262000,0
1048,120.6474762,31.41257831,-152.5901337,6.413443565,0,0,0,0,0,0,0,0,0,1,107726335,1,17995,2510312000,0
1049,120.6474748,31.41257613,-152.2069702,6.346571445,0,0,0,0,0,0,0,0,0,1,107726335,1,18023,2510362000,0
1050,120.6474735,31.41257395,-151.7984772,6.28089571,0,0,0,0,0,0,1,0,0,1,107726335,1,18051,2510412000,0
1051,120.6474722,31.41257169,-151.3661041,6.214985371,0,0,0,0,0,0,1,0,0,1,107726335,1,18079,2510463000,0
1052,120.6474705,31.41256909,-150.8583984,6.138808727,0,0,0,0,0,0,1,0,0,1,107726335,1,18112,2510522000,0
1053,120.6474694,31.41256733,-150.5166321,6.087770939,0,0,0,0,0,0,1,0,0,1,107726335,1,18135,2510562000,0
1054,120.647467,31.41256356,-150.0882263,6.030677795,0,0,0,0,0,0,1,0,0,1,107726335,1,18182,2510612000,0
1055,120.6474652,31.41256079,-149.5829163,5.947930336,0,0,0,0,0,0,1,0,0,1,107726335,1,18218,2510672000,0
1056,120.6474636,31.41255836,-149.1688232,5.874992371,0,0,0,0,0,0,1,0,0,1,107726335,1,18249,2510722000,0
1057,120.6474621,31.41255593,-148.7587738,5.794124126,0,0,0,0,0,0,1,0,0,1,107726335,1,18280,2510772000,0
1058,120.6474609,31.41255425,-148.4348755,5.727082253,0,0,0,0,0,0,1,0,0,1,107726335,1,18302,2510812000,0
1059,120.6474592,31.41255182,-147.9662628,5.629040718,0,0,0,0,0,0,1,1,1,2,107726276,1,26,2510872000,0
1060,120.6474582,31.41255023,-147.6564789,5.559218884,0,0,0,0,0,0,1,1,1,2,107726276,1,49,2510912000,0
1061,120.6474566,31.41254797,-147.1983948,5.458074093,0,0,0,0,0,0,1,1,1,2,107726276,1,83,2510972000,0
1062,120.6474551,31.41254595,-146.8152924,5.37456274,0,0,0,0,0,0,1,1,1,2,107726276,1,112,2511022000,0
1063,120.6474536,31.41254411,-146.4212646,5.293800831,0,0,0,0,0,0,1,1,1,2,107726276,1,140,2511072000,0
1064,120.6474521,31.41254218,-146.0077362,5.222844124,0,0,0,0,0,0,1,1,1,2,107726276,1,169,2511122000,0
1065,120.6474507,31.41254026,-145.5670929,5.158650875,0,0,0,0,0,0,1,1,1,2,107726276,1,200,2511172000,0
1066,120.6474491,31.41253833,-145.1002502,5.100069523,0,0,0,0,0,0,1,1,1,2,107726276,1,230,2511222000,0
1067,120.6474476,31.4125364,-144.6129456,5.043808937,0,0,0,0,0,0,1,1,1,2,107726276,1,259,2511272000,0
1068,120.647446,31.41253456,-144.1057892,4.985159874,0,0,0,0,0,0,1,1,1,2,107726276,1,288,2511322000,0
1069,120.6474447,31.41253305,-143.6882324,4.939782143,0,0,0,0,0,0,1,1,1,2,107726276,1,312,2511362000,0
1070,120.6474428,31.41253087,-143.0449066,4.872881889,0,0,0,0,0,0,1,1,1,2,107726276,1,346,2511422000,0
1071,120.6474411,31.41252902,-142.4944763,4.817131519,0,0,0,0,0,0,1,1,1,2,107726276,1,375,2511472000,0
1072,120.6474396,31.41252726,-141.9334412,4.760432243,0,0,0,0,0,0,1,1,1,2,107726276,1,406,2511522000,0
1073,120.647438,31.4125255,-141.349762,4.69249773,0,0,0,0,0,0,1,1,1,2,107726276,1,434,2511573000,0
1074,120.6474361,31.41252349,-140.7927856,4.622132778,0,0,0,0,0,0,1,1,1,2,107726276,1,467,2511622000,0
1075,120.6474346,31.4125219,-140.2431641,4.533101082,0,0,0,0,0,0,1,1,1,2,107726276,1,493,2511672000,0
1076,120.6474331,31.41252039,-139.7179565,4.442004681,0,0,0,0,0,0,1,1,1,2,107726276,1,518,2511722000,0
1077,120.6474316,31.41251888,-139.2146759,4.344004154,0,0,0,0,0,0,1,1,1,2,107726276,1,543,2511772000,0
1078,120.6474302,31.41251754,-138.730423,4.24386549,0,0,0,0,0,0,1,1,1,2,107726276,1,567,2511822000,0
1079,120.6474289,31.41251628,-138.2526703,4.143035412,0,0,0,0,0,0,1,1,1,2,107726276,1,588,2511872000,0
1080,120.6474276,31.41251494,-137.7776337,4.041749001,0,0,0,0,0,0,1,1,1,2,107726276,1,614,2511922000,0
1081,120.6474263,31.41251377,-137.3076019,3.940215826,0,0,0,0,0,0,1,1,1,2,107726276,1,634,2511972000,0
1082,120.647425,31.41251251,-136.8488007,3.8431499,0,0,0,0,0,0,1,1,1,2,107726276,1,656,2512022000,0
1083,120.6474236,31.41251134,-136.4057617,3.756780624,0,0,0,0,0,0,1,1,1,2,107726276,1,677,2512072000,0
1084,120.6474223,31.41251016,-135.9728851,3.665984869,0,0,0,0,0,0,1,1,1,2,107726276,1,698,2512123000,0
1085,120.647421,31.41250907,-135.5626068,3.595620871,0,0,0,0,0,0,1,1,1,2,107726276,1,718,2512172000,0
1086,120.6474198,31.4125079,-135.1331635,3.539077997,0,0,0,0,0,0,1,1,1,2,107726276,1,738,2512222000,0
1087,120.6474183,31.41250681,-134.6850891,3.491306543,0,0,0,0,0,0,1,1,1,2,107726276,1,760,2512272000,0
1088,120.647417,31.41250564,-134.2080078,3.452034473,0,0,0,0,0,0,1,1,1,2,107726276,1,781,2512322000,0
1089,120.6474156,31.41250438,-133.699173,3.423068523,0,0,0,0,0,0,1,1,1,2,107726276,1,803,2512372000,0
1090,120.6474142,31.41250329,-133.1692505,3.398382187,0,0,0,0,0,0,1,1,1,2,107726276,1,824,2512422000,0
1091,120.6474128,31.41250203,-132.6257935,3.38410306,0,0,0,0,0,0,1,1,1,2,107726276,1,846,2512472000,0
1092,120.6474114,31.41250094,-132.0706329,3.372438192,0,0,0,0,0,0,1,1,1,2,107726276,1,873,2512522000,0
1093,120.64741,31.41249985,-131.5034332,3.348015308,0,0,0,0,0,0,1,1,1,2,107726276,1,894,2512572000,0
1094,120.6474083,31.4124986,-130.9266968,3.336990356,0,0,0,0,0,0,1,1,1,2,107726276,1,920,2512622000,0
1095,120.6474069,31.41249759,-130.3403778,3.324460506,0,0,0,0,0,0,1,1,1,2,107726276,1,939,2512672000,0
1096,120.6474057,31.41249675,-129.7444153,3.313462496,0,0,0,0,0,0,1,1,1,2,107726276,1,958,2512722000,0
1097,120.6474046,31.412496,-129.1347656,3.299893856,0,0,0,0,0,0,1,1,1,2,107726276,1,973,2512772000,0
1098,120.6474034,31.41249516,-128.5154114,3.276460648,0,0,0,0,0,0,1,1,1,2,107726276,1,990,2512822000,0
1099,120.6474024,31.41249449,-127.888382,3.263772964,0,0,0,0,0,0,1,1,1,2,107726276,1,1005,2512872000,0
1100,120.6474012,31.41249365,-127.2557907,3.250053406,0,0,0,0,0,0,1,1,1,2,107726276,1,1021,2512922000,0
1101,120.6474001,31.4124929,-126.6199188,3.236942768,0,0,0,0,0,0,1,1,1,2,107726276,1,1038,2512972000,0
1102,120.6473988,31.41249206,-125.9829559,3.224923372,0,0,0,0,0,0,1,1,1,2,107726276,1,1056,2513022000,0
1103,120.6473976,31.4124913,-125.3398438,3.207472324,0,0,0,0,0,0,1,1,1,2,107726276,1,1073,2513072000,0
1104,120.6473963,31.41249047,-124.6922226,3.200432539,0,0,0,0,0,0,1,1,1,2,107726276,1,1091,2513122000,0
1105,120.647395,31.41248963,-124.0412216,3.195001125,0,0,0,0,0,0,1,1,1,2,107726276,1,1109,2513172000,0
1106,120.6473937,31.41248879,-123.3744202,3.192331553,0,0,0,0,0,0,1,1,1,2,107726276,1,1127,2513223000,0
1107,120.6473923,31.41248804,-122.7379227,3.193333864,0,0,0,0,0,0,1,1,1,2,107726276,1,1146,2513272000,0
1108,120.6473909,31.4124872,-122.094841,3.179817438,0,0,0,0,0,0,1,1,1,2,107726276,1,1164,2513322000,0
1109,120.6473895,31.41248644,-121.4564896,3.182976961,0,0,0,0,0,0,1,1,1,2,107726276,1,1202,2513372000,0
1110,120.6473881,31.41248561,-120.8149948,3.191294193,0,0,0,0,0,0,1,1,1,2,107726276,1,1221,2513422000,0
1111,120.6473867,31.41248493,-120.168129,3.200301886,0,0,0,0,0,0,1,1,1,2,107726276,1,1239,2513472000,0
1112,120.6473853,31.41248418,-119.5148773,3.214831352,0,0,0,0,0,0,1,1,1,2,107726276,1,1258,2513522000,0
1113,120.6473838,31.41248343,-118.8513031,3.230230331,0,0,0,0,0,0,1,1,1,2,107726276,1,1278,2513572000,0
1114,120.6473816,31.41248242,-118.1819992,3.258834839,0,0,0,0,0,0,1,1,1,2,107726276,1,1321,2513622000,0
1115,120.6473801,31.41248167,-117.5107803,3.291838408,0,0,0,0,0,0,1,1,1,2,107726276,1,1342,2513672000,0
1116,120.6473785,31.41248091,-116.8359985,3.33266139,0,0,0,0,0,0,1,1,1,2,107726276,1,1363,2513722000,0
1117,120.6473771,31.41248024,-116.1605759,3.372153521,0,0,0,0,0,0,1,1,1,2,107726276,1,1381,2513772000,0
1118,120.6473757,31.41247965,-115.4865875,3.400099993,0,0,0,0,0,0,1,1,1,2,107726276,1,1400,2513822000,0
1119,120.6473743,31.41247898,-114.8255157,3.453723669,0,0,0,0,0,0,1,1,1,2,107726276,1,1419,2513872000,0
1120,120.6473727,31.4124784,-114.1710205,3.518263578,0,0,0,0,0,0,1,1,1,2,107726276,1,1438,2513922000,0
1121,120.6473711,31.41247773,-113.4971085,3.590740919,0,0,0,0,0,0,1,1,1,2,107726276,1,1459,2513973000,0
1122,120.6473695,31.41247706,-112.8348541,3.665757656,0,0,0,0,0,0,1,1,1,2,107726276,1,1480,2514022000,0
1123,120.6473677,31.41247647,-112.1406403,3.72205019,0,0,0,0,0,0,1,1,1,2,107726276,1,1501,2514072000,0
1124,120.647366,31.4124758,-111.4492035,3.780317068,0,0,0,0,0,0,1,1,1,2,107726276,1,1537,2514122000,0
1125,120.6473642,31.41247521,-110.7652893,3.841660261,0,0,0,0,0,0,1,1,1,2,107726276,1,1560,2514172000,0
1126,120.6473623,31.41247462,-110.0693283,3.902620077,0,0,0,0,0,0,1,1,1,2,107726276,1,1583,2514222000,0
1127,120.6473604,31.41247395,-109.3520508,3.965776682,0,0,0,0,0,0,1,1,1,2,107726276,1,1607,2514272000,0
1128,120.6473584,31.41247337,-108.614769,4.02377367,0,0,0,0,0,0,1,1,1,2,107726276,1,1631,2514322000,0
1129,120.6473561,31.41247261,-107.7060623,4.096792221,0,0,0,0,0,0,1,1,1,2,107726276,1,1661,2514382000,0
1130,120.6473545,31.41247219,-107.0899353,4.146348476,0,0,0,0,0,0,1,1,1,2,107726276,1,1681,2514422000,0
1131,120.6473524,31.41247161,-106.3091125,4.206339359,0,0,0,0,0,0,1,1,1,2,107726276,1,1706,2514472000,0
1132,120.6473504,31.41247102,-105.515831,4.26666832,0,0,0,0,0,0,1,1,1,2,107726276,1,1744,2514522000,0
1133,120.6473478,31.41247027,-104.5581589,4.341762543,0,0,0,0,0,0,1,1,1,2,107726276,1,1776,2514582000,0
1134,120.647346,31.41246976,-103.90979,4.391423702,0,0,0,0,0,0,1,1,1,2,107726276,1,1798,2514622000,0
1135,120.6473423,31.41246893,-102.9092712,4.475131035,0,0,0,0,0,0,1,1,1,2,107726276,1,1843,2514682000,0
1136,120.6473404,31.41246851,-102.2310104,4.527807713,0,0,0,0,0,0,1,1,1,2,107726276,1,1866,2514722000,0
1137,120.647338,31.412468,-101.3972168,4.58306694,0,0,0,0,0,0,1,1,1,2,107726276,1,1895,2514772000,0
1138,120.6473357,31.4124675,-100.5932388,4.618695736,0,0,0,0,0,0,1,1,1,2,107726276,1,1950,2514822000,0
1139,120.647333,31.41246708,-99.63392639,4.680032253,0,0,0,0,0,0,1,1,1,2,107726276,1,1981,2514882000,0
1140,120.6473307,31.41246683,-98.80095673,4.73286438,0,0,0,0,0,0,1,1,1,2,107726276,1,2008,2514932000,0
1141,120.6473289,31.41246658,-98.10694885,4.777601242,0,0,0,0,0,0,1,1,1,2,107726276,1,2030,2514972000,0
1142,120.6473266,31.41246633,-97.19437408,4.830767155,0,0,0,0,0,0,1,1,1,2,107726276,1,2058,2515023000,0
1143,120.6473237,31.41246599,-96.13505554,4.91834116,0,0,0,0,0,0,1,1,1,2,107726276,1,2092,2515082000,0
1144,120.6473214,31.41246574,-95.25154114,4.974898338,0,0,0,0,0,0,1,1,1,2,107726276,1,2121,2515132000,0
1145,120.6473188,31.41246549,-94.38386536,5.03241396,0,0,0,0,0,0,1,1,1,2,107726276,1,2152,2515182000,0
1146,120.6473166,31.41246524,-93.69044495,5.072754383,0,0,0,0,0,0,1,1,1,2,107726276,1,2184,2515222000,0
1147,120.6473133,31.41246499,-92.64839172,5.140129566,0,0,0,0,0,0,1,1,1,2,107726276,1,2222,2515282000,0
1148,120.6473105,31.41246482,-91.77386475,5.194890499,0,0,0,0,0,0,1,1,1,2,107726276,1,2256,2515332000,0
1149,120.6473077,31.41246465,-90.89696503,5.24623394,0,0,0,0,0,0,1,1,1,2,107726276,1,2289,2515382000,0
1150,120.6473054,31.41246448,-90.18830109,5.287222385,0,0,0,0,0,0,1,1,1,2,107726276,1,2317,2515422000,0
1151,120.647302,31.4124644,-89.10269928,5.347456455,0,0,0,0,0,0,1,1,1,2,107726276,1,2357,2515482000,0
1152,120.6472992,31.41246432,-88.18706512,5.393626213,0,0,0,0,0,0,1,1,1,2,107726276,1,2391,2515532000,0
1153,120.6472962,31.4124644,-87.27703857,5.45580864,0,0,0,0,0,0,1,1,1,2,107726276,1,2432,2515582000,0
1154,120.6472938,31.4124644,-86.53959656,5.497412205,0,0,0,0,0,0,1,1,1,2,107726276,1,2461,2515623000,0
1155,120.6472895,31.41246448,-85.49133301,5.56111002,0,0,0,0,0,0,1,1,1,2,107726276,1,2512,2515682000,0
1156,120.6472864,31.41246465,-84.60890961,5.61189127,0,0,0,0,0,0,1,1,1,2,107726276,1,2549,2515732000,0
1157,120.6472834,31.4124649,-83.71605682,5.66228056,0,0,0,0,0,0,1,1,1,2,107726276,1,2584,2515782000,0
1158,120.647281,31.41246507,-83.00343323,5.689954281,0,0,0,0,0,0,1,1,1,2,107726276,1,2613,2515822000,0
1159,120.6472776,31.41246549,-81.93907166,5.747846603,0,0,0,0,0,0,1,1,1,2,107726276,1,2654,2515882000,0
1160,120.6472749,31.41246574,-81.06834412,5.795125008,0,0,0,0,0,0,1,1,1,2,107726276,1,2692,2515932000,0
1161,120.647272,31.41246616,-80.20265961,5.845269203,0,0,0,0,0,0,1,1,1,2,107726276,1,2728,2515983000,0
1162,120.6472697,31.41246649,-79.56178284,5.884938717,0,0,0,0,0,0,1,1,1,2,107726276,1,2754,2516022000,0
1163,120.6472662,31.41246708,-78.60892487,5.953304291,0,0,0,0,0,0,1,1,1,2,107726276,1,2797,2516083000,0
1164,120.6472634,31.4124675,-77.88850403,6.006373405,0,0,0,0,0,0,1,1,1,2,107726276,1,2831,2516132000,0
1165,120.6472603,31.41246809,-77.19683075,6.057997227,0,0,0,0,0,0,1,1,1,2,107726276,1,2867,2516182000,0
1166,120.6472579,31.41246851,-76.6807251,6.097911358,0,0,0,0,0,0,1,1,1,2,107726276,1,2904,2516222000,0
1167,120.6472541,31.41246926,-75.9785614,6.158409119,0,0,0,0,0,0,1,1,1,2,107726276,1,2950,2516282000,0
1168,120.647251,31.41246993,-75.46369934,6.211328983,0,0,0,0,0,0,1,1,1,2,107726276,1,2989,2516332000,0
1169,120.6472477,31.4124706,-75.01858521,6.259099007,0,0,0,0,0,0,1,1,1,2,107726276,1,3028,2516382000,0
1170,120.6472444,31.41247127,-74.63063812,6.311481476,0,0,0,0,0,0,1,1,1,2,107726276,1,3068,2516432000,0
1171,120.6472411,31.41247211,-74.29256439,6.36391449,0,0,0,0,0,0,1,1,1,2,107724659,2,3115,2516482000,0
1172,120.6472379,31.41247278,-73.99595642,6.418426514,0,0,0,0,0,0,1,1,1,2,107724659,2,3147,2516532000,0
1173,120.6472347,31.4124737,-73.72814178,6.472043991,0,0,0,0,0,0,1,1,1,2,107724659,2,3180,2516582000,0
1174,120.6472319,31.41247437,-73.54044342,6.514796734,0,0,0,0,0,0,1,1,1,2,107724659,2,3207,2516622000,0
1175,120.6472278,31.41247538,-73.28553772,6.577358246,0,0,0,0,0,0,1,1,1,2,107724659,2,3248,2516683000,0
1176,120.6472245,31.4124763,-73.111763,6.628149986,0,0,0,0,0,0,1,1,1,2,107724659,2,3281,2516732000,0
1177,120.6472211,31.41247722,-72.95266724,6.679816723,0,0,0,0,0,0,1,1,1,2,107724659,2,3315,2516782000,0
1178,120.6472178,31.41247815,-72.80776978,6.726242542,0,0,0,0,0,0,1,1,1,2,107724659,2,3348,2516832000,0
1179,120.6472145,31.41247915,-72.65792847,6.775477409,0,0,0,0,0,0,1,1,1,2,107724659,2,3382,2516882000,0
1180,120.6472112,31.41248007,-72.49643707,6.823834419,0,0,0,0,0,0,1,1,1,2,107724659,2,3415,2516932000,0
1181,120.6472079,31.41248108,-72.31238556,6.876720428,0,0,0,0,0,0,1,1,1,2,107724659,2,3449,2516982000,0
1182,120.6472043,31.41248208,-72.10243988,6.928952217,0,0,0,0,0,0,1,1,1,2,107724659,2,3486,2517034000,0
1183,120.6472009,31.41248309,-71.89980316,6.979934692,0,0,0,0,0,0,1,1,1,2,107724659,2,3520,2517083000,0
1184,120.6471976,31.4124841,-71.70760345,7.024716377,0,0,0,0,0,0,1,1,1,2,107724659,2,3553,2517132000,0
1185,120.6471943,31.4124851,-71.52793121,7.070169449,0,0,0,0,0,0,1,1,1,2,107724659,2,3587,2517182000,0
1186,120.6471908,31.41248619,-71.35710144,7.119062901,0,0,0,0,0,0,1,1,1,2,107724659,2,3622,2517232000,0
1187,120.6471873,31.41248728,-71.19316101,7.16726017,0,0,0,0,0,0,1,1,1,2,107724659,2,3658,2517282000,0
1188,120.6471837,31.4124882,-71.03530884,7.210224628,0,0,0,0,0,0,1,1,1,2,107724659,2,3694,2517332000,0
1189,120.6471801,31.41248929,-70.89602661,7.255953312,0,0,0,0,0,0,1,1,1,2,107724659,2,3730,2517382000,0
1190,120.6471765,31.41249038,-70.78157043,7.298351765,0,0,0,0,0,0,1,1,1,2,107724659,2,3767,2517432000,0
1191,120.6471728,31.41249147,-70.69683838,7.343281269,0,0,0,0,0,0,1,1,1,2,107724659,2,3804,2517482000,0
1192,120.6471692,31.41249248,-70.64164734,7.386902809,0,0,0,0,0,0,1,1,1,2,107724659,2,3840,2517532000,0
1193,120.6471655,31.41249348,-70.58999634,7.433944225,0,0,0,0,0,0,1,1,1,2,107724659,2,3877,2517582000,0
1194,120.6471619,31.41249457,-70.53235626,7.474912167,0,0,0,0,0,0,1,1,1,2,107724659,2,3914,2517632000,0
1195,120.6471581,31.41249558,-70.46554565,7.513817787,0,0,0,0,0,0,1,1,1,2,107724659,2,3952,2517682000,0
1196,120.6471543,31.41249667,-70.39612579,7.552109241,0,0,0,0,0,0,1,1,1,2,107724659,2,3990,2517732000,0
1197,120.6471506,31.41249776,-70.31952667,7.590290546,0,0,0,0,0,0,1,1,1,2,107724659,2,4027,2517782000,0
1198,120.6471468,31.41249893,-70.2381897,7.63474369,0,0,0,0,0,0,1,1,1,2,107724659,2,4066,2517832000,0
1199,120.6471421,31.41250036,-70.14258575,7.67871809,0,0,0,0,0,0,1,1,1,2,107724659,2,4114,2517892000,0
1200,120.6471389,31.41250128,-70.08370972,7.706558228,0,0,0,0,0,0,1,1,1,2,107724659,2,4146,2517932000,0
1201,120.6471342,31.41250279,-70.00192261,7.743208885,0,0,0,0,0,0,1,1,1,2,107724659,2,4194,2517992000,0
1202,120.6471311,31.41250379,-69.94915009,7.758192539,0,0,0,0,0,0,1,1,1,2,107724659,2,4225,2518032000,0
1203,120.6471265,31.41250522,-69.86930847,7.764756203,0,0,0,0,0,0,1,1,1,2,107724659,2,4272,2518092000,0
1204,120.6471234,31.41250622,-69.81598663,7.772945404,0,0,0,0,0,0,1,1,1,2,107724659,2,4303,2518132000,0
1205,120.6471189,31.41250773,-69.73475647,7.794263363,0,0,0,0,0,0,1,1,1,2,107724659,2,4350,2518192000,0
1206,120.6471158,31.41250866,-69.67671204,7.817804813,0,0,0,0,0,0,1,1,1,2,107724659,2,4381,2518232000,0
1207,120.6471113,31.41251008,-69.57241821,7.849556446,0,0,0,0,0,0,1,1,1,2,107724659,2,4427,2518292000,0
1208,120.6471083,31.412511,-69.48841095,7.87088871,0,0,0,0,0,0,1,1,1,2,107724659,2,4457,2518332000,0
1209,120.6471038,31.41251243,-69.34411621,7.893575668,0,0,0,0,0,0,1,1,1,2,107724659,2,4503,2518394000,0
1210,120.6471009,31.41251335,-69.24900818,7.907596588,0,0,0,0,0,0,1,1,1,2,107724659,2,4532,2518432000,0
1211,120.6470965,31.41251469,-69.09921265,7.928816319,0,0,0,0,0,0,1,1,1,2,107724659,2,4577,2518492000,0
1212,120.6470934,31.4125157,-68.9988327,7.943236828,0,0,0,0,0,0,1,1,1,2,107724659,2,4609,2518532000,0
1213,120.6470887,31.41251712,-68.84072113,7.968294144,0,0,0,0,0,0,1,1,1,2,107724659,2,4656,2518592000,0
1214,120.6470854,31.41251821,-68.72801208,7.982890129,0,0,0,0,0,0,1,1,1,2,107724659,2,4690,2518633000,0
1215,120.6470805,31.41251972,-68.57102966,8.003493309,0,0,0,0,0,0,1,1,1,2,107724659,2,4738,2518692000,0
1216,120.6470772,31.41252081,-68.46541595,8.017558098,0,0,0,0,0,0,1,1,1,2,107724659,2,4773,2518733000,0
1217,120.647073,31.41252223,-68.34506989,8.035955429,0,0,0,0,0,0,1,1,1,2,107724659,2,4816,2518782000,0
1218,120.6470686,31.41252374,-68.22075653,8.061014175,0,0,0,0,0,0,1,1,1,2,107724659,2,4860,2518834000,0
1219,120.6470637,31.41252542,-68.08839417,8.083098412,0,0,0,0,0,0,1,1,1,2,107724665,2,4911,2518892000,0
1220,120.6470606,31.41252651,-68.00160217,8.096655846,0,0,0,0,0,0,1,1,1,2,107724665,2,4943,2518932000,0
1221,120.647056,31.41252802,-67.872612,8.116409302,0,0,0,0,0,0,1,1,1,2,107724665,2,4990,2518992000,0
1222,120.6470521,31.41252936,-67.76877594,8.130667686,0,0,0,0,0,0,1,1,1,2,107724665,2,5030,2519042000,0
1223,120.6470481,31.4125307,-67.66281128,8.147328377,0,0,0,0,0,0,1,1,1,2,107724665,2,5071,2519094000,0
1224,120.6470451,31.41253179,-67.58429718,8.157372475,0,0,0,0,0,0,1,1,1,2,107724665,2,5102,2519132000,0
1225,120.6470404,31.41253338,-67.46252441,8.173553467,0,0,0,0,0,0,1,1,1,2,107724665,2,5150,2519192000,0
1226,120.6470365,31.41253481,-67.36433411,8.187960625,0,0,0,0,0,0,1,1,1,2,107724665,2,5191,2519242000,0
1227,120.6470323,31.41253623,-67.25953674,8.201931,0,0,0,0,0,0,1,1,1,2,107724665,2,5233,2519294000,0
1228,120.6470284,31.41253757,-67.15833282,8.21697998,0,0,0,0,0,0,1,1,1,2,107724665,2,5273,2519342000,0
1229,120.6470244,31.41253891,-67.04866791,8.23004055,0,0,0,0,0,0,1,1,1,2,107724665,2,5314,2519392000,0
1230,120.6470205,31.41254034,-66.94121552,8.241436958,0,0,0,0,0,0,1,1,1,2,107724665,2,5355,2519442000,0
1231,120.6470166,31.41254176,-66.83233643,8.252479553,0,0,0,0,0,0,1,1,1,2,107724665,2,5395,2519492000,0
1232,120.6470127,31.41254319,-66.72200775,8.264986992,0,0,0,0,0,0,1,1,1,2,107724665,2,5435,2519542000,0
1233,120.6470088,31.41254461,-66.6080246,8.277578354,0,0,0,0,0,0,1,1,1,2,107724665,2,5475,2519592000,0
1234,120.6470049,31.41254604,-66.49339294,8.288525581,0,0,0,0,0,0,1,1,1,2,107724665,2,5516,2519642000,0
1235,120.6470006,31.41254763,-66.37334442,8.300614357,0,0,0,0,0,0,1,1,1,2,107724665,2,5560,2519694000,0
1236,120.6469992,31.41254822,-66.33280945,8.30563736,0,0,0,0,0,0,1,1,1,2,107724665,2,5575,2519712000,0
1237,120.6469992,31.41254822,-66.33280945,8.30563736,0,0,0,0,0,0,1,1,1,2,107724665,2,5575,2519712000,0
1238,120.6469992,31.41254822,-66.33280945,8.30563736,0,0,0,0,0,0,1,1,1,2,107724665,2,5575,2519712000,0
1239,120.6469992,31.41254822,-66.33280945,8.30563736,0,0,0,0,0,0,1,1,1,2,107724665,2,5575,2519712000,0
1240,120.6469992,31.41254822,-66.33280945,8.30563736,0,0,0,0,0,0,2,0,0,0,107724665,2,0,2519712000,0
1241,120.6469992,31.41254822,-66.33280945,8.30563736,0,0,0,0,0,0,2,0,0,0,107724665,2,0,2519712000,0
1242,120.6469992,31.41254822,-66.33280945,8.30563736,0,0,0,0,0,0,2,0,0,0,107724665,2,0,2519712000,0
1243,120.6469992,31.41254822,-66.33280945,8.30563736,0,0,0,0,0,0,2,0,0,0,107724665,2,0,2519712000,0
1244,120.6469992,31.41254822,-66.33280945,8.30563736,0,0,0,0,0,0,2,0,0,0,107724665,2,0,2519712000,0
1245,120.6469992,31.41254822,-66.33280945,8.30563736,0,0,0,0,0,0,2,0,0,0,107724665,2,0,2519712000,0
1246,120.6469992,31.41254822,-66.33280945,8.30563736,0,0,0,0,0,0,2,0,0,0,107724665,2,0,2519712000,0
1247,120.6469992,31.41254822,-66.33280945,8.30563736,0,0,0,0,0,0,2,0,0,0,107724665,2,0,2519712000,0
1248,120.6469992,31.41254822,-66.33280945,8.30563736,0,0,0,0,0,0,2,0,0,0,107724665,2,0,2519712000,0
1249,120.6469992,31.41254822,-66.33280945,8.30563736,0,0,0,0,0,0,2,0,0,0,107724665,2,0,2519712000,0
1250,120.6469992,31.41254822,-66.33280945,8.30563736,0,0,0,0,0,0,2,0,0,0,107724665,2,0,2519712000,0
1251,120.6469992,31.41254822,-66.33280945,8.30563736,0,0,0,0,0,0,2,0,0,0,107724665,2,0,2519712000,0
1252,120.6469992,31.41254822,-66.33280945,8.30563736,0,0,0,0,0,0,2,0,0,0,107724665,2,0,2519712000,0
1253,120.6469992,31.41254822,-66.33280945,8.30563736,0,0,0,0,0,0,2,0,0,0,107724665,2,0,2519712000,0
1254,120.6469992,31.41254822,-66.33280945,8.30563736,0,0,0,0,0,0,2,0,0,0,107724665,2,0,2519712000,0
1255,120.6469992,31.41254822,-66.33280945,8.30563736,0,0,0,0,0,0,2,0,0,0,107724665,2,0,2519712000,0
1256,120.6469992,31.41254822,-66.33280945,8.30563736,0,0,0,0,0,0,2,0,0,0,107724665,2,0,2519712000,0
1257,120.6469992,31.41254822,-66.33280945,8.30563736,0,0,0,0,0,0,2,0,0,0,107724665,2,0,2519712000,0
1258,120.6469992,31.41254822,-66.33280945,8.30563736,0,0,0,0,0,0,2,0,0,0,107724665,2,0,2519712000,0
1259,120.6469992,31.41254822,-66.33280945,8.30563736,0,0,0,0,0,0,2,0,0,0,107724665,2,0,2519712000,0
1260,120.6469992,31.41254822,-66.33280945,8.30563736,0,0,0,0,0,0,2,0,0,0,107724665,2,0,2519712000,0
1261,120.6469992,31.41254822,-66.33280945,8.30563736,0,0,0,0,0,0,2,0,0,0,107724665,2,0,2519712000,0
1262,120.6469992,31.41254822,-66.33280945,8.30563736,0,0,0,0,0,0,2,0,0,0,107724665,2,0,2519712000,0
1263,120.6469992,31.41254822,-66.33280945,8.30563736,0,0,0,0,0,0,2,0,0,0,107724665,2,0,2519712000,0
1264,120.6469992,31.41254822,-66.33280945,8.30563736,0,0,0,0,0,0,2,0,0,0,107724665,2,0,2519712000,0
1265,120.6469992,31.41254822,-66.33280945,8.30563736,0,0,0,0,0,0,2,0,0,0,107724665,2,0,2519712000,0
1266,120.6469992,31.41254822,-66.33280945,8.30563736,0,0,0,0,0,0,2,0,0,0,107724665,2,0,2519712000,0
1267,120.6469992,31.41254822,-66.33280945,8.30563736,0,0,0,0,0,0,2,0,0,0,107724665,2,0,2519712000,0
1268,120.6469992,31.41254822,-66.33280945,8.30563736,0,0,0,0,0,0,2,0,0,0,107724665,2,0,2519712000,0
1269,120.6469992,31.41254822,-66.33280945,8.30563736,0,0,0,0,0,0,2,0,0,0,107724665,2,0,2519712000,0
1270,120.6469992,31.41254822,-66.33280945,8.30563736,0,0,0,0,0,0,2,0,0,0,107724665,2,0,2519712000,0
1271,120.6469992,31.41254822,-66.33280945,8.30563736,0,0,0,0,0,0,2,0,0,0,107724665,2,0,2519712000,0
1272,120.6469992,31.41254822,-66.33280945,8.30563736,0,0,0,0,0,0,2,0,0,0,107724665,2,0,2519712000,0
1273,120.6469992,31.41254822,-66.33280945,8.30563736,0,0,0,0,0,0,2,0,0,0,107724665,2,0,2519712000,0
1274,120.6469992,31.41254822,-66.33280945,8.30563736,0,0,0,0,0,0,2,0,0,0,107724665,2,0,2519712000,0
1275,120.6469992,31.41254822,-66.33280945,8.30563736,0,0,0,0,0,0,2,0,0,0,107724665,2,0,2519712000,0
1276,120.6469992,31.41254822,-66.33280945,8.30563736,0,0,0,0,0,0,2,0,0,0,107724665,2,0,2519712000,0
1277,120.6469992,31.41254822,-66.33280945,8.30563736,0,0,0,0,0,0,2,0,0,0,107724665,2,0,2519712000,0
1278,120.6469992,31.41254822,-66.33280945,8.30563736,0,0,0,0,0,0,2,0,0,0,107724665,2,0,2519712000,0
1279,120.6469992,31.41254822,-66.33280945,8.30563736,0,0,0,0,0,0,2,0,0,0,107724665,2,0,2519712000,0
1280,120.6469992,31.41254822,-66.33280945,8.30563736,0,0,0,0,0,0,2,0,0,0,107724665,2,0,2519712000,0
1281,120.6469992,31.41254822,-66.33280945,8.30563736,0,0,0,0,0,0,2,0,0,0,107724665,2,0,2519712000,0
1282,120.6469992,31.41254822,-66.33280945,8.30563736,0,0,0,0,0,0,2,0,0,0,107724665,2,0,2519712000,0
1283,120.6469992,31.41254822,-66.33280945,8.30563736,0,0,0,0,0,0,2,0,0,0,107724665,2,0,2519712000,0
1284,120.6469992,31.41254822,-66.33280945,8.30563736,0,0,0,0,0,0,2,0,0,0,107724665,2,0,2519712000,0
1285,120.6469992,31.41254822,-66.33280945,8.30563736,0,0,0,0,0,0,2,0,0,0,107724665,2,0,2519712000,0
1286,120.6469992,31.41254822,-66.33280945,8.30563736,0,0,0,0,0,0,2,0,0,0,107724665,2,0,2519712000,0
1287,120.6469992,31.41254822,-66.33280945,8.30563736,0,0,0,0,0,0,2,0,0,0,107724665,2,0,2519712000,0
1288,120.6469992,31.41254822,-66.33280945,8.30563736,0,0,0,0,0,0,2,0,0,0,107724665,2,0,2519712000,0
1289,120.6469992,31.41254822,-66.33280945,8.30563736,0,0,0,0,0,0,2,0,0,0,107724665,2,0,2519712000,0
1290,120.6469992,31.41254822,-66.33280945,8.30563736,0,0,0,0,0,0,2,0,0,0,107724665,2,0,2519712000,0
1291,120.6469992,31.41254822,-66.33280945,8.30563736,0,0,0,0,0,0,2,0,0,0,107724665,2,0,2519712000,0
1292,120.6469992,31.41254822,-66.33280945,8.30563736,0,0,0,0,0,0,2,0,0,0,107724665,2,0,2519712000,0
1293,120.6469992,31.41254822,-66.33280945,8.30563736,0,0,0,0,0,0,2,0,0,0,107724665,2,0,2519712000,0
1294,120.6469992,31.41254822,-66.33280945,8.30563736,0,0,0,0,0,0,2,0,0,0,107724665,2,0,2519712000,0
1295,120.6469992,31.41254822,-66.33280945,8.30563736,0,0,0,0,0,0,2,0,0,0,107724665,2,0,2519712000,0
1296,120.6469992,31.41254822,-66.33280945,8.30563736,0,0,0,0,0,0,2,0,0,0,107724665,2,0,2519712000,0
1297,120.6469992,31.41254822,-66.33280945,8.30563736,0,0,0,0,0,0,2,0,0,0,107724665,2,0,2519712000,0
1298,120.6469992,31.41254822,-66.33280945,8.30563736,0,0,0,0,0,0,2,0,0,0,107724665,2,0,2519712000,0
1299,120.6469992,31.41254822,-66.33280945,8.30563736,0,0,0,0,0,0,2,0,0,0,107724665,2,0,2519712000,0
1300,120.6469992,31.41254822,-66.33280945,8.30563736,0,0,0,0,0,0,2,0,0,0,107724665,2,0,2519712000,0
1301,120.6469992,31.41254822,-66.33280945,8.30563736,0,0,0,0,0,0,2,0,0,0,107724665,2,0,2519712000,0
1302,120.6469992,31.41254822,-66.33280945,8.30563736,0,0,0,0,0,0,2,0,0,0,107724665,2,0,2519712000,0
1303,120.6469992,31.41254822,-66.33280945,8.30563736,0,0,0,0,0,0,2,0,0,0,107724665,2,0,2519712000,0
1304,120.6469992,31.41254822,-66.33280945,8.30563736,0,0,0,0,0,0,2,0,0,0,107724665,2,0,2519712000,0
1305,120.6469992,31.41254822,-66.33280945,8.30563736,0,0,0,0,0,0,2,0,0,0,107724665,2,0,2519712000,0
1306,120.6469992,31.41254822,-66.33280945,8.30563736,0,0,0,0,0,0,2,0,0,0,107724665,2,0,2519712000,0
1307,120.6469992,31.41254822,-66.33280945,8.30563736,0,0,0,0,0,0,2,0,0,0,107724665,2,0,2519712000,0
1308,120.6469992,31.41254822,-66.33280945,8.30563736,0,0,0,0,0,0,2,0,0,0,107724665,2,0,2519712000,0
1309,120.6469992,31.41254822,-66.33280945,8.30563736,0,0,0,0,0,0,2,0,0,0,107724665,2,0,2519712000,0
1310,120.6469992,31.41254822,-66.33280945,8.30563736,0,0,0,0,0,0,2,0,0,0,107724665,2,0,2519712000,0
1311,120.6469992,31.41254822,-66.33280945,8.30563736,0,0,0,0,0,0,2,0,0,0,107724665,2,0,2519712000,0
1312,120.6469992,31.41254822,-66.33280945,8.30563736,0,0,0,0,0,0,2,0,0,0,107724665,2,0,2519712000,0
1313,120.6469992,31.41254822,-66.33280945,8.30563736,0,0,0,0,0,0,2,0,0,0,107724665,2,0,2519712000,0
1314,120.6469992,31.41254822,-66.33280945,8.30563736,0,0,0,0,0,0,2,0,0,0,107724665,2,0,2519712000,0
1315,120.6469992,31.41254822,-66.33280945,8.30563736,0,0,0,0,0,0,2,0,0,0,107724665,2,0,2519712000,0
1316,120.6469992,31.41254822,-66.33280945,8.30563736,0,0,0,0,0,0,2,0,0,0,107724665,2,0,2519712000,0
1317,120.6469992,31.41254822,-66.33280945,8.30563736,0,0,0,0,0,0,2,0,0,0,107724665,2,0,2519712000,0
1318,120.6469992,31.41254822,-66.33280945,8.30563736,0,0,0,0,0,0,2,0,0,0,107724665,2,0,2519712000,0
1319,120.6469992,31.41254822,-66.33280945,8.30563736,0,0,0,0,0,0,2,0,0,0,107724665,2,0,2519712000,0
1320,120.6469992,31.41254822,-66.33280945,8.30563736,0,0,0,0,0,0,2,0,0,0,107724665,2,0,2519712000,0
1321,120.6469992,31.41254822,-66.33280945,8.30563736,0,0,0,0,0,0,2,0,0,0,107724665,2,0,2519712000,0
1322,120.6469992,31.41254822,-66.33280945,8.30563736,0,0,0,0,0,0,2,0,0,0,107724665,2,0,2519712000,0
1323,120.6469992,31.41254822,-66.33280945,8.30563736,0,0,0,0,0,0,2,0,0,0,107724665,2,0,2519712000,0
1324,120.6469992,31.41254822,-66.33280945,8.30563736,0,0,0,0,0,0,2,0,0,0,107724665,2,0,2519712000,0
1325,120.6469992,31.41254822,-66.33280945,8.30563736,0,0,0,0,0,0,2,0,0,0,107724665,2,0,2519712000,0
1326,120.6469992,31.41254822,-66.33280945,8.30563736,0,0,0,0,0,0,2,0,0,0,107724665,2,0,2519712000,0
1327,120.6469992,31.41254822,-66.33280945,8.30563736,0,0,0,0,0,0,2,0,0,0,107724665,2,0,2519712000,0
1328,120.6469992,31.41254822,-66.33280945,8.30563736,0,0,0,0,0,0,2,0,0,0,107724665,2,0,2519712000,0
1329,120.6469992,31.41254822,-66.33280945,8.30563736,0,0,0,0,0,0,2,0,0,0,107724665,2,0,2519712000,0
1330,120.6469992,31.41254822,-66.33280945,8.30563736,0,0,0,0,0,0,2,0,0,0,107724665,2,0,2519712000,0
1331,120.6469992,31.41254822,-66.33280945,8.30563736,0,0,0,0,0,0,2,0,0,0,107724665,2,0,2519712000,0
1332,120.6469992,31.41254822,-66.33280945,8.30563736,0,0,0,0,0,0,2,0,0,0,107724665,2,0,2519712000,0
1333,120.6469992,31.41254822,-66.33280945,8.30563736,0,0,0,0,0,0,2,0,0,0,107724665,2,0,2519712000,0
1334,120.6469992,31.41254822,-66.33280945,8.30563736,0,0,0,0,0,0,2,0,0,0,107724665,2,0,2519712000,0
1335,120.6469992,31.41254822,-66.33280945,8.30563736,0,0,0,0,0,0,2,0,0,0,107724665,2,0,2519712000,0
1336,120.6469992,31.41254822,-66.33280945,8.30563736,0,0,0,0,0,0,2,0,0,0,107724665,2,0,2519712000,0
1337,120.6469992,31.41254822,-66.33280945,8.30563736,0,0,0,0,0,0,2,0,0,0,107724665,2,0,2519712000,0
1338,120.6469992,31.41254822,-66.33280945,8.30563736,0,0,0,0,0,0,2,0,0,0,107724665,2,0,2519712000,0
1339,120.6469992,31.41254822,-66.33280945,8.30563736,0,0,0,0,0,0,2,0,0,0,107724665,2,0,2519712000,0
1340,120.6469992,31.41254822,-66.33280945,8.30563736,0,0,0,0,0,0,2,0,0,0,107724665,2,0,2519712000,0
1341,120.6469992,31.41254822,-66.33280945,8.30563736,0,0,0,0,0,0,2,0,0,0,107724665,2,0,2519712000,0
1342,120.6469992,31.41254822,-66.33280945,8.30563736,0,0,0,0,0,0,2,0,0,0,107724665,2,0,2519712000,0
1343,120.6469992,31.41254822,-66.33280945,8.30563736,0,0,0,0,0,0,2,0,0,0,107724665,2,0,2519712000,0
1344,120.6469992,31.41254822,-66.33280945,8.30563736,0,0,0,0,0,0,2,0,0,0,107724665,2,0,2519712000,0
1345,120.6469992,31.41254822,-66.33280945,8.30563736,0,0,0,0,0,0,2,0,0,0,107724665,2,0,2519712000,0
1346,120.6469992,31.41254822,-66.33280945,8.30563736,0,0,0,0,0,0,2,0,0,0,107724665,2,0,2519712000,0
1347,120.6469992,31.41254822,-66.33280945,8.30563736,0,0,0,0,0,0,2,0,0,0,107724665,2,0,2519712000,0
1348,120.6469992,31.41254822,-66.33280945,8.30563736,0,0,0,0,0,0,2,0,0,0,107724665,2,0,2519712000,0
1349,120.6469992,31.41254822,-66.33280945,8.30563736,0,0,0,0,0,0,2,0,0,0,107724665,2,0,2519712000,0
1350,120.6469992,31.41254822,-66.33280945,8.30563736,0,0,0,0,0,0,2,0,0,0,107724665,2,0,2519712000,0
1351,120.6469992,31.41254822,-66.33280945,8.30563736,0,0,0,0,0,0,2,0,0,0,107724665,2,0,2519712000,0
1352,120.6469992,31.41254822,-66.33280945,8.30563736,0,0,0,0,0,0,2,0,0,0,107724665,2,0,2519712000,0
1353,120.6469992,31.41254822,-66.33280945,8.30563736,0,0,0,0,0,0,2,0,0,0,107724665,2,0,2519712000,0
1354,120.6469992,31.41254822,-66.33280945,8.30563736,0,0,0,0,0,0,2,0,0,0,107724665,2,0,2519712000,0
1355,120.6469992,31.41254822,-66.33280945,8.30563736,0,0,0,0,0,0,2,0,0,0,107724665,2,0,2519712000,0
1356,120.6469992,31.41254822,-66.33280945,8.30563736,0,0,0,0,0,0,2,0,0,0,107724665,2,0,2519712000,0
1357,120.6469992,31.41254822,-66.33280945,8.30563736,0,0,0,0,0,0,2,0,0,0,107724665,2,0,2519712000,0
1358,120.6469992,31.41254822,-66.33280945,8.30563736,0,0,0,0,0,0,2,0,0,0,107724665,2,0,2519712000,0
1359,120.6469992,31.41254822,-66.33280945,8.30563736,0,0,0,0,0,0,2,0,0,0,107724665,2,0,2519712000,0
1360,120.6469992,31.41254822,-66.33280945,8.30563736,0,0,0,0,0,0,2,0,0,0,107724665,2,0,2519712000,0
1361,120.6469992,31.41254822,-66.33280945,8.30563736,0,0,0,0,0,0,2,0,0,0,107724665,2,0,2519712000,0
1362,120.6469992,31.41254822,-66.33280945,8.30563736,0,0,0,0,0,0,2,0,0,0,107724665,2,0,2519712000,0
1363,120.6469992,31.41254822,-66.33280945,8.30563736,0,0,0,0,0,0,2,0,0,0,107724665,2,0,2519712000,0
1364,120.6469992,31.41254822,-66.33280945,8.30563736,0,0,0,0,0,0,2,0,0,0,107724665,2,0,2519712000,0
1365,120.6469992,31.41254822,-66.33280945,8.30563736,0,0,0,0,0,0,2,0,0,0,107724665,2,0,2519712000,0
1366,120.6469992,31.41254822,-66.33280945,8.30563736,0,0,0,0,0,0,2,0,0,0,107724665,2,0,2519712000,0
1367,120.6469992,31.41254822,-66.33280945,8.30563736,0,0,0,0,0,0,2,0,0,0,107724665,2,0,2519712000,0
1368,120.6469992,31.41254822,-66.33280945,8.30563736,0,0,0,0,0,0,2,0,0,0,107724665,2,0,2519712000,0
1369,120.6469992,31.41254822,-66.33280945,8.30563736,0,0,0,0,0,0,2,0,0,0,107724665,2,0,2519712000,0
1370,120.6469992,31.41254822,-66.33280945,8.30563736,0,0,0,0,0,0,2,0,0,0,107724665,2,0,2519712000,0
1371,120.6469992,31.41254822,-66.33280945,8.30563736,0,0,0,0,0,0,2,0,0,0,107724665,2,0,2519712000,0
1372,120.6469992,31.41254822,-66.33280945,8.30563736,0,0,0,0,0,0,2,0,0,0,107724665,2,0,2519712000,0
1373,120.6469992,31.41254822,-66.33280945,8.30563736,0,0,0,0,0,0,2,0,0,0,107724665,2,0,2519712000,0
1374,120.6469992,31.41254822,-66.33280945,8.30563736,0,0,0,0,0,0,2,0,0,0,107724665,2,0,2519712000,0
1375,120.6469992,31.41254822,-66.33280945,8.30563736,0,0,0,0,0,0,2,0,0,0,107724665,2,0,2519712000,0
1376,120.6469992,31.41254822,-66.33280945,8.30563736,0,0,0,0,0,0,2,0,0,0,107724665,2,0,2519712000,0
1377,120.6469992,31.41254822,-66.33280945,8.30563736,0,0,0,0,0,0,2,0,0,0,107724665,2,0,2519712000,0
1378,120.6469992,31.41254822,-66.33280945,8.30563736,0,0,0,0,0,0,2,0,0,0,107724665,2,0,2519712000,0
1379,120.6469992,31.41254822,-66.33280945,8.30563736,0,0,0,0,0,0,2,0,0,0,107724665,2,0,2519712000,0
1380,120.6469992,31.41254822,-66.33280945,8.30563736,0,0,0,0,0,0,2,0,0,0,107724665,2,0,2519712000,0
1381,120.6469992,31.41254822,-66.33280945,8.30563736,0,0,0,0,0,0,2,0,0,0,107724665,2,0,2519712000,0
1382,120.6469992,31.41254822,-66.33280945,8.30563736,0,0,0,0,0,0,2,0,0,0,107724665,2,0,2519712000,0
1383,120.6469992,31.41254822,-66.33280945,8.30563736,0,0,0,0,0,0,2,0,0,0,107724665,2,0,2519712000,0
1384,120.6469992,31.41254822,-66.33280945,8.30563736,0,0,0,0,0,0,2,0,0,0,107724665,2,0,2519712000,0
1385,120.6469992,31.41254822,-66.33280945,8.30563736,0,0,0,0,0,0,2,0,0,0,107724665,2,0,2519712000,0
1386,120.6469992,31.41254822,-66.33280945,8.30563736,0,0,0,0,0,0,2,0,0,0,107724665,2,0,2519712000,0
1387,120.6469992,31.41254822,-66.33280945,8.30563736,0,0,0,0,0,0,2,0,0,0,107724665,2,0,2519712000,0
1388,120.6469992,31.41254822,-66.33280945,8.30563736,0,0,0,0,0,0,2,0,0,0,107724665,2,0,2519712000,0
1389,120.6469992,31.41254822,-66.33280945,8.30563736,0,0,0,0,0,0,2,0,0,0,107724665,2,0,2519712000,0
1390,120.6469992,31.41254822,-66.33280945,8.30563736,0,0,0,0,0,0,2,0,0,0,107724665,2,0,2519712000,0
1391,120.6469992,31.41254822,-66.33280945,8.30563736,0,0,0,0,0,0,2,0,0,0,107724665,2,0,2519712000,0
1392,120.6469992,31.41254822,-66.33280945,8.30563736,0,0,0,0,0,0,2,0,0,0,107724665,2,0,2519712000,0
1393,120.6469992,31.41254822,-66.33280945,8.30563736,0,0,0,0,0,0,2,0,0,0,107724665,2,0,2519712000,0
1394,120.6469992,31.41254822,-66.33280945,8.30563736,0,0,0,0,0,0,2,0,0,0,107724665,2,0,2519712000,0
1395,120.6469992,31.41254822,-66.33280945,8.30563736,0,0,0,0,0,0,2,0,0,0,107724665,2,0,2519712000,0
1396,120.6469992,31.41254822,-66.33280945,8.30563736,0,0,0,0,0,0,2,0,0,0,107724665,2,0,2519712000,0
1397,120.6469992,31.41254822,-66.33280945,8.30563736,0,0,0,0,0,0,2,0,0,0,107724665,2,0,2519712000,0
1398,120.6469992,31.41254822,-66.33280945,8.30563736,0,0,0,0,0,0,2,0,0,0,107724665,2,0,2519712000,0
1399,120.6469992,31.41254822,-66.33280945,8.30563736,0,0,0,0,0,0,2,0,0,0,107724665,2,0,2519712000,0
1400,120.6469992,31.41254822,-66.33280945,8.30563736,0,0,0,0,0,0,2,0,0,0,107724665,2,0,2519712000,0
1401,120.6469992,31.41254822,-66.33280945,8.30563736,0,0,0,0,0,0,2,0,0,0,107724665,2,0,2519712000,0
1402,120.6469992,31.41254822,-66.33280945,8.30563736,0,0,0,0,0,0,2,0,0,0,107724665,2,0,2519712000,0
1403,120.6469992,31.41254822,-66.33280945,8.30563736,0,0,0,0,0,0,2,0,0,0,107724665,2,0,2519712000,0
1404,120.6469992,31.41254822,-66.33280945,8.30563736,0,0,0,0,0,0,2,0,0,0,107724665,2,0,2519712000,0
1405,120.6469992,31.41254822,-66.33280945,8.30563736,0,0,0,0,0,0,2,0,0,0,107724665,2,0,2519712000,0
1406,120.6469992,31.41254822,-66.33280945,8.30563736,0,0,0,0,0,0,2,0,0,0,107724665,2,0,2519712000,0
1407,120.6469992,31.41254822,-66.33280945,8.30563736,0,0,0,0,0,0,2,0,0,0,107724665,2,0,2519712000,0
1408,120.6469992,31.41254822,-66.33280945,8.30563736,0,0,0,0,0,0,2,0,0,0,107724665,2,0,2519712000,0
1409,120.6469992,31.41254822,-66.33280945,8.30563736,0,0,0,0,0,0,2,0,0,0,107724665,2,0,2519712000,0
1410,120.6469992,31.41254822,-66.33280945,8.30563736,0,0,0,0,0,0,2,0,0,0,107724665,2,0,2519712000,0
1411,120.6469992,31.41254822,-66.33280945,8.30563736,0,0,0,0,0,0,2,0,0,0,107724665,2,0,2519712000,0
1412,120.6469992,31.41254822,-66.33280945,8.30563736,0,0,0,0,0,0,2,0,0,0,107724665,2,0,2519712000,0
1413,120.6469992,31.41254822,-66.33280945,8.30563736,0,0,0,0,0,0,2,0,0,0,107724665,2,0,2519712000,0
1414,120.6469992,31.41254822,-66.33280945,8.30563736,0,0,0,0,0,0,2,0,0,0,107724665,2,0,2519712000,0
1415,120.6469992,31.41254822,-66.33280945,8.30563736,0,0,0,0,0,0,2,0,0,0,107724665,2,0,2519712000,0
1416,120.6469992,31.41254822,-66.33280945,8.30563736,0,0,0,0,0,0,2,0,0,0,107724665,2,0,2519712000,0
1417,120.6469992,31.41254822,-66.33280945,8.30563736,0,0,0,0,0,0,2,0,0,0,107724665,2,0,2519712000,0
1418,120.6469992,31.41254822,-66.33280945,8.30563736,0,0,0,0,0,0,2,0,0,0,107724665,2,0,2519712000,0
1419,120.6469992,31.41254822,-66.33280945,8.30563736,0,0,0,0,0,0,2,0,0,0,107724665,2,0,2519712000,0
1420,120.6469992,31.41254822,-66.33280945,8.30563736,0,0,0,0,0,0,2,0,0,0,107724665,2,0,2519712000,0
1421,120.6469992,31.41254822,-66.33280945,8.30563736,0,0,0,0,0,0,2,0,0,0,107724665,2,0,2519712000,0
1422,120.6469992,31.41254822,-66.33280945,8.30563736,0,0,0,0,0,0,2,0,0,0,107724665,2,0,2519712000,0
1423,120.6469992,31.41254822,-66.33280945,8.30563736,0,0,0,0,0,0,2,0,0,0,107724665,2,0,2519712000,0
1424,120.6469992,31.41254822,-66.33280945,8.30563736,0,0,0,0,0,0,2,0,0,0,107724665,2,0,2519712000,0
1425,120.6469992,31.41254822,-66.33280945,8.30563736,0,0,0,0,0,0,2,0,0,0,107724665,2,0,2519712000,0
1426,120.6469992,31.41254822,-66.33280945,8.30563736,0,0,0,0,0,0,2,0,0,0,107724665,2,0,2519712000,0
1427,120.6469992,31.41254822,-66.33280945,8.30563736,0,0,0,0,0,0,2,0,0,0,107724665,2,0,2519712000,0
1428,120.6469992,31.41254822,-66.33280945,8.30563736,0,0,0,0,0,0,2,0,0,0,107724665,2,0,2519712000,0
1429,120.6469992,31.41254822,-66.33280945,8.30563736,0,0,0,0,0,0,2,0,0,0,107724665,2,0,2519712000,0
1430,120.6469992,31.41254822,-66.33280945,8.30563736,0,0,0,0,0,0,2,0,0,0,107724665,2,0,2519712000,0
1431,120.6469992,31.41254822,-66.33280945,8.30563736,0,0,0,0,0,0,2,0,0,0,107724665,2,0,2519712000,0
1432,120.6469992,31.41254822,-66.33280945,8.30563736,0,0,0,0,0,0,2,0,0,0,107724665,2,0,2519712000,0
1433,120.6469992,31.41254822,-66.33280945,8.30563736,0,0,0,0,0,0,2,0,0,0,107724665,2,0,2519712000,0
1434,120.6469992,31.41254822,-66.33280945,8.30563736,0,0,0,0,0,0,2,0,0,0,107724665,2,0,2519712000,0
1435,120.6469992,31.41254822,-66.33280945,8.30563736,0,0,0,0,0,0,2,0,0,0,107724665,2,0,2519712000,0
1436,120.6469992,31.41254822,-66.33280945,8.30563736,0,0,0,0,0,0,2,0,0,0,107724665,2,0,2519712000,0
1437,120.6469992,31.41254822,-66.33280945,8.30563736,0,0,0,0,0,0,2,0,0,0,107724665,2,0,2519712000,0
1438,120.6469992,31.41254822,-66.33280945,8.30563736,0,0,0,0,0,0,2,0,0,0,107724665,2,0,2519712000,0
1439,120.6469992,31.41254822,-66.33280945,8.30563736,0,0,0,0,0,0,2,0,0,0,107724665,2,0,2519712000,0
1440,120.6469992,31.41254822,-66.33280945,8.30563736,0,0,0,0,0,0,2,0,0,0,107724665,2,0,2519712000,0
1441,120.6469992,31.41254822,-66.33280945,8.30563736,0,0,0,0,0,0,2,0,0,0,107724665,2,0,2519712000,0
1442,120.6469992,31.41254822,-66.33280945,8.30563736,0,0,0,0,0,0,2,0,0,0,107724665,2,0,2519712000,0
1443,120.6469992,31.41254822,-66.33280945,8.30563736,0,0,0,0,0,0,2,0,0,0,107724665,2,0,2519712000,0
1444,120.6469992,31.41254822,-66.33280945,8.30563736,0,0,0,0,0,0,2,0,0,0,107724665,2,0,2519712000,0
1445,120.6469992,31.41254822,-66.33280945,8.30563736,0,0,0,0,0,0,2,0,0,0,107724665,2,0,2519712000,0
1446,120.6469992,31.41254822,-66.33280945,8.30563736,0,0,0,0,0,0,2,0,0,0,107724665,2,0,2519712000,0
1447,120.6469992,31.41254822,-66.33280945,8.30563736,0,0,0,0,0,0,2,0,0,0,107724665,2,0,2519712000,0
1448,120.6469992,31.41254822,-66.33280945,8.30563736,0,0,0,0,0,0,2,0,0,0,107724665,2,0,2519712000,0
1449,120.6469992,31.41254822,-66.33280945,8.30563736,0,0,0,0,0,0,2,0,0,0,107724665,2,0,2519712000,0
1450,120.6469992,31.41254822,-66.33280945,8.30563736,0,0,0,0,0,0,2,0,0,0,107724665,2,0,2519712000,0
1451,120.6469992,31.41254822,-66.33280945,8.30563736,0,0,0,0,0,0,2,0,0,0,107724665,2,0,2519712000,0
1452,120.6469992,31.41254822,-66.33280945,8.30563736,0,0,0,0,0,0,2,0,0,0,107724665,2,0,2519712000,0
1453,120.6469992,31.41254822,-66.33280945,8.30563736,0,0,0,0,0,0,2,0,0,0,107724665,2,0,2519712000,0
1454,120.6469992,31.41254822,-66.33280945,8.30563736,0,0,0,0,0,0,2,0,0,0,107724665,2,0,2519712000,0
1455,120.6469992,31.41254822,-66.33280945,8.30563736,0,0,0,0,0,0,2,0,0,0,107724665,2,0,2519712000,0
1456,120.6469992,31.41254822,-66.33280945,8.30563736,0,0,0,0,0,0,2,0,0,0,107724665,2,0,2519712000,0
1457,120.6469992,31.41254822,-66.33280945,8.30563736,0,0,0,0,0,0,2,0,0,0,107724665,2,0,2519712000,0
1458,120.6469992,31.41254822,-66.33280945,8.30563736,0,0,0,0,0,0,2,0,0,0,107724665,2,0,2519712000,0
1459,120.6469992,31.41254822,-66.33280945,8.30563736,0,0,0,0,0,0,2,0,0,0,107724665,2,0,2519712000,0
1460,120.6469992,31.41254822,-66.33280945,8.30563736,0,0,0,0,0,0,2,0,0,0,107724665,2,0,2519712000,0
1461,120.6469992,31.41254822,-66.33280945,8.30563736,0,0,0,0,0,0,2,0,0,0,107724665,2,0,2519712000,0
1462,120.6469992,31.41254822,-66.33280945,8.30563736,0,0,0,0,0,0,2,0,0,0,107724665,2,0,2519712000,0
1463,120.6469992,31.41254822,-66.33280945,8.30563736,0,0,0,0,0,0,2,0,0,0,107724665,2,0,2519712000,0
1464,120.6469992,31.41254822,-66.33280945,8.30563736,0,0,0,0,0,0,2,0,0,0,107724665,2,0,2519712000,0
1465,120.6469992,31.41254822,-66.33280945,8.30563736,0,0,0,0,0,0,2,0,0,0,107724665,2,0,2519712000,0
1466,120.6469992,31.41254822,-66.33280945,8.30563736,0,0,0,0,0,0,2,0,0,0,107724665,2,0,2519712000,0
1467,120.6469992,31.41254822,-66.33280945,8.30563736,0,0,0,0,0,0,2,0,0,0,107724665,2,0,2519712000,0
1468,120.6469992,31.41254822,-66.33280945,8.30563736,0,0,0,0,0,0,2,0,0,0,107724665,2,0,2519712000,0
1469,120.6469992,31.41254822,-66.33280945,8.30563736,0,0,0,0,0,0,2,0,0,0,107724665,2,0,2519712000,0
1470,120.6469992,31.41254822,-66.33280945,8.30563736,0,0,0,0,0,0,2,0,0,0,107724665,2,0,2519712000,0
